,Refs_doubleclicrate,Refs_enddistance,Refs_endpupilsize,Refs_endpupilvelocity,Refs_fixationrate,Refs_keypressedrate,Refs_leftclicrate,Refs_longestfixation,Refs_maxdistance,Refs_maxpupilsize,Refs_maxpupilvelocity,Refs_meandistance,Refs_meanfixationduration,Refs_meanpupilsize,Refs_meanpupilvelocity,Refs_mindistance,Refs_minpupilsize,Refs_minpupilvelocity,Refs_numdistancedata,Refs_numdoubleclic,Refs_numevents,Refs_numfixations,Refs_numkeypressed,Refs_numleftclic,Refs_numpupilsizes,Refs_numpupilvelocity,Refs_numrightclic,Refs_numtransfrom_Refs,Refs_numtransfrom_Relevant bars,Refs_numtransfrom_Text,Refs_numtransfrom_Viz,Refs_numtransfrom_labels,Refs_numtransfrom_legend,Refs_proportionnum,Refs_proportiontime,Refs_proptransfrom_Refs,Refs_proptransfrom_Relevant bars,Refs_proptransfrom_Text,Refs_proptransfrom_Viz,Refs_proptransfrom_labels,Refs_proptransfrom_legend,Refs_rightclicrate,Refs_startdistance,Refs_startpupilsize,Refs_startpupilvelocity,Refs_stddevdistance,Refs_stddevfixationduration,Refs_stddevpupilsize,Refs_stddevpupilvelocity,Refs_timetofirstfixation,Refs_timetolastfixation,Refs_total_trans_from,Refs_totaltimespent,Relevant bars_doubleclicrate,Relevant bars_enddistance,Relevant bars_endpupilsize,Relevant bars_endpupilvelocity,Relevant bars_fixationrate,Relevant bars_keypressedrate,Relevant bars_leftclicrate,Relevant bars_longestfixation,Relevant bars_maxdistance,Relevant bars_maxpupilsize,Relevant bars_maxpupilvelocity,Relevant bars_meandistance,Relevant bars_meanfixationduration,Relevant bars_meanpupilsize,Relevant bars_meanpupilvelocity,Relevant bars_mindistance,Relevant bars_minpupilsize,Relevant bars_minpupilvelocity,Relevant bars_numdistancedata,Relevant bars_numdoubleclic,Relevant bars_numevents,Relevant bars_numfixations,Relevant bars_numkeypressed,Relevant bars_numleftclic,Relevant bars_numpupilsizes,Relevant bars_numpupilvelocity,Relevant bars_numrightclic,Relevant bars_numtransfrom_Refs,Relevant bars_numtransfrom_Relevant bars,Relevant bars_numtransfrom_Text,Relevant bars_numtransfrom_Viz,Relevant bars_numtransfrom_labels,Relevant bars_numtransfrom_legend,Relevant bars_proportionnum,Relevant bars_proportiontime,Relevant bars_proptransfrom_Refs,Relevant bars_proptransfrom_Relevant bars,Relevant bars_proptransfrom_Text,Relevant bars_proptransfrom_Viz,Relevant bars_proptransfrom_labels,Relevant bars_proptransfrom_legend,Relevant bars_rightclicrate,Relevant bars_startdistance,Relevant bars_startpupilsize,Relevant bars_startpupilvelocity,Relevant bars_stddevdistance,Relevant bars_stddevfixationduration,Relevant bars_stddevpupilsize,Relevant bars_stddevpupilvelocity,Relevant bars_timetofirstfixation,Relevant bars_timetolastfixation,Relevant bars_total_trans_from,Relevant bars_totaltimespent,Text_doubleclicrate,Text_enddistance,Text_endpupilsize,Text_endpupilvelocity,Text_fixationrate,Text_keypressedrate,Text_leftclicrate,Text_longestfixation,Text_maxdistance,Text_maxpupilsize,Text_maxpupilvelocity,Text_meandistance,Text_meanfixationduration,Text_meanpupilsize,Text_meanpupilvelocity,Text_mindistance,Text_minpupilsize,Text_minpupilvelocity,Text_numdistancedata,Text_numdoubleclic,Text_numevents,Text_numfixations,Text_numkeypressed,Text_numleftclic,Text_numpupilsizes,Text_numpupilvelocity,Text_numrightclic,Text_numtransfrom_Refs,Text_numtransfrom_Relevant bars,Text_numtransfrom_Text,Text_numtransfrom_Viz,Text_numtransfrom_labels,Text_numtransfrom_legend,Text_proportionnum,Text_proportiontime,Text_proptransfrom_Refs,Text_proptransfrom_Relevant bars,Text_proptransfrom_Text,Text_proptransfrom_Viz,Text_proptransfrom_labels,Text_proptransfrom_legend,Text_rightclicrate,Text_startdistance,Text_startpupilsize,Text_startpupilvelocity,Text_stddevdistance,Text_stddevfixationduration,Text_stddevpupilsize,Text_stddevpupilvelocity,Text_timetofirstfixation,Text_timetolastfixation,Text_total_trans_from,Text_totaltimespent,Viz_doubleclicrate,Viz_enddistance,Viz_endpupilsize,Viz_endpupilvelocity,Viz_fixationrate,Viz_keypressedrate,Viz_leftclicrate,Viz_longestfixation,Viz_maxdistance,Viz_maxpupilsize,Viz_maxpupilvelocity,Viz_meandistance,Viz_meanfixationduration,Viz_meanpupilsize,Viz_meanpupilvelocity,Viz_mindistance,Viz_minpupilsize,Viz_minpupilvelocity,Viz_numdistancedata,Viz_numdoubleclic,Viz_numevents,Viz_numfixations,Viz_numkeypressed,Viz_numleftclic,Viz_numpupilsizes,Viz_numpupilvelocity,Viz_numrightclic,Viz_numtransfrom_Refs,Viz_numtransfrom_Relevant bars,Viz_numtransfrom_Text,Viz_numtransfrom_Viz,Viz_numtransfrom_labels,Viz_numtransfrom_legend,Viz_proportionnum,Viz_proportiontime,Viz_proptransfrom_Refs,Viz_proptransfrom_Relevant bars,Viz_proptransfrom_Text,Viz_proptransfrom_Viz,Viz_proptransfrom_labels,Viz_proptransfrom_legend,Viz_rightclicrate,Viz_startdistance,Viz_startpupilsize,Viz_startpupilvelocity,Viz_stddevdistance,Viz_stddevfixationduration,Viz_stddevpupilsize,Viz_stddevpupilvelocity,Viz_timetofirstfixation,Viz_timetolastfixation,Viz_total_trans_from,Viz_totaltimespent,abspathanglesrate,doubleclicrate,enddistance,endpupilsize,endpupilvelocity,eyemovementvelocity,fixationrate,fixationsaccadetimeratio,keypressedrate,labels_doubleclicrate,labels_enddistance,labels_endpupilsize,labels_endpupilvelocity,labels_fixationrate,labels_keypressedrate,labels_leftclicrate,labels_longestfixation,labels_maxdistance,labels_maxpupilsize,labels_maxpupilvelocity,labels_meandistance,labels_meanfixationduration,labels_meanpupilsize,labels_meanpupilvelocity,labels_mindistance,labels_minpupilsize,labels_minpupilvelocity,labels_numdistancedata,labels_numdoubleclic,labels_numevents,labels_numfixations,labels_numkeypressed,labels_numleftclic,labels_numpupilsizes,labels_numpupilvelocity,labels_numrightclic,labels_numtransfrom_Refs,labels_numtransfrom_Relevant bars,labels_numtransfrom_Text,labels_numtransfrom_Viz,labels_numtransfrom_labels,labels_numtransfrom_legend,labels_proportionnum,labels_proportiontime,labels_proptransfrom_Refs,labels_proptransfrom_Relevant bars,labels_proptransfrom_Text,labels_proptransfrom_Viz,labels_proptransfrom_labels,labels_proptransfrom_legend,labels_rightclicrate,labels_startdistance,labels_startpupilsize,labels_startpupilvelocity,labels_stddevdistance,labels_stddevfixationduration,labels_stddevpupilsize,labels_stddevpupilvelocity,labels_timetofirstfixation,labels_timetolastfixation,labels_total_trans_from,labels_totaltimespent,leftclicrate,legend_doubleclicrate,legend_enddistance,legend_endpupilsize,legend_endpupilvelocity,legend_fixationrate,legend_keypressedrate,legend_leftclicrate,legend_longestfixation,legend_maxdistance,legend_maxpupilsize,legend_maxpupilvelocity,legend_meandistance,legend_meanfixationduration,legend_meanpupilsize,legend_meanpupilvelocity,legend_mindistance,legend_minpupilsize,legend_minpupilvelocity,legend_numdistancedata,legend_numdoubleclic,legend_numevents,legend_numfixations,legend_numkeypressed,legend_numleftclic,legend_numpupilsizes,legend_numpupilvelocity,legend_numrightclic,legend_numtransfrom_Refs,legend_numtransfrom_Relevant bars,legend_numtransfrom_Text,legend_numtransfrom_Viz,legend_numtransfrom_labels,legend_numtransfrom_legend,legend_proportionnum,legend_proportiontime,legend_proptransfrom_Refs,legend_proptransfrom_Relevant bars,legend_proptransfrom_Text,legend_proptransfrom_Viz,legend_proptransfrom_labels,legend_proptransfrom_legend,legend_rightclicrate,legend_startdistance,legend_startpupilsize,legend_startpupilvelocity,legend_stddevdistance,legend_stddevfixationduration,legend_stddevpupilsize,legend_stddevpupilvelocity,legend_timetofirstfixation,legend_timetolastfixation,legend_total_trans_from,legend_totaltimespent,length,length_invalid,longestsaccadedistance,longestsaccadeduration,maxdistance,maxpupilsize,maxpupilvelocity,maxsaccadespeed,meanabspathangles,meandistance,meanfixationduration,meanpathdistance,meanpupilsize,meanpupilvelocity,meanrelpathangles,meansaccadedistance,meansaccadeduration,meansaccadespeed,mindistance,minpupilsize,minpupilvelocity,minsaccadespeed,numabsangles,numdistancedata,numevents,numfixations,numfixdistances,numkeypressed,numleftclic,numpupilsizes,numpupilvelocity,numrelangles,numrightclic,numsaccades,relpathanglesrate,rightclicrate,startdistance,startpupilsize,startpupilvelocity,stddevabspathangles,stddevdistance,stddevfixationduration,stddevpathdistance,stddevpupilsize,stddevpupilvelocity,stddevrelpathangles,stddevsaccadedistance,stddevsaccadedur,stddevsaccadeduration,stddevsaccadespeed,sumabspathangles,sumfixationduration,sumpathdistance,sumrelpathangles,sumsaccadedistance,sumsaccadeduration
2,-1,600,-1,-1,0.0,-1,-1,-1.0,600,-1,-1,600,-1.0,-1,-1,600,-1,-1,0,0,0,0,0,0,0,0,0,0,0,0,0,0,0,0.0,0.0,-1.0,-1.0,-1.0,-1.0,-1.0,-1.0,-1,600,-1,-1,-1,-1,-1,-1,0,-1,0,0.0,-1,600,-1,-1,5.181769209912883e-07,-1,-1,1929842.7998046875,600,-1,-1,600,1929842.7998046875,-1,-1,600,-1,-1,0,0,0,1,0,0,0,0,0,0,0,0,0,0,0,1.0,0.9101795605252208,0,0,0,0,0,0,-1,600,-1,-1,-1,-1,-1,-1,0,-1,0,1929842.7998046875,-1,600,-1,-1,0.0,-1,-1,-1.0,600,-1,-1,600,-1.0,-1,-1,600,-1,-1,0,0,0,0,0,0,0,0,0,0,0,0,0,0,0,0.0,0.0,0.0,0.0,0.0,0.0,0.0,0.0,-1,600,-1,-1,-1,-1.0,-1,-1,0,-1,0,0.0,-1,600,-1,-1,5.181769209912883e-07,-1,-1,1929842.7998046875,600,-1,-1,600,1929842.7998046875,-1,-1,600,-1,-1,0,0,0,1,0,0,0,0,0,0,0,0,0,0,0,1.0,0.9101795605252208,0.0,0.0,0.0,0.0,0.0,0.0,-1,600,-1,-1,-1,-1.0,-1,-1,0,-1,0,1929842.7998046875,-1.0,-1,600,-1,-1,-1.0,4.7163404222216276e-07,-1,-1,-1,600,-1,-1,0,-1,-1,-1,600,-1,-1,600,-1,-1,-1,600,-1,-1,0,0,0,0,0,0,0,0,0,0,0,0,0,0,0,0,0,-1,-1,-1,-1,-1,-1,-1,600,-1,-1,-1,-1,-1,-1,0,-1,0,0,-1,-1,600,-1,-1,0,-1,-1,-1,600,-1,-1,600,-1,-1,-1,600,-1,-1,0,0,0,0,0,0,0,0,0,0,0,0,0,0,0,0,0,-1,-1,-1,-1,-1,-1,-1,600,-1,-1,-1,-1,-1,-1,0,-1,0,0,2120287.9997558594,0,-1,-1,600,-1,-1,-1,-1.0,600,1929842.7998046875,-1.0,-1,-1,-1.0,-1,-1,-1,600,-1,-1,-1,0,0,0,1,0,0,0,0,0,0,0,-1,-1.0,-1,600,-1,-1,-1.0,-1,0.0,-1.0,-1,-1,-1.0,-1,-1,-1,-1,-1.0,1929842.7998046875,-1.0,-1.0,-1,-1
3,-1,600,-1,-1,0.0,-1,-1,-1.0,600,-1,-1,600,-1.0,-1,-1,600,-1,-1,0,0,0,0,0,0,0,0,0,0,0,0,0,0,0,0.0,0.0,-1.0,-1.0,-1.0,-1.0,-1.0,-1.0,-1,600,-1,-1,-1,-1,-1,-1,0,-1,0,0.0,-1,600,-1,-1,5.181769209912883e-07,-1,-1,1929842.7998046875,600,-1,-1,600,1929842.7998046875,-1,-1,600,-1,-1,0,0,0,1,0,0,0,0,0,0,0,0,0,0,0,1.0,0.9101795605252208,0,0,0,0,0,0,-1,600,-1,-1,-1,-1,-1,-1,0,-1,0,1929842.7998046875,-1,600,-1,-1,2.99135334381114e-06,-1,-1,355499.0,600,-1,-1,600,334296.84997558594,-1,-1,600,-1,-1,0,0,0,2,0,0,0,0,0,0,0,1,0,0,0,1.0,0.21441242871061805,0.0,0.0,1.0,0.0,0.0,0.0,-1,600,-1,-1,-1,29984.368115995414,-1,-1,0,-1,1,668593.6999511719,-1,600,-1,-1,5.181769209912883e-07,-1,-1,1929842.7998046875,600,-1,-1,600,1929842.7998046875,-1,-1,600,-1,-1,0,0,0,1,0,0,0,0,0,0,0,0,0,0,0,1.0,0.9101795605252208,0.0,0.0,0.0,0.0,0.0,0.0,-1,600,-1,-1,-1,-1.0,-1,-1,0,-1,0,1929842.7998046875,-1.0,-1,600,-1,-1,-1.0,5.726777725697681e-07,-1,-1,-1,600,-1,-1,0,-1,-1,-1,600,-1,-1,600,-1,-1,-1,600,-1,-1,0,0,0,0,0,0,0,0,0,0,0,0,0,0,0,0,0,-1,-1,-1,-1,-1,-1,-1,600,-1,-1,-1,-1,-1,-1,0,-1,0,0,-1,-1,600,-1,-1,0,-1,-1,-1,600,-1,-1,600,-1,-1,-1,600,-1,-1,0,0,0,0,0,0,0,0,0,0,0,0,0,0,0,0,0,-1,-1,-1,-1,-1,-1,-1,600,-1,-1,-1,-1,-1,-1,0,-1,0,0,5238547.999755859,0,-1,-1,600,-1,-1,-1,-1.0,600,866145.4999186198,-1.0,-1,-1,-1.0,-1,-1,-1,600,-1,-1,-1,0,0,0,3,0,0,0,0,0,0,0,-1,-1.0,-1,600,-1,-1,-1.0,-1,921432.8464431585,-1.0,-1,-1,-1.0,-1,-1,-1,-1,-1.0,2598436.4997558594,-1.0,-1.0,-1,-1
4,-1,600,-1,-1,3.203756341737321e-06,-1,-1,312133.5998535156,600,-1,-1,600,312133.5998535156,-1,-1,600,-1,-1,0,0,0,1,0,0,0,0,0,0,0,0,1,0,0,0.3333333333333333,0.0757572745454425,0.0,0.0,0.0,1.0,0.0,0.0,-1,600,-1,-1,-1,-1,-1,-1,0,-1,1,312133.5998535156,-1,600,-1,-1,5.181769209912883e-07,-1,-1,1929842.7998046875,600,-1,-1,600,1929842.7998046875,-1,-1,600,-1,-1,0,0,0,1,0,0,0,0,0,0,0,0,0,0,0,1.0,0.9101795605252208,0,0,0,0,0,0,-1,600,-1,-1,-1,-1,-1,-1,0,-1,0,1929842.7998046875,-1,600,-1,-1,3.092828303688098e-06,-1,-1,355499.0,600,-1,-1,600,323328.6499633789,-1,-1,600,-1,-1,0,0,0,4,0,0,0,0,0,0,0,1,1,0,0,0.6666666666666666,0.13819341834917004,0.0,0.0,0.5,0.5,0.0,0.0,-1,600,-1,-1,-1,21450.49260724369,-1,-1,0,-1,2,1293314.5998535156,-1,600,-1,-1,5.181769209912883e-07,-1,-1,1929842.7998046875,600,-1,-1,600,1929842.7998046875,-1,-1,600,-1,-1,0,0,0,1,0,0,0,0,0,0,0,1,0,0,0,1.0,0.9101795605252208,0.0,0.0,1.0,0.0,0.0,0.0,-1,600,-1,-1,-1,-1.0,-1,-1,0,-1,1,1929842.7998046875,3.651740678758504e-07,-1,600,-1,-1,4.655330114412921e-05,6.41112773480585e-07,-1,-1,-1,600,-1,-1,0,-1,-1,-1,600,-1,-1,600,-1,-1,-1,600,-1,-1,0,0,0,0,0,0,0,0,0,0,0,0,0,0,0,0,0,-1,-1,-1,-1,-1,-1,-1,600,-1,-1,-1,-1,-1,-1,0,-1,0,0,-1,-1,600,-1,-1,0,-1,-1,-1,600,-1,-1,600,-1,-1,-1,600,-1,-1,0,0,0,0,0,0,0,0,0,0,0,0,0,0,0,0,0,-1,-1,-1,-1,-1,-1,-1,600,-1,-1,-1,-1,-1,-1,0,-1,0,0,9358727.899658203,0,-1,-1,600,-1,-1,-1,1.7087823686306998,600,601627.0499267578,217.8398391193761,-1,-1,0.33314033198724113,-1,-1,-1,600,-1,-1,-1,2,0,0,6,2,0,0,0,0,1,0,-1,3.559675369976383e-08,-1,600,-1,-1,1.985875681244267,-1,651394.1927608659,27.417454019086666,-1,-1,0.0,-1,-1,-1,-1,3.4175647372613995,3609762.299560547,435.6796782387522,0.33314033198724113,-1,-1
5,-1,600,-1,-1,3.203756341737321e-06,-1,-1,312133.5998535156,600,-1,-1,600,312133.5998535156,-1,-1,600,-1,-1,0,0,0,1,0,0,0,0,0,0,0,0,1,0,0,0.3333333333333333,0.0757572745454425,0.0,0.0,0.0,1.0,0.0,0.0,-1,600,-1,-1,-1,-1,-1,-1,0,-1,1,312133.5998535156,-1,600,-1,-1,5.181769209912883e-07,-1,-1,1929842.7998046875,600,-1,-1,600,1929842.7998046875,-1,-1,600,-1,-1,0,0,0,1,0,0,0,0,0,0,0,0,0,0,0,1.0,0.9101795605252208,0,0,0,0,0,0,-1,600,-1,-1,-1,-1,-1,-1,0,-1,0,1929842.7998046875,-1,600,-1,-1,3.092828303688098e-06,-1,-1,355499.0,600,-1,-1,600,323328.6499633789,-1,-1,600,-1,-1,0,0,0,4,0,0,0,0,0,0,0,1,1,0,0,0.6666666666666666,0.13819341834917004,0.0,0.0,0.5,0.5,0.0,0.0,-1,600,-1,-1,-1,21450.49260724369,-1,-1,0,-1,2,1293314.5998535156,-1,600,-1,-1,1.2891056648704507e-06,-1,-1,1929842.7998046875,600,-1,-1,600,775731.600016276,-1,-1,600,-1,-1,0,0,0,3,0,0,0,0,0,0,0,1,1,0,0,0.3333333333333333,0.16376676448272603,0.0,0.0,0.5,0.5,0.0,0.0,-1,600,-1,-1,-1,999576.859068051,-1,-1,0,-1,2,2327194.800048828,3.7458156044063676e-07,-1,600,-1,-1,3.8619057008550906e-05,6.333379914365612e-07,-1,-1,-1,600,-1,-1,0,-1,-1,-1,600,-1,-1,600,-1,-1,-1,600,-1,-1,0,0,0,0,0,0,0,0,0,0,0,0,0,0,0,0,0,-1,-1,-1,-1,-1,-1,-1,600,-1,-1,-1,-1,-1,-1,0,-1,0,0,-1,-1,600,-1,-1,0,-1,-1,-1,600,-1,-1,600,-1,-1,-1,600,-1,-1,0,0,0,0,0,0,0,0,0,0,0,0,0,0,0,0,0,-1,-1,-1,-1,-1,-1,-1,600,-1,-1,-1,-1,-1,-1,0,-1,0,0,14210421.799560547,0,-1,-1,600,-1,-1,-1,1.3307404930497577,600,471281.811062283,137.19827239819583,-1,-1,0.8009182915209119,-1,-1,-1,600,-1,-1,-1,4,0,0,9,4,0,0,0,0,2,0,-1,1.12722662679257e-07,-1,600,-1,-1,1.4455950709474945,-1,550975.3270635979,97.88008156889718,-1,-1,0.6615379345517299,-1,-1,-1,-1,5.322961972199031,4241536.299560547,548.7930895927833,1.6018365830418237,-1,-1
6,-1,600,-1,-1,3.203756341737321e-06,-1,-1,312133.5998535156,600,-1,-1,600,312133.5998535156,-1,-1,600,-1,-1,0,0,0,1,0,0,0,0,0,0,0,0,1,0,0,0.3333333333333333,0.0757572745454425,0.0,0.0,0.0,1.0,0.0,0.0,-1,600,-1,-1,-1,-1,-1,-1,0,-1,1,312133.5998535156,-1,600,-1,-1,5.181769209912883e-07,-1,-1,1929842.7998046875,600,-1,-1,600,1929842.7998046875,-1,-1,600,-1,-1,0,0,0,1,0,0,0,0,0,0,0,0,0,0,0,1.0,0.9101795605252208,0,0,0,0,0,0,-1,600,-1,-1,-1,-1,-1,-1,0,-1,0,1929842.7998046875,-1,600,-1,-1,3.092828303688098e-06,-1,-1,355499.0,600,-1,-1,600,323328.6499633789,-1,-1,600,-1,-1,0,0,0,4,0,0,0,0,0,0,0,1,1,0,0,0.6666666666666666,0.13819341834917004,0.0,0.0,0.5,0.5,0.0,0.0,-1,600,-1,-1,-1,21450.49260724369,-1,-1,0,-1,2,1293314.5998535156,-1,600,-1,-1,2.221195125143059e-06,-1,-1,1929842.7998046875,600,-1,-1,600,450208.0833333333,-1,-1,600,-1,-1,0,0,0,6,0,0,0,0,0,0,0,1,3,0,0,0.5,0.13293036681557066,0.0,0.0,0.25,0.75,0.0,0.0,-1,600,-1,-1,-1,725830.2494381783,-1,-1,0,-1,4,2701248.5,3.7165458367753977e-07,-1,600,-1,-1,4.290504575085003e-05,5.905285655084484e-07,-1,-1,-1,600,-1,-1,0,-1,-1,-1,600,-1,-1,600,-1,-1,-1,600,-1,-1,0,0,0,0,0,0,0,0,0,0,0,0,0,0,0,0,0,-1,-1,-1,-1,-1,-1,-1,600,-1,-1,-1,-1,-1,-1,0,-1,0,0,-1,-1,600,-1,-1,0,-1,-1,-1,600,-1,-1,600,-1,-1,-1,600,-1,-1,0,0,0,0,0,0,0,0,0,0,0,0,0,0,0,0,0,-1,-1,-1,-1,-1,-1,-1,600,-1,-1,-1,-1,-1,-1,0,-1,0,0,20320778.19921875,0,-1,-1,600,-1,-1,-1,1.2587183936057118,600,384632.4999593099,145.31065305505942,-1,-1,0.8380269490654588,-1,-1,-1,600,-1,-1,-1,6,0,0,12,6,0,0,0,0,3,0,-1,1.2371971302226174e-07,-1,600,-1,-1,1.3079061087091586,-1,495335.40533258714,96.85585790469564,-1,-1,0.47217303694700724,-1,-1,-1,-1,7.552310361634271,4615589.999511719,871.8639183303565,2.5140808471963765,-1,-1
7,-1,600,-1,-1,3.203756341737321e-06,-1,-1,312133.5998535156,600,-1,-1,600,312133.5998535156,-1,-1,600,-1,-1,0,0,0,1,0,0,0,0,0,0,0,0,1,0,0,0.3333333333333333,0.0757572745454425,0.0,0.0,0.0,1.0,0.0,0.0,-1,600,-1,-1,-1,-1,-1,-1,0,-1,1,312133.5998535156,-1,600,-1,-1,5.181769209912883e-07,-1,-1,1929842.7998046875,600,-1,-1,600,1929842.7998046875,-1,-1,600,-1,-1,0,0,0,1,0,0,0,0,0,0,0,0,0,0,0,1.0,0.9101795605252208,0,0,0,0,0,0,-1,600,-1,-1,-1,-1,-1,-1,0,-1,0,1929842.7998046875,-1,600,-1,-1,3.092828303688098e-06,-1,-1,355499.0,600,-1,-1,600,323328.6499633789,-1,-1,600,-1,-1,0,0,0,4,0,0,0,0,0,0,0,1,1,0,0,0.6666666666666666,0.13819341834917004,0.0,0.0,0.5,0.5,0.0,0.0,-1,600,-1,-1,-1,21450.49260724369,-1,-1,0,-1,2,1293314.5998535156,-1,600,-1,-1,2.221195125143059e-06,-1,-1,1929842.7998046875,600,-1,-1,600,450208.0833333333,-1,-1,600,-1,-1,0,0,0,6,0,0,0,0,0,0,0,1,3,0,0,0.5,0.13293036681557066,0.0,0.0,0.25,0.75,0.0,0.0,-1,600,-1,-1,-1,725830.2494381783,-1,-1,0,-1,4,2701248.5,2.387742546626448e-07,-1,600,-1,-1,3.173535310986964e-05,4.7373600139419664e-07,-1,-1,-1,600,-1,-1,0,-1,-1,-1,600,-1,-1,600,-1,-1,-1,600,-1,-1,0,0,0,0,0,0,0,0,0,0,0,0,0,0,0,0,0,-1,-1,-1,-1,-1,-1,-1,600,-1,-1,-1,-1,-1,-1,0,-1,0,0,-1,-1,600,-1,-1,0,-1,-1,-1,600,-1,-1,600,-1,-1,-1,600,-1,-1,0,0,0,0,0,0,0,0,0,0,0,0,0,0,0,0,0,-1,-1,-1,-1,-1,-1,-1,600,-1,-1,-1,-1,-1,-1,0,-1,0,0,27441444.099121094,0,-1,-1,600,-1,-1,-1,1.2587183936057118,600,379069.4307204026,145.31065305505942,-1,-1,0.8380269490654588,-1,-1,-1,600,-1,-1,-1,6,0,0,13,6,0,0,0,0,3,0,-1,5.5174969718334546e-08,-1,600,-1,-1,1.3079061087091586,-1,474671.52228985814,96.85585790469564,-1,-1,0.47217303694700724,-1,-1,-1,-1,6.552310361634271,4927902.599365234,870.8639183303565,1.5140808471963765,-1,-1
8,-1,600,-1,-1,3.203756341737321e-06,-1,-1,312133.5998535156,600,-1,-1,600,312133.5998535156,-1,-1,600,-1,-1,0,0,0,1,0,0,0,0,0,0,0,0,1,0,0,0.3333333333333333,0.0757572745454425,0.0,0.0,0.0,1.0,0.0,0.0,-1,600,-1,-1,-1,-1,-1,-1,0,-1,1,312133.5998535156,-1,600,-1,-1,5.181769209912883e-07,-1,-1,1929842.7998046875,600,-1,-1,600,1929842.7998046875,-1,-1,600,-1,-1,0,0,0,1,0,0,0,0,0,0,0,0,0,0,0,1.0,0.9101795605252208,0,0,0,0,0,0,-1,600,-1,-1,-1,-1,-1,-1,0,-1,0,1929842.7998046875,-1,600,-1,-1,3.092828303688098e-06,-1,-1,355499.0,600,-1,-1,600,323328.6499633789,-1,-1,600,-1,-1,0,0,0,4,0,0,0,0,0,0,0,1,1,0,0,0.6666666666666666,0.13819341834917004,0.0,0.0,0.5,0.5,0.0,0.0,-1,600,-1,-1,-1,21450.49260724369,-1,-1,0,-1,2,1293314.5998535156,-1,600,-1,-1,2.221195125143059e-06,-1,-1,1929842.7998046875,600,-1,-1,600,450208.0833333333,-1,-1,600,-1,-1,0,0,0,6,0,0,0,0,0,0,0,1,3,0,0,0.5,0.13293036681557066,0.0,0.0,0.25,0.75,0.0,0.0,-1,600,-1,-1,-1,725830.2494381783,-1,-1,0,-1,4,2701248.5,1.5711370308162356e-07,-1,600,-1,-1,2.4614535658944404e-05,3.961579414475131e-07,-1,-1,-1,600,-1,-1,0,-1,-1,-1,600,-1,-1,600,-1,-1,-1,600,-1,-1,0,0,0,0,0,0,0,0,0,0,0,0,0,0,0,0,0,-1,-1,-1,-1,-1,-1,-1,600,-1,-1,-1,-1,-1,-1,0,-1,0,0,-1,-1,600,-1,-1,0,-1,-1,-1,600,-1,-1,600,-1,-1,-1,600,-1,-1,0,0,0,0,0,0,0,0,0,0,0,0,0,0,0,0,0,-1,-1,-1,-1,-1,-1,-1,600,-1,-1,-1,-1,-1,-1,0,-1,0,0,35339440.49902344,0,-1,-1,600,-1,-1,-1,1.2587183936057118,600,459844.7713623047,145.31065305505942,-1,-1,0.8380269490654588,-1,-1,-1,600,-1,-1,-1,6,0,0,14,6,0,0,0,0,3,0,-1,1.4546943583065004e-08,-1,600,-1,-1,1.3079061087091586,-1,547107.3567995199,96.85585790469564,-1,-1,0.47217303694700724,-1,-1,-1,-1,5.552310361634271,6437826.799072266,869.8639183303565,0.5140808471963765,-1,-1
9,-1,600,-1,-1,3.203756341737321e-06,-1,-1,312133.5998535156,600,-1,-1,600,312133.5998535156,-1,-1,600,-1,-1,0,0,0,1,0,0,0,0,0,0,0,0,1,0,0,0.3333333333333333,0.0757572745454425,0.0,0.0,0.0,1.0,0.0,0.0,-1,600,-1,-1,-1,-1,-1,-1,0,-1,1,312133.5998535156,-1,600,-1,-1,5.181769209912883e-07,-1,-1,1929842.7998046875,600,-1,-1,600,1929842.7998046875,-1,-1,600,-1,-1,0,0,0,1,0,0,0,0,0,0,0,0,0,0,0,1.0,0.9101795605252208,0,0,0,0,0,0,-1,600,-1,-1,-1,-1,-1,-1,0,-1,0,1929842.7998046875,-1,600,-1,-1,3.092828303688098e-06,-1,-1,355499.0,600,-1,-1,600,323328.6499633789,-1,-1,600,-1,-1,0,0,0,4,0,0,0,0,0,0,0,1,1,0,0,0.6666666666666666,0.13819341834917004,0.0,0.0,0.5,0.5,0.0,0.0,-1,600,-1,-1,-1,21450.49260724369,-1,-1,0,-1,2,1293314.5998535156,-1,600,-1,-1,2.515766228180764e-06,-1,-1,1929842.7998046875,600,-1,-1,600,397493.21252441406,-1,-1,600,-1,-1,0,0,0,8,0,0,0,0,0,0,0,1,4,0,0,0.5,0.07182272505072398,0.0,0.0,0.2,0.8,0.0,0.0,-1,600,-1,-1,-1,621222.9408120615,-1,-1,0,-1,5,3179945.7001953125,1.4920870346919752e-07,-1,600,-1,-1,2.003398309856248e-05,3.6137837219704786e-07,-1,-1,-1,600,-1,-1,0,-1,-1,-1,600,-1,-1,600,-1,-1,-1,600,-1,-1,0,0,0,0,0,0,0,0,0,0,0,0,0,0,0,0,0,-1,-1,-1,-1,-1,-1,-1,600,-1,-1,-1,-1,-1,-1,0,-1,0,0,-1,-1,600,-1,-1,0,-1,-1,-1,600,-1,-1,600,-1,-1,-1,600,-1,-1,0,0,0,0,0,0,0,0,0,0,0,0,0,0,0,0,0,-1,-1,-1,-1,-1,-1,-1,600,-1,-1,-1,-1,-1,-1,0,-1,0,0,44274924.09887695,0,-1,-1,600,-1,-1,-1,1.2294577172843655,600,432282.74995422363,127.00044015529106,-1,-1,0.8380269490654588,-1,-1,-1,600,-1,-1,-1,7,0,0,16,7,0,0,0,0,3,0,-1,1.1611106233594114e-08,-1,600,-1,-1,1.196456699836545,-1,514905.2805302108,100.8186240256369,-1,-1,0.47217303694700724,-1,-1,-1,-1,6.606204020990559,6916523.999267578,887.0030810870375,0.5140808471963765,-1,-1
10,-1,600,-1,-1,3.203756341737321e-06,-1,-1,312133.5998535156,600,-1,-1,600,312133.5998535156,-1,-1,600,-1,-1,0,0,0,1,0,0,0,0,0,0,0,0,2,0,0,0.3333333333333333,0.0757572745454425,0.0,0.0,0.0,1.0,0.0,0.0,-1,600,-1,-1,-1,-1,-1,-1,0,-1,2,312133.5998535156,-1,600,-1,-1,5.181769209912883e-07,-1,-1,1929842.7998046875,600,-1,-1,600,1929842.7998046875,-1,-1,600,-1,-1,0,0,0,1,0,0,0,0,0,0,0,0,0,0,0,1.0,0.9101795605252208,0,0,0,0,0,0,-1,600,-1,-1,-1,-1,-1,-1,0,-1,0,1929842.7998046875,-1,600,-1,-1,3.092828303688098e-06,-1,-1,355499.0,600,-1,-1,600,323328.6499633789,-1,-1,600,-1,-1,0,0,0,4,0,0,0,0,0,0,0,1,2,0,0,0.6666666666666666,0.13819341834917004,0.0,0.0,0.3333333333333333,0.6666666666666666,0.0,0.0,-1,600,-1,-1,-1,21450.49260724369,-1,-1,0,-1,3,1293314.5998535156,-1,600,-1,-1,2.515766228180764e-06,-1,-1,1929842.7998046875,600,-1,-1,600,397493.21252441406,-1,-1,600,-1,-1,0,0,0,8,0,0,0,0,0,0,0,1,4,0,0,0.5,0.07182272505072398,0.0,0.0,0.2,0.8,0.0,0.0,-1,600,-1,-1,-1,621222.9408120615,-1,-1,0,-1,5,3179945.7001953125,1.8878817295450584e-07,-1,600,-1,-1,1.7812607356391147e-05,3.494662843394751e-07,-1,-1,-1,600,-1,-1,0,-1,-1,-1,600,-1,-1,600,-1,-1,-1,600,-1,-1,0,0,0,0,0,0,0,0,0,0,0,0,0,0,0,0,0,-1,-1,-1,-1,-1,-1,-1,600,-1,-1,-1,-1,-1,-1,0,-1,0,0,-1,-1,600,-1,-1,0,-1,-1,-1,600,-1,-1,600,-1,-1,-1,600,-1,-1,0,0,0,0,0,0,0,0,0,0,0,0,0,0,0,0,0,-1,-1,-1,-1,-1,-1,-1,600,-1,-1,-1,-1,-1,-1,0,-1,0,0,54368621.09863281,0,-1,-1,600,-1,-1,-1,1.3626836270296319,600,414867.7631064967,107.82743334870553,-1,-1,0.7659240778784554,-1,-1,-1,600,-1,-1,-1,9,0,0,19,9,0,0,0,0,4,0,-1,1.956452619212316e-08,-1,600,-1,-1,1.250366080780016,-1,476899.234328258,95.56774760403889,-1,-1,0.4116149665405098,-1,-1,-1,-1,10.264152643266687,7882487.4990234375,968.4469001383497,1.0636963115138216,-1,-1
11,-1,600,-1,-1,3.203756341737321e-06,-1,-1,312133.5998535156,600,-1,-1,600,312133.5998535156,-1,-1,600,-1,-1,0,0,0,1,0,0,0,0,0,0,0,0,2,0,0,0.3333333333333333,0.0757572745454425,0.0,0.0,0.0,1.0,0.0,0.0,-1,600,-1,-1,-1,-1,-1,-1,0,-1,2,312133.5998535156,-1,600,-1,-1,5.181769209912883e-07,-1,-1,1929842.7998046875,600,-1,-1,600,1929842.7998046875,-1,-1,600,-1,-1,0,0,0,1,0,0,0,0,0,0,0,0,0,0,0,1.0,0.9101795605252208,0,0,0,0,0,0,-1,600,-1,-1,-1,-1,-1,-1,0,-1,0,1929842.7998046875,-1,600,-1,-1,3.092828303688098e-06,-1,-1,355499.0,600,-1,-1,600,323328.6499633789,-1,-1,600,-1,-1,0,0,0,4,0,0,0,0,0,0,0,1,2,0,0,0.6666666666666666,0.13819341834917004,0.0,0.0,0.3333333333333333,0.6666666666666666,0.0,0.0,-1,600,-1,-1,-1,21450.49260724369,-1,-1,0,-1,3,1293314.5998535156,-1,600,-1,-1,2.515766228180764e-06,-1,-1,1929842.7998046875,600,-1,-1,600,397493.21252441406,-1,-1,600,-1,-1,0,0,0,8,0,0,0,0,0,0,0,1,4,0,0,0.5,0.07182272505072398,0.0,0.0,0.2,0.8,0.0,0.0,-1,600,-1,-1,-1,621222.9408120615,-1,-1,0,-1,5,3179945.7001953125,1.5688179569251197e-07,-1,600,-1,-1,1.595730952527706e-05,3.206792551104625e-07,-1,-1,-1,600,-1,-1,0,-1,-1,-1,600,-1,-1,600,-1,-1,-1,600,-1,-1,0,0,0,0,0,0,0,0,0,0,0,0,0,0,0,0,0,-1,-1,-1,-1,-1,-1,-1,600,-1,-1,-1,-1,-1,-1,0,-1,0,0,-1,-1,600,-1,-1,0,-1,-1,-1,600,-1,-1,600,-1,-1,-1,600,-1,-1,0,0,0,0,0,0,0,0,0,0,0,0,0,0,0,0,0,-1,-1,-1,-1,-1,-1,-1,600,-1,-1,-1,-1,-1,-1,0,-1,0,0,65485994.69824219,0,-1,-1,600,-1,-1,-1,1.2273560440970552,600,390018.96663411456,104.69802869705032,-1,-1,0.7659240778784554,-1,-1,-1,600,-1,-1,-1,10,0,0,21,10,0,0,0,0,4,0,-1,1.624311146857137e-08,-1,600,-1,-1,1.2541284096461853,-1,459195.94934643403,90.64395589920694,-1,-1,0.4116149665405098,-1,-1,-1,-1,10.273560440970552,8190398.299316406,1044.9802869705031,1.0636963115138216,-1,-1
12,-1,600,-1,-1,3.203756341737321e-06,-1,-1,312133.5998535156,600,-1,-1,600,312133.5998535156,-1,-1,600,-1,-1,0,0,0,1,0,0,0,0,0,0,0,0,2,0,0,0.3333333333333333,0.0757572745454425,0.0,0.0,0.0,1.0,0.0,0.0,-1,600,-1,-1,-1,-1,-1,-1,0,-1,2,312133.5998535156,-1,600,-1,-1,5.181769209912883e-07,-1,-1,1929842.7998046875,600,-1,-1,600,1929842.7998046875,-1,-1,600,-1,-1,0,0,0,1,0,0,0,0,0,0,0,0,0,0,0,1.0,0.9101795605252208,0,0,0,0,0,0,-1,600,-1,-1,-1,-1,-1,-1,0,-1,0,1929842.7998046875,-1,600,-1,-1,3.092828303688098e-06,-1,-1,355499.0,600,-1,-1,600,323328.6499633789,-1,-1,600,-1,-1,0,0,0,4,0,0,0,0,0,0,0,1,2,0,0,0.6666666666666666,0.13819341834917004,0.0,0.0,0.3333333333333333,0.6666666666666666,0.0,0.0,-1,600,-1,-1,-1,21450.49260724369,-1,-1,0,-1,3,1293314.5998535156,-1,600,-1,-1,2.515766228180764e-06,-1,-1,1929842.7998046875,600,-1,-1,600,397493.21252441406,-1,-1,600,-1,-1,0,0,0,8,0,0,0,0,0,0,0,1,4,0,0,0.5,0.07182272505072398,0.0,0.0,0.2,0.8,0.0,0.0,-1,600,-1,-1,-1,621222.9408120615,-1,-1,0,-1,5,3179945.7001953125,1.1949539182121807e-07,-1,600,-1,-1,1.3452312543736632e-05,2.8348320332850094e-07,-1,-1,-1,600,-1,-1,0,-1,-1,-1,600,-1,-1,600,-1,-1,-1,600,-1,-1,0,0,0,0,0,0,0,0,0,0,0,0,0,0,0,0,0,-1,-1,-1,-1,-1,-1,-1,600,-1,-1,-1,-1,-1,-1,0,-1,0,0,-1,-1,600,-1,-1,0,-1,-1,-1,600,-1,-1,600,-1,-1,-1,600,-1,-1,0,0,0,0,0,0,0,0,0,0,0,0,0,0,0,0,0,-1,-1,-1,-1,-1,-1,-1,600,-1,-1,-1,-1,-1,-1,0,-1,0,0,77606008.89819336,0,-1,-1,600,-1,-1,-1,1.2273560440970552,600,404621.2908713601,104.69802869705032,-1,-1,0.7659240778784554,-1,-1,-1,600,-1,-1,-1,10,0,0,22,10,0,0,0,0,4,0,-1,8.207652012794647e-10,-1,600,-1,-1,1.2541284096461853,-1,453333.14121018443,90.64395589920694,-1,-1,0.4116149665405098,-1,-1,-1,-1,9.273560440970552,8901668.399169922,1043.9802869705031,0.0636963115138216,-1,-1
13,-1,600,-1,-1,3.203756341737321e-06,-1,-1,312133.5998535156,600,-1,-1,600,312133.5998535156,-1,-1,600,-1,-1,0,0,0,1,0,0,0,0,0,0,0,0,2,0,0,0.3333333333333333,0.0757572745454425,0.0,0.0,0.0,1.0,0.0,0.0,-1,600,-1,-1,-1,-1,-1,-1,0,-1,2,312133.5998535156,-1,600,-1,-1,5.181769209912883e-07,-1,-1,1929842.7998046875,600,-1,-1,600,1929842.7998046875,-1,-1,600,-1,-1,0,0,0,1,0,0,0,0,0,0,0,0,0,0,0,1.0,0.9101795605252208,0,0,0,0,0,0,-1,600,-1,-1,-1,-1,-1,-1,0,-1,0,1929842.7998046875,-1,600,-1,-1,3.092828303688098e-06,-1,-1,355499.0,600,-1,-1,600,323328.6499633789,-1,-1,600,-1,-1,0,0,0,4,0,0,0,0,0,0,0,1,2,0,0,0.6666666666666666,0.13819341834917004,0.0,0.0,0.3333333333333333,0.6666666666666666,0.0,0.0,-1,600,-1,-1,-1,21450.49260724369,-1,-1,0,-1,3,1293314.5998535156,-1,600,-1,-1,2.515766228180764e-06,-1,-1,1929842.7998046875,600,-1,-1,600,397493.21252441406,-1,-1,600,-1,-1,0,0,0,8,0,0,0,0,0,0,0,1,4,0,0,0.5,0.07182272505072398,0.0,0.0,0.2,0.8,0.0,0.0,-1,600,-1,-1,-1,621222.9408120615,-1,-1,0,-1,5,3179945.7001953125,9.11965710245955e-08,-1,600,-1,-1,1.1496407924567072e-05,2.4249832667031845e-07,-1,-1,-1,600,-1,-1,0,-1,-1,-1,600,-1,-1,600,-1,-1,-1,600,-1,-1,0,0,0,0,0,0,0,0,0,0,0,0,0,0,0,0,0,-1,-1,-1,-1,-1,-1,-1,600,-1,-1,-1,-1,-1,-1,0,-1,0,0,-1,-1,600,-1,-1,0,-1,-1,-1,600,-1,-1,600,-1,-1,-1,600,-1,-1,0,0,0,0,0,0,0,0,0,0,0,0,0,0,0,0,0,-1,-1,-1,-1,-1,-1,-1,600,-1,-1,-1,-1,-1,-1,0,-1,0,0,90722275.49804688,0,-1,-1,600,-1,-1,-1,1.2273560440970552,600,404621.2908713601,104.69802869705032,-1,-1,0.7659240778784554,-1,-1,-1,600,-1,-1,-1,10,0,0,22,10,0,0,0,0,4,0,-1,-1.0320548986961154e-08,-1,600,-1,-1,1.2541284096461853,-1,453333.14121018443,90.64395589920694,-1,-1,0.4116149665405098,-1,-1,-1,-1,8.273560440970552,8901667.399169922,1042.9802869705031,-0.9363036884861784,-1,-1
14,-1,600,-1,-1,3.203756341737321e-06,-1,-1,312133.5998535156,600,-1,-1,600,312133.5998535156,-1,-1,600,-1,-1,0,0,0,1,0,0,0,0,0,0,0,0,2,0,0,0.3333333333333333,0.0757572745454425,0.0,0.0,0.0,1.0,0.0,0.0,-1,600,-1,-1,-1,-1,-1,-1,0,-1,2,312133.5998535156,-1,600,-1,-1,5.181769209912883e-07,-1,-1,1929842.7998046875,600,-1,-1,600,1929842.7998046875,-1,-1,600,-1,-1,0,0,0,1,0,0,0,0,0,0,0,0,0,0,0,1.0,0.9101795605252208,0,0,0,0,0,0,-1,600,-1,-1,-1,-1,-1,-1,0,-1,0,1929842.7998046875,-1,600,-1,-1,3.092828303688098e-06,-1,-1,355499.0,600,-1,-1,600,323328.6499633789,-1,-1,600,-1,-1,0,0,0,4,0,0,0,0,0,0,0,1,2,0,0,0.6666666666666666,0.13819341834917004,0.0,0.0,0.3333333333333333,0.6666666666666666,0.0,0.0,-1,600,-1,-1,-1,21450.49260724369,-1,-1,0,-1,3,1293314.5998535156,-1,600,-1,-1,2.515766228180764e-06,-1,-1,1929842.7998046875,600,-1,-1,600,397493.21252441406,-1,-1,600,-1,-1,0,0,0,8,0,0,0,0,0,0,0,1,4,0,0,0.5,0.07182272505072398,0.0,0.0,0.2,0.8,0.0,0.0,-1,600,-1,-1,-1,621222.9408120615,-1,-1,0,-1,5,3179945.7001953125,1.0045588863144972e-07,-1,600,-1,-1,1.5885006530067365e-05,2.289506281632456e-07,-1,-1,-1,600,-1,-1,0,-1,-1,-1,600,-1,-1,600,-1,-1,-1,600,-1,-1,0,0,0,0,0,0,0,0,0,0,0,0,0,0,0,0,0,-1,-1,-1,-1,-1,-1,-1,600,-1,-1,-1,-1,-1,-1,0,-1,0,0,-1,-1,600,-1,-1,0,-1,-1,-1,600,-1,-1,600,-1,-1,-1,600,-1,-1,0,0,0,0,0,0,0,0,0,0,0,0,0,0,0,0,0,-1,-1,-1,-1,-1,-1,-1,600,-1,-1,-1,-1,-1,-1,0,-1,0,0,104826093.6977539,0,-1,-1,600,-1,-1,-1,1.3209453085610436,600,467514.89579264325,151.74210753729764,-1,-1,0.7659240778784554,-1,-1,-1,600,-1,-1,-1,11,0,0,24,11,0,0,0,0,4,0,-1,-8.931971567936432e-09,-1,600,-1,-1,1.229594533065887,-1,542571.5357807834,178.15524960032224,-1,-1,0.4116149665405098,-1,-1,-1,-1,10.53039839417148,11220356.499023438,1665.1631829102741,-0.9363036884861784,-1,-1
15,-1,600,-1,-1,3.203756341737321e-06,-1,-1,312133.5998535156,600,-1,-1,600,312133.5998535156,-1,-1,600,-1,-1,0,0,0,1,0,0,0,0,0,0,0,0,2,0,0,0.3333333333333333,0.0757572745454425,0.0,0.0,0.0,1.0,0.0,0.0,-1,600,-1,-1,-1,-1,-1,-1,0,-1,2,312133.5998535156,-1,600,-1,-1,5.181769209912883e-07,-1,-1,1929842.7998046875,600,-1,-1,600,1929842.7998046875,-1,-1,600,-1,-1,0,0,0,1,0,0,0,0,0,0,0,0,0,0,0,1.0,0.9101795605252208,0,0,0,0,0,0,-1,600,-1,-1,-1,-1,-1,-1,0,-1,0,1929842.7998046875,-1,600,-1,-1,3.092828303688098e-06,-1,-1,355499.0,600,-1,-1,600,323328.6499633789,-1,-1,600,-1,-1,0,0,0,4,0,0,0,0,0,0,0,1,2,0,0,0.6666666666666666,0.13819341834917004,0.0,0.0,0.3333333333333333,0.6666666666666666,0.0,0.0,-1,600,-1,-1,-1,21450.49260724369,-1,-1,0,-1,3,1293314.5998535156,-1,600,-1,-1,2.515766228180764e-06,-1,-1,1929842.7998046875,600,-1,-1,600,397493.21252441406,-1,-1,600,-1,-1,0,0,0,8,0,0,0,0,0,0,0,1,4,0,0,0.5,0.07182272505072398,0.0,0.0,0.2,0.8,0.0,0.0,-1,600,-1,-1,-1,621222.9408120615,-1,-1,0,-1,5,3179945.7001953125,7.945790843610343e-08,-1,600,-1,-1,1.3874648292907428e-05,2.08432809285018e-07,-1,-1,-1,600,-1,-1,0,-1,-1,-1,600,-1,-1,600,-1,-1,-1,600,-1,-1,0,0,0,0,0,0,0,0,0,0,0,0,0,0,0,0,0,-1,-1,-1,-1,-1,-1,-1,600,-1,-1,-1,-1,-1,-1,0,-1,0,0,-1,-1,600,-1,-1,0,-1,-1,-1,600,-1,-1,600,-1,-1,-1,600,-1,-1,0,0,0,0,0,0,0,0,0,0,0,0,0,0,0,0,0,-1,-1,-1,-1,-1,-1,-1,600,-1,-1,-1,-1,-1,-1,0,-1,0,0,119942729.1977539,0,-1,-1,600,-1,-1,-1,1.3209453085610436,600,483554.951953125,151.74210753729764,-1,-1,0.7659240778784554,-1,-1,-1,600,-1,-1,-1,11,0,0,25,11,0,0,0,0,4,0,-1,-1.614356869680466e-08,-1,600,-1,-1,1.229594533065887,-1,537168.4669049273,178.15524960032224,-1,-1,0.4116149665405098,-1,-1,-1,-1,9.53039839417148,12088872.798828125,1664.1631829102741,-1.9363036884861784,-1,-1
16,-1,600,-1,-1,3.203756341737321e-06,-1,-1,312133.5998535156,600,-1,-1,600,312133.5998535156,-1,-1,600,-1,-1,0,0,0,1,0,0,0,0,0,0,0,0,2,0,0,0.3333333333333333,0.0757572745454425,0.0,0.0,0.0,1.0,0.0,0.0,-1,600,-1,-1,-1,-1,-1,-1,0,-1,2,312133.5998535156,-1,600,-1,-1,5.181769209912883e-07,-1,-1,1929842.7998046875,600,-1,-1,600,1929842.7998046875,-1,-1,600,-1,-1,0,0,0,1,0,0,0,0,0,0,0,0,0,0,0,1.0,0.9101795605252208,0,0,0,0,0,0,-1,600,-1,-1,-1,-1,-1,-1,0,-1,0,1929842.7998046875,-1,600,-1,-1,3.092828303688098e-06,-1,-1,355499.0,600,-1,-1,600,323328.6499633789,-1,-1,600,-1,-1,0,0,0,4,0,0,0,0,0,0,0,1,2,0,0,0.6666666666666666,0.13819341834917004,0.0,0.0,0.3333333333333333,0.6666666666666666,0.0,0.0,-1,600,-1,-1,-1,21450.49260724369,-1,-1,0,-1,3,1293314.5998535156,-1,600,-1,-1,2.515766228180764e-06,-1,-1,1929842.7998046875,600,-1,-1,600,397493.21252441406,-1,-1,600,-1,-1,0,0,0,8,0,0,0,0,0,0,0,1,4,0,0,0.5,0.07182272505072398,0.0,0.0,0.2,0.8,0.0,0.0,-1,600,-1,-1,-1,621222.9408120615,-1,-1,0,-1,5,3179945.7001953125,8.917492693389682e-08,-1,600,-1,-1,1.4877985597507549e-05,1.985247845352174e-07,-1,-1,-1,600,-1,-1,0,-1,-1,-1,600,-1,-1,600,-1,-1,-1,600,-1,-1,0,0,0,0,0,0,0,0,0,0,0,0,0,0,0,0,0,-1,-1,-1,-1,-1,-1,-1,600,-1,-1,-1,-1,-1,-1,0,-1,0,0,-1,-1,600,-1,-1,0,-1,-1,-1,600,-1,-1,600,-1,-1,-1,600,-1,-1,0,0,0,0,0,0,0,0,0,0,0,0,0,0,0,0,0,-1,-1,-1,-1,-1,-1,-1,600,-1,-1,-1,-1,-1,-1,0,-1,0,0,136003169.89746094,0,-1,-1,600,-1,-1,-1,1.4273393948653696,600,471249.46663411456,169.037766912483,-1,-1,0.7659240778784554,-1,-1,-1,600,-1,-1,-1,12,0,0,27,12,0,0,0,0,4,0,-1,-1.42371952796839e-08,-1,600,-1,-1,1.2289399633507305,-1,519682.19859088375,180.12101679070526,-1,-1,0.4116149665405098,-1,-1,-1,-1,12.128072738384436,12723734.599121094,2023.453202949796,-1.9363036884861784,-1,-1
17,-1,600,-1,-1,3.203756341737321e-06,-1,-1,312133.5998535156,600,-1,-1,600,312133.5998535156,-1,-1,600,-1,-1,0,0,0,1,0,0,0,0,0,0,0,0,2,0,0,0.3333333333333333,0.0757572745454425,0.0,0.0,0.0,1.0,0.0,0.0,-1,600,-1,-1,-1,-1,-1,-1,0,-1,2,312133.5998535156,-1,600,-1,-1,5.181769209912883e-07,-1,-1,1929842.7998046875,600,-1,-1,600,1929842.7998046875,-1,-1,600,-1,-1,0,0,0,1,0,0,0,0,0,0,0,0,0,0,0,1.0,0.9101795605252208,0,0,0,0,0,0,-1,600,-1,-1,-1,-1,-1,-1,0,-1,0,1929842.7998046875,-1,600,-1,-1,3.092828303688098e-06,-1,-1,355499.0,600,-1,-1,600,323328.6499633789,-1,-1,600,-1,-1,0,0,0,4,0,0,0,0,0,0,0,1,2,0,0,0.6666666666666666,0.13819341834917004,0.0,0.0,0.3333333333333333,0.6666666666666666,0.0,0.0,-1,600,-1,-1,-1,21450.49260724369,-1,-1,0,-1,3,1293314.5998535156,-1,600,-1,-1,2.515766228180764e-06,-1,-1,1929842.7998046875,600,-1,-1,600,397493.21252441406,-1,-1,600,-1,-1,0,0,0,8,0,0,0,0,0,0,0,1,4,0,0,0.5,0.07182272505072398,0.0,0.0,0.2,0.8,0.0,0.0,-1,600,-1,-1,-1,621222.9408120615,-1,-1,0,-1,5,3179945.7001953125,1.0013118958253315e-07,-1,600,-1,-1,1.4948025656188315e-05,1.9609439717686825e-07,-1,-1,-1,600,-1,-1,0,-1,-1,-1,600,-1,-1,600,-1,-1,-1,600,-1,-1,0,0,0,0,0,0,0,0,0,0,0,0,0,0,0,0,0,-1,-1,-1,-1,-1,-1,-1,600,-1,-1,-1,-1,-1,-1,0,-1,0,0,-1,-1,600,-1,-1,0,-1,-1,-1,600,-1,-1,600,-1,-1,-1,600,-1,-1,0,0,0,0,0,0,0,0,0,0,0,0,0,0,0,0,0,-1,-1,-1,-1,-1,-1,-1,600,-1,-1,-1,-1,-1,-1,0,-1,0,0,152987542.8972168,0,-1,-1,600,-1,-1,-1,1.4513446186862242,600,460952.97997233074,163.7044083074862,-1,-1,0.6425770680269842,-1,-1,-1,600,-1,-1,-1,14,0,0,30,14,0,0,0,0,5,0,-1,-1.1681439063739553e-08,-1,600,-1,-1,1.275173368630147,-1,498344.4305209049,166.24134575733828,-1,-1,0.45071341749120736,-1,-1,-1,-1,15.318824661607138,13828588.399169922,2286.861716304807,-1.787114659865079,-1,-1
18,-1,600,-1,-1,3.203756341737321e-06,-1,-1,312133.5998535156,600,-1,-1,600,312133.5998535156,-1,-1,600,-1,-1,0,0,0,1,0,0,0,0,0,0,0,0,2,0,0,0.3333333333333333,0.0757572745454425,0.0,0.0,0.0,1.0,0.0,0.0,-1,600,-1,-1,-1,-1,-1,-1,0,-1,2,312133.5998535156,-1,600,-1,-1,5.181769209912883e-07,-1,-1,1929842.7998046875,600,-1,-1,600,1929842.7998046875,-1,-1,600,-1,-1,0,0,0,1,0,0,0,0,0,0,0,0,0,0,0,1.0,0.9101795605252208,0,0,0,0,0,0,-1,600,-1,-1,-1,-1,-1,-1,0,-1,0,1929842.7998046875,-1,600,-1,-1,3.092828303688098e-06,-1,-1,355499.0,600,-1,-1,600,323328.6499633789,-1,-1,600,-1,-1,0,0,0,4,0,0,0,0,0,0,0,1,2,0,0,0.6666666666666666,0.13819341834917004,0.0,0.0,0.3333333333333333,0.6666666666666666,0.0,0.0,-1,600,-1,-1,-1,21450.49260724369,-1,-1,0,-1,3,1293314.5998535156,-1,600,-1,-1,2.515766228180764e-06,-1,-1,1929842.7998046875,600,-1,-1,600,397493.21252441406,-1,-1,600,-1,-1,0,0,0,8,0,0,0,0,0,0,0,1,4,0,0,0.5,0.07182272505072398,0.0,0.0,0.2,0.8,0.0,0.0,-1,600,-1,-1,-1,621222.9408120615,-1,-1,0,-1,5,3179945.7001953125,8.964779246804387e-08,-1,600,-1,-1,1.819594284571716e-05,1.92868998192196e-07,-1,-1,-1,600,-1,-1,0,-1,-1,-1,600,-1,-1,600,-1,-1,-1,600,-1,-1,0,0,0,0,0,0,0,0,0,0,0,0,0,0,0,0,0,-1,-1,-1,-1,-1,-1,-1,600,-1,-1,-1,-1,-1,-1,0,-1,0,0,-1,-1,600,-1,-1,0,-1,-1,-1,600,-1,-1,600,-1,-1,-1,600,-1,-1,0,0,0,0,0,0,0,0,0,0,0,0,0,0,0,0,0,-1,-1,-1,-1,-1,-1,-1,600,-1,-1,-1,-1,-1,-1,0,-1,0,0,171100593.19702148,0,-1,-1,600,-1,-1,-1,1.2711744043803612,600,449104.7181507457,194.8960384175816,-1,-1,1.0563393267303092,-1,-1,-1,600,-1,-1,-1,16,0,0,33,16,0,0,0,0,6,0,-1,7.82017137042367e-09,-1,600,-1,-1,1.2851633882334381,-1,477173.3894184253,213.91771770879896,-1,-1,1.0907379649250986,-1,-1,-1,-1,15.33879047008578,14820454.69897461,3113.3366146813055,1.3380359603818546,-1,-1
19,-1,600,-1,-1,3.203756341737321e-06,-1,-1,312133.5998535156,600,-1,-1,600,312133.5998535156,-1,-1,600,-1,-1,0,0,0,1,0,0,0,0,0,0,0,0,2,0,0,0.3333333333333333,0.0757572745454425,0.0,0.0,0.0,1.0,0.0,0.0,-1,600,-1,-1,-1,-1,-1,-1,0,-1,2,312133.5998535156,-1,600,-1,-1,5.181769209912883e-07,-1,-1,1929842.7998046875,600,-1,-1,600,1929842.7998046875,-1,-1,600,-1,-1,0,0,0,1,0,0,0,0,0,0,0,0,0,0,0,1.0,0.9101795605252208,0,0,0,0,0,0,-1,600,-1,-1,-1,-1,-1,-1,0,-1,0,1929842.7998046875,-1,600,-1,-1,3.092828303688098e-06,-1,-1,355499.0,600,-1,-1,600,323328.6499633789,-1,-1,600,-1,-1,0,0,0,4,0,0,0,0,0,0,0,1,2,0,0,0.6666666666666666,0.13819341834917004,0.0,0.0,0.3333333333333333,0.6666666666666666,0.0,0.0,-1,600,-1,-1,-1,21450.49260724369,-1,-1,0,-1,3,1293314.5998535156,-1,600,-1,-1,2.5672718939122024e-06,-1,-1,1929842.7998046875,600,-1,-1,600,389518.5400390625,-1,-1,600,-1,-1,0,0,0,10,0,0,0,0,0,0,0,1,4,0,0,0.2777777777777778,0.020478058128793636,0.0,0.0,0.2,0.8,0.0,0.0,-1,600,-1,-1,-1,559204.8430365083,-1,-1,0,-1,5,3895185.400390625,9.632748458443596e-08,-1,600,-1,-1,1.8173739211501344e-05,1.8926187507342795e-07,-1,-1,-1,600,-1,-1,0,-1,-1,-1,600,-1,-1,600,-1,-1,-1,600,-1,-1,0,0,0,0,0,0,0,0,0,0,0,0,0,0,0,0,0,-1,-1,-1,-1,-1,-1,-1,600,-1,-1,-1,-1,-1,-1,0,-1,0,0,-1,-1,600,-1,-1,0,-1,-1,-1,600,-1,-1,600,-1,-1,-1,600,-1,-1,0,0,0,0,0,0,0,0,0,0,0,0,0,0,0,0,0,-1,-1,-1,-1,-1,-1,-1,600,-1,-1,-1,-1,-1,-1,0,-1,0,0,190212635.19677734,0,-1,-1,600,-1,-1,-1,1.2957058158156949,600,434335.52775065106,192.32637926659294,-1,-1,0.9279591999107029,-1,-1,-1,600,-1,-1,-1,18,0,0,36,18,0,0,0,0,7,0,-1,7.863380883333981e-09,-1,600,-1,-1,1.302030060391376,-1,463746.7297736213,201.1771754080361,-1,-1,1.0520430704948898,-1,-1,-1,-1,18.32270468468251,15636077.999023438,3456.874826798673,1.4957143993749193,-1,-1
20,-1,600,-1,-1,3.203756341737321e-06,-1,-1,312133.5998535156,600,-1,-1,600,312133.5998535156,-1,-1,600,-1,-1,0,0,0,1,0,0,0,0,0,0,0,0,2,0,0,0.3333333333333333,0.0757572745454425,0.0,0.0,0.0,1.0,0.0,0.0,-1,600,-1,-1,-1,-1,-1,-1,0,-1,2,312133.5998535156,-1,600,-1,-1,5.181769209912883e-07,-1,-1,1929842.7998046875,600,-1,-1,600,1929842.7998046875,-1,-1,600,-1,-1,0,0,0,1,0,0,0,0,0,0,0,0,0,0,0,1.0,0.9101795605252208,0,0,0,0,0,0,-1,600,-1,-1,-1,-1,-1,-1,0,-1,0,1929842.7998046875,-1,600,-1,-1,3.092828303688098e-06,-1,-1,355499.0,600,-1,-1,600,323328.6499633789,-1,-1,600,-1,-1,0,0,0,4,0,0,0,0,0,0,0,1,2,0,0,0.6666666666666666,0.13819341834917004,0.0,0.0,0.3333333333333333,0.6666666666666666,0.0,0.0,-1,600,-1,-1,-1,21450.49260724369,-1,-1,0,-1,3,1293314.5998535156,-1,600,-1,-1,2.5672718939122024e-06,-1,-1,1929842.7998046875,600,-1,-1,600,389518.5400390625,-1,-1,600,-1,-1,0,0,0,10,0,0,0,0,0,0,0,1,4,0,0,0.2777777777777778,0.020478058128793636,0.0,0.0,0.2,0.8,0.0,0.0,-1,600,-1,-1,-1,559204.8430365083,-1,-1,0,-1,5,3895185.400390625,9.249977825099115e-08,-1,600,-1,-1,1.8637079516009867e-05,1.8066909585673263e-07,-1,-1,-1,600,-1,-1,0,-1,-1,-1,600,-1,-1,600,-1,-1,-1,600,-1,-1,0,0,0,0,0,0,0,0,0,0,0,0,0,0,0,0,0,-1,-1,-1,-1,-1,-1,-1,600,-1,-1,-1,-1,-1,-1,0,-1,0,0,-1,-1,600,-1,-1,0,-1,-1,-1,600,-1,-1,600,-1,-1,-1,600,-1,-1,0,0,0,0,0,0,0,0,0,0,0,0,0,0,0,0,0,-1,-1,-1,-1,-1,-1,-1,600,-1,-1,-1,-1,-1,-1,0,-1,0,0,210329275.29638672,0,-1,-1,600,-1,-1,-1,1.2871269118214441,600,422266.986822831,206.57491727597312,-1,-1,0.9279591999107029,-1,-1,-1,600,-1,-1,-1,19,0,0,38,19,0,0,0,0,7,0,-1,7.111299163025331e-09,-1,600,-1,-1,1.2658982122023312,-1,454444.0561218173,205.137010596451,-1,-1,1.0520430704948898,-1,-1,-1,-1,19.455411324607443,16046144.499267578,3919.923428243489,1.4957143993749193,-1,-1
