BEGIN TRANSACTION;
CREATE TABLE 'Refs' ( `id` INTEGER, `interval_value` INTEGER, `task_value` TEXT, `runtime_value` TEXT, PRIMARY KEY(`id`) );
INSERT INTO "Refs" VALUES(2,0,'0.0','0.122311451375283');
CREATE TABLE 'Relevant bars' ( `id` INTEGER, `interval_value` INTEGER, `task_value` TEXT, `runtime_value` TEXT, PRIMARY KEY(`id`) );
INSERT INTO "Relevant bars" VALUES(2,0,'0','0.0');
CREATE TABLE 'Text' ( `id` INTEGER, `interval_value` INTEGER, `task_value` TEXT, `runtime_value` TEXT, PRIMARY KEY(`id`) );
INSERT INTO "Text" VALUES(2,1.67315820085852573484e-01,'0.167315820085853','0.0202258212414751');
CREATE TABLE 'Viz' ( `id` INTEGER, `interval_value` INTEGER, `task_value` TEXT, `runtime_value` TEXT, PRIMARY KEY(`id`) );
INSERT INTO "Viz" VALUES(2,2.94557428234238436459e-01,'0.294557428234238','0.0249384395359906');
CREATE TABLE "aoi" (
        `name`  TEXT NOT NULL,
        `task`  INTEGER NOT NULL,
        `dynamic`       INTEGER,
        `polygon`       BLOB,
        PRIMARY KEY(`name`,`task`)
);
INSERT INTO "aoi" VALUES('ref_102',62,'','[(156,207), (156,207), (146,207), (146,327), (344,327), (344,307), (581,307), (581,207)]');
INSERT INTO "aoi" VALUES('ref_100',62,'','[(344,307), (344,327), (146,327), (146,377), (227,377), (227,357), (580,357), (580,307)]');
INSERT INTO "aoi" VALUES('ref_101',62,'','[(227,357), (227,377), (146,377), (146,405), (576,405), (576,382), (580,382), (580,357)]');
INSERT INTO "aoi" VALUES('ref_101',60,'','[(156,207), (156,207), (146,207), (146,304), (576,304), (576,304), (580,304), (580,207)]');
INSERT INTO "aoi" VALUES('ref_100',60,'','[(251,304), (251,327), (146,327), (146,377), (404,377), (404,357), (580,357), (580,304)]');
INSERT INTO "aoi" VALUES('ref_100',66,'','[(544,427), (544,447), (151,447), (151,504), (425,504), (425,477), (581,477), (581,427)]');
INSERT INTO "aoi" VALUES('ref_101',66,NULL,'[(353,352), (353,372), (151,372), (151,447), (544,447), (544,427), (581,427), (581,352)]');
INSERT INTO "aoi" VALUES('ref_100',72,'','[(576,227), (576,227), (146,227), (146,297), (453,297), (453,277), (581,277), (581,227)]');
INSERT INTO "aoi" VALUES('ref_101',72,'','[(204,352), (204,372), (146,372), (146,422), (363,422), (363,402), (581,402), (581,352)]');
INSERT INTO "aoi" VALUES('ref_102',72,NULL,'[(453,277), (453,297), (146,297), (146,372), (204,372), (204,352), (581,352), (581,277)]');
INSERT INTO "aoi" VALUES('ref_101',74,NULL,'[(576,332), (576,332), (146,332), (146,432), (455,432), (455,407), (580,407), (580,332)]');
INSERT INTO "aoi" VALUES('ref_100',76,NULL,'[(477,353), (477,377), (146,377), (146,431), (526,431), (526,407), (580,407), (580,353)]');
INSERT INTO "aoi" VALUES('ref_102',30,NULL,'[(323,277), (323,297), (146,297), (146,352), (511,352), (511,327), (581,327), (580,277)]');
INSERT INTO "aoi" VALUES('ref_100',28,NULL,'[(481,202), (481,222), (150,222), (150,297), (242,297), (242,277), (580,277), (580,202)]');
INSERT INTO "aoi" VALUES('ref_101',28,NULL,'[(242,277), (242,297), (150,297), (150,326), (574,326), (574,302), (580,302), (580,277)]');
INSERT INTO "aoi" VALUES('ref_102',28,NULL,'[(574,326), (574,326), (150,326), (150,372), (528,372), (528,352), (579,352), (579,326)]');
INSERT INTO "aoi" VALUES('ref_103',28,NULL,'[(370,402), (370,422), (150,422), (150,476), (440,476), (440,452), (580,452), (580,402)]');
INSERT INTO "aoi" VALUES('ref_104',28,NULL,'[(315,352), (315,372), (150,372), (150,422), (370,422), (370,402), (579,402), (579,352)]');
INSERT INTO "aoi" VALUES('ref_102',27,NULL,'[(463,402), (463,422), (150,422), (150,472), (410,472), (410,452), (580,452), (580,402)]');
INSERT INTO "aoi" VALUES('ref_103',27,NULL,'[(410,252), (410,272), (150,272), (150,422), (463,422), (463,402), (580,402), (580,252)]');
INSERT INTO "aoi" VALUES('ref_104',27,NULL,'[(410,452), (410,472), (150,472), (150,547), (219,547), (219,527), (579,527), (579,452)]');
INSERT INTO "aoi" VALUES('ref_100',20,NULL,'[(344,202), (344,222), (146,222), (146,297), (492,297), (492,277), (580,277), (580,202)]');
INSERT INTO "aoi" VALUES('ref_101',20,NULL,'[(492,277), (492,297), (146,297), (150,375), (545,375), (545,352), (579,352), (580,277)]');
INSERT INTO "aoi" VALUES('ref_100',18,NULL,'[(221,402), (221,422), (146,422), (146,497), (400,497), (400,477), (580,477), (580,402)]');
INSERT INTO "aoi" VALUES('ref_101',18,NULL,'[(479,352), (479,372), (146,372), (146,422), (221,422), (221,402), (580,402), (580,352)]');
INSERT INTO "aoi" VALUES('ref_102',18,NULL,'[(400,477), (400,497), (146,497), (146,547), (576,547), (576,527), (580,527), (580,477)]');
INSERT INTO "aoi" VALUES('ref_103',18,NULL,'[(471,602), (471,622), (146,622), (146,722), (513,722), (513,702), (580,702), (580,602)]');
INSERT INTO "aoi" VALUES('ref_101',11,NULL,'[(156,237), (156,257), (146,257), (576,357), (576,357), (576,337), (581,337), (581,237)]');
INSERT INTO "aoi" VALUES('ref_100',9,NULL,'[(334,407), (334,427), (146,427), (146,527), (470,527), (470,507), (580,507), (580,407)]');
INSERT INTO "aoi" VALUES('ref_101',9,NULL,'[(309,307), (309,327), (146,327), (146,427), (334,427), (334,407), (580,407), (580,307)]');
INSERT INTO "aoi" VALUES('ref_100',5,NULL,'[(389,327), (389,327), (150,327), (150,452), (425,452), (425,432), (579,432), (579,327)]');
INSERT INTO "aoi" VALUES('ref_101',5,NULL,'[(425,432), (425,452), (150,452), (150,527), (277,527), (277,507), (579,507), (579,432)]');
INSERT INTO "aoi" VALUES('ref_103',5,NULL,'[(277,507), (277,527), (150,527), (150,602), (421,602), (421,582), (579,582), (579,507)]');
INSERT INTO "aoi" VALUES('ref_104',5,NULL,'[(421,582), (421,602), (150,602), (150,656), (574,656), (574,632), (580,632), (580,582)]');
INSERT INTO "aoi" VALUES('ref_106',5,NULL,'[(574,756), (574,756), (150,756), (150,827), (483,827), (483,807), (580,807), (580,756)]');
INSERT INTO "aoi" VALUES('ref_109',5,NULL,'[(574,656), (574,656), (150,656), (150,756), (574,756), (574,732), (579,732), (579,656)]');
INSERT INTO "aoi" VALUES('ref_110',5,NULL,'[(483,807), (483,827), (150,827), (150,927), (253,927), (253,907), (580,907), (580,807)]');
INSERT INTO "aoi" VALUES('ref_100',3,NULL,'[(379,507), (379,527), (146,527), (146,577), (419,577), (419,557), (580,557), (580,507)]');
INSERT INTO "aoi" VALUES('ref_101',3,NULL,'[(359,432), (359,452), (146,452), (146,527), (379,527), (379,507), (580,507), (580,432)]');
INSERT INTO "aoi" VALUES('ref_102',3,NULL,'[(402,682), (402,702), (146,702), (146,802), (387,802), (387,782), (580,782), (580,682)]');
INSERT INTO "aoi" VALUES('ref_104',3,NULL,'[(387,782), (387,802), (146,802), (146,877), (428,877), (428,857), (580,857), (580,782)]');
INSERT INTO "aoi" VALUES('ref_105',3,NULL,'[(419,557), (419,577), (146,577), (146,702), (402,702), (402,682), (580,682), (580,557)]');
INSERT INTO "aoi" VALUES('ref_101',76,'','[(227,275), (227,302), (146,302), (146,331), (273,331), (273,307), (580,307), (580,275)]');
INSERT INTO "aoi" VALUES('ref_106',3,NULL,'[(434,264), (434,275), (146,275), (146,405), (491,401), (490,380), (580,377), (580,253)]');
INSERT INTO "aoi" VALUES('ref_100',30,NULL,'[(576,222), (576,222), (146,222), (146,297), (323,297), (323,277), (581,277), (580,227)]');
INSERT INTO "aoi" VALUES('Text',27,NULL,'[[(141,77), (583,77), (583,557), (141,557)], [(413,252), (413,272), (155,272), (155,422), (464,422), (464,402), (574,402), (574,252)], [(464,402), (464,422), (155,422), (155,472), (412,472), (412,452), (574,452), (574,402)], [(412,452), (412,472), (155,472), (155,547), (225,547), (225,527), (574,527), (574,452)]]');
INSERT INTO "aoi" VALUES('Viz',27,NULL,'[[(600,77), (901,77), (901,594), (600,594)], [(853,157), (880,157), (880,178), (853,178)], [(878,157), (889,157), (889,178), (878,178)], [(853,176), (871,176), (871,196), (853,196)], [(869,176), (876,176), (876,196), (869,196)], [(835,194), (861,194), (861,215), (835,215)], [(859,194), (886,194), (886,215), (859,215)], [(785,213), (843,213), (843,233), (785,233)], [(840,213), (884,213), (884,233), (840,233)], [(784,232), (853,232), (853,252), (784,252)], [(850,232), (886,232), (886,252), (850,252)], [(783,250), (842,250), (842,272), (783,272)], [(840,250), (884,250), (884,272), (840,272)], [(772,269), (827,269), (827,289), (772,289)], [(825,269), (875,269), (875,289), (825,289)], [(770,288), (818,288), (818,309), (770,309)], [(816,288), (872,288), (872,309), (816,309)], [(681,307), (747,307), (747,328), (681,328)], [(745,307), (819,307), (819,328), (745,328)], [(817,307), (886,307), (886,328), (817,328)], [(679,326), (746,326), (746,347), (679,347)], [(744,326), (836,326), (836,347), (744,347)], [(834,326), (868,326), (868,347), (834,347)], [(680,344), (742,344), (742,366), (680,366)], [(740,344), (831,344), (831,366), (740,366)], [(829,344), (887,344), (887,366), (829,366)], [(680,363), (741,363), (741,384), (680,384)], [(739,363), (813,363), (813,384), (739,384)], [(811,363), (886,363), (886,384), (811,384)], [(680,383), (734,383), (734,402), (680,402)], [(733,382), (783,382), (783,403), (733,403)], [(680,402), (732,402), (732,421), (680,421)], [(731,401), (788,401), (788,421), (731,421)], [(681,420), (726,420), (726,441), (681,441)], [(724,420), (804,420), (804,441), (724,441)], [(681,439), (727,439), (727,460), (681,460)], [(725,439), (786,439), (786,460), (725,460)], [(681,457), (727,457), (727,478), (681,478)], [(725,457), (786,457), (786,478), (725,478)], [(680,476), (718,476), (718,497), (680,497)], [(716,476), (811,476), (811,497), (716,497)], [(809,476), (880,476), (880,496), (809,496)], [(680,496), (714,496), (714,515), (680,515)], [(712,495), (816,495), (816,516), (712,516)], [(814,495), (884,495), (884,516), (814,516)], [(679,514), (708,514), (708,536), (679,536)], [(706,514), (763,514), (763,535), (706,535)], [(680,532), (699,532), (699,553), (680,553)], [(697,532), (721,532), (721,553), (697,553)], [(680,157), (855,157), (855,177), (680,177)], [(680,176), (854,176), (854,196), (680,196)], [(680,195), (836,195), (836,214), (680,214)], [(680,213), (788,213), (788,233), (680,233)], [(680,232), (786,232), (786,252), (680,252)], [(680,251), (784,251), (784,271), (680,271)], [(680,270), (775,270), (775,290), (680,290)], [(680,289), (772,289), (772,309), (680,309)], [(781,382), (871,382), (871,402), (781,402)], [(786,401), (886,401), (886,421), (786,421)], [(802,420), (886,420), (886,440), (802,440)], [(784,439), (884,439), (884,459), (784,459)], [(784,458), (880,458), (880,478), (784,478)], [(761,514), (887,514), (887,534), (761,534)], [(720,533), (889,533), (889,553), (720,553)]]');
INSERT INTO "aoi" VALUES('Refs',27,NULL,'[[(413,252), (413,272), (155,272), (155,422), (464,422), (464,402), (574,402), (574,252)]]');
INSERT INTO "aoi" VALUES('Non-relevant bars',27,NULL,'[[(853,157), (880,157), (880,178), (853,178)]]');
INSERT INTO "aoi" VALUES('Relevant bars',27,NULL,'[[(680,157), (855,157), (855,177), (680,177)]]');
INSERT INTO "aoi" VALUES('legend',27,NULL,'[[(634,127), (897,127), (897,151), (634,151)]]');
INSERT INTO "aoi" VALUES('labels',27,NULL,'[[(612,159), (678,159), (678,550), (612,550)]]');
INSERT INTO "aoi" VALUES('Text',60,NULL,'[[(148,78), (580,78), (580,382), (148,382)], [(251,307), (251,327), (155,327), (155,377), (403,377), (403,357), (574,357), (574,307)], [(155,207), (155,227), (155,227), (155,302), (574,302), (574,282), (574,282), (574,207)]]');
INSERT INTO "aoi" VALUES('Viz',60,NULL,'[[(603,76), (1092,76), (1092,603), (603,603)], [(739.5,183), (773.5,183), (773.5,209.5), (739.5,209.5)], [(774,272), (806,272), (806,298.5), (774,298.5)], [(823.5,155), (856.5,155), (856.5,182.5), (823.5,182.5)], [(857,284), (889,284), (889,311.5), (857,311.5)], [(906.5,158), (941.5,158), (941.5,185.5), (906.5,185.5)], [(941,272), (973,272), (973,298.5), (941,298.5)], [(990.5,185), (1023.5,185), (1023.5,212.5), (990.5,212.5)], [(1024,282), (1056,282), (1056,308.5), (1024,308.5)], [(656.5,172), (689.5,172), (689.5,199.5), (656.5,199.5)], [(690,278), (722,278), (722,305.5), (690,305.5)], [(823.5,182.5), (856.5,182.5), (856.5,397.5), (823.5,397.5)], [(906.5,185.5), (941.5,185.5), (941.5,397.5), (906.5,397.5)], [(656.5,199.5), (689.5,199.5), (689.5,397.5), (656.5,397.5)], [(739.5,209.5), (773.5,209.5), (773.5,397.5), (739.5,397.5)], [(990.5,212.5), (1023.5,212.5), (1023.5,397.5), (990.5,397.5)], [(774,298.5), (806,298.5), (806,397.5), (774,397.5)], [(941,298.5), (973,298.5), (973,397.5), (941,397.5)], [(690,305.5), (722,305.5), (722,397.5), (690,397.5)], [(1024,308.5), (1056,308.5), (1056,397.5), (1024,397.5)], [(857,311.5), (889,311.5), (889,397.5), (857,397.5)]]');
INSERT INTO "aoi" VALUES('Refs',60,NULL,'[[(251,307), (251,327), (155,327), (155,377), (403,377), (403,357), (574,357), (574,307)]]');
INSERT INTO "aoi" VALUES('Relevant bars',60,NULL,'[[(739.5,183), (773.5,183), (773.5,209.5), (739.5,209.5)]]');
INSERT INTO "aoi" VALUES('legend',60,NULL,'[[(640,478), (884,478), (884,528), (640,528)]]');
INSERT INTO "aoi" VALUES('labels',60,NULL,'[[(649,404), (1052,404), (1052,471), (649,471)]]');
INSERT INTO "aoi" VALUES('Text',11,NULL,'[[(147,77), (583,77), (583,510), (136,510)], [(155,237), (155,257), (155,257), (155,357), (574,357), (574,337), (574,337), (574,237)]]');
INSERT INTO "aoi" VALUES('Viz',11,NULL,'[[(610,81), (1163,81), (1163,470), (610,470)], [(810.5,163.5), (840.5,163.5), (840.5,398.5), (810.5,398.5)], [(783.5,184.5), (813.5,184.5), (813.5,398.5), (783.5,398.5)], [(910.5,184.5), (937.5,184.5), (937.5,398.5), (910.5,398.5)], [(935.5,194.5), (961.5,194.5), (961.5,398.5), (935.5,398.5)], [(960.5,218.5), (986.5,218.5), (986.5,398.5), (960.5,398.5)], [(1031.5,272.5), (1057.5,272.5), (1057.5,398.5), (1031.5,398.5)], [(665.5,279.5), (691.5,279.5), (691.5,398.5), (665.5,398.5)], [(690.5,288.5), (715.5,288.5), (715.5,398.5), (690.5,398.5)], [(713.5,288.5), (740.5,288.5), (740.5,398.5), (713.5,398.5)], [(1079.5,288.5), (1105.5,288.5), (1105.5,398.5), (1079.5,398.5)], [(1056.5,294.5), (1081.5,294.5), (1081.5,398.5), (1056.5,398.5)], [(1104,287), (1129,287), (1129,399), (1104,399)], [(984,188), (1012,188), (1012,399), (984,399)], [(738,273), (764,273), (764,399), (738,399)], [(839.5,197.5), (864.5,197.5), (864.5,397.5), (839.5,397.5)], [(865,155), (892,155), (892,397), (865,397)]]');
INSERT INTO "aoi" VALUES('Refs',11,NULL,'[[(155,237), (155,257), (155,257), (155,357), (574,357), (574,337), (574,337), (574,237)]]');
INSERT INTO "aoi" VALUES('Non-relevant bars',11,NULL,'[[(810.5,163.5), (840.5,163.5), (840.5,398.5), (810.5,398.5)]]');
INSERT INTO "aoi" VALUES('Relevant bars',11,NULL,'[[(839.5,197.5), (864.5,197.5), (864.5,397.5), (839.5,397.5)]]');
INSERT INTO "aoi" VALUES('legend',11,NULL,'[[(667,118), (764,118), (764,187), (667,187)]]');
INSERT INTO "aoi" VALUES('labels',11,NULL,'[[(693,404), (1117,404), (1117,434), (693,434)]]');
INSERT INTO "aoi" VALUES('Text',30,NULL,'[[(149,78), (581,78), (581,352), (149,352)], [(323,277), (323,297), (155,297), (155,347), (510,347), (510,327), (574,327), (574,277)], [(155,227), (155,247), (155,247), (155,297), (323,297), (323,277), (574,277), (574,227)]]');
INSERT INTO "aoi" VALUES('Viz',30,NULL,'[[(602,78), (913,78), (913,578), (602,578)], [(743,147.5), (778,147.5), (778,164.5), (743,164.5)], [(714,177.5), (779,177.5), (779,193.5), (714,193.5)], [(711,193.5), (779,193.5), (779,207.5), (711,207.5)], [(710,206.5), (778,206.5), (778,223.5), (710,223.5)], [(702,221.5), (779,221.5), (779,238.5), (702,238.5)], [(710,236.5), (778,236.5), (778,253.5), (710,253.5)], [(777,236.5), (852,236.5), (852,253.5), (777,253.5)], [(693,251.5), (779,251.5), (779,268.5), (693,268.5)], [(778,251.5), (849,251.5), (849,268.5), (778,268.5)], [(706,266.5), (778,266.5), (778,281.5), (706,281.5)], [(777,267.5), (845,267.5), (845,282.5), (777,282.5)], [(699,281.5), (778,281.5), (778,297.5), (699,297.5)], [(777,281.5), (845,281.5), (845,297.5), (777,297.5)], [(696,312.5), (778,312.5), (778,327.5), (696,327.5)], [(776,312.5), (834,312.5), (834,326.5), (776,326.5)], [(750,342.5), (779,342.5), (779,357.5), (750,357.5)], [(737,356.5), (779,356.5), (779,372.5), (737,372.5)], [(718,370.5), (779,370.5), (779,386.5), (718,386.5)], [(711,386.5), (778,386.5), (778,401.5), (711,401.5)], [(716,401.5), (778,401.5), (778,416.5), (716,416.5)], [(680,415.5), (779,415.5), (779,430.5), (680,430.5)], [(777,415.5), (829,415.5), (829,430.5), (777,430.5)], [(733,446.5), (778,446.5), (778,461.5), (733,461.5)], [(725,460.5), (778,460.5), (778,476.5), (725,476.5)], [(776,460.5), (849,460.5), (849,476.5), (776,476.5)], [(686,476.5), (778,476.5), (778,491.5), (686,491.5)], [(776,476.5), (841,476.5), (841,491.5), (776,491.5)], [(728,505.5), (779,505.5), (779,521.5), (728,521.5)], [(728,520.5), (779,520.5), (779,536.5), (728,536.5)], [(777,147.5), (894,147.5), (894,163.5), (777,163.5)], [(777,177.5), (865,177.5), (865,192.5), (777,192.5)], [(777,192.5), (862,192.5), (862,207.5), (777,207.5)], [(777,207.5), (861,207.5), (861,222.5), (777,222.5)], [(777,222.5), (857,222.5), (857,237.5), (777,237.5)], [(777,341.5), (899,341.5), (899,356.5), (777,356.5)], [(777,356.5), (888,356.5), (888,371.5), (777,371.5)], [(777,371.5), (866,371.5), (866,386.5), (777,386.5)], [(777,386.5), (860,386.5), (860,401.5), (777,401.5)], [(777,401.5), (856,401.5), (856,416.5), (777,416.5)], [(777,446.5), (878,446.5), (878,461.5), (777,461.5)], [(777,505.5), (882,505.5), (882,520.5), (777,520.5)], [(777,520.5), (877,520.5), (877,536.5), (777,536.5)]]');
INSERT INTO "aoi" VALUES('Refs',30,NULL,'[[(323,277), (323,297), (155,297), (155,347), (510,347), (510,327), (574,327), (574,277)]]');
INSERT INTO "aoi" VALUES('Non-relevant bars',30,NULL,'[[(743,147.5), (778,147.5), (778,164.5), (743,164.5)]]');
INSERT INTO "aoi" VALUES('Relevant bars',30,NULL,'[[(777,147.5), (894,147.5), (894,163.5), (777,163.5)]]');
INSERT INTO "aoi" VALUES('legend',30,NULL,'[[(670,115), (882,115), (882,147), (670,147)]]');
INSERT INTO "aoi" VALUES('labels',30,NULL,'[[(605,149), (671,149), (671,534), (605,534)]]');
INSERT INTO "aoi" VALUES('Text',62,NULL,'[[(147,73), (581,73), (581,556), (147,556)], [(344,307), (344,327), (155,327), (155,377), (226,377), (226,357), (574,357), (574,307)], [(226,357), (226,377), (155,377), (155,402), (574,402), (574,382), (574,382), (574,357)], [(155,207), (155,227), (155,227), (155,327), (344,327), (344,307), (575,307), (575,207)]]');
INSERT INTO "aoi" VALUES('Viz',62,NULL,'[[(603,73), (1094,73), (1094,626), (603,626)], [(814.5,96), (867.5,96), (867.5,123.5), (814.5,123.5)], [(867,250), (919,250), (919,278.5), (867,278.5)], [(948.5,206), (1002.5,206), (1002.5,233.5), (948.5,233.5)], [(1002,334), (1054,334), (1054,360.5), (1002,360.5)], [(680.5,78), (734.5,78), (734.5,103.5), (680.5,103.5)], [(734,182), (786,182), (786,209.5), (734,209.5)], [(680.5,103.5), (734.5,103.5), (734.5,412.5), (680.5,412.5)], [(814.5,123.5), (867.5,123.5), (867.5,412.5), (814.5,412.5)], [(734,209.5), (786,209.5), (786,412.5), (734,412.5)], [(948.5,233.5), (1002.5,233.5), (1002.5,412.5), (948.5,412.5)], [(867,278.5), (919,278.5), (919,412.5), (867,412.5)], [(1002,360.5), (1054,360.5), (1054,412.5), (1002,412.5)]]');
INSERT INTO "aoi" VALUES('Refs',62,NULL,'[[(344,307), (344,327), (155,327), (155,377), (226,377), (226,357), (574,357), (574,307)]]');
INSERT INTO "aoi" VALUES('Relevant bars',62,NULL,'[[(814.5,96), (867.5,96), (867.5,123.5), (814.5,123.5)]]');
INSERT INTO "aoi" VALUES('legend',62,NULL,'[[(653,499), (1071,499), (1071,556), (653,556)]]');
INSERT INTO "aoi" VALUES('labels',62,NULL,'[[(704,424), (1057,424), (1057,490), (704,490)]]');
INSERT INTO "aoi" VALUES('Text',72,NULL,'[[(149,80), (578,80), (578,424), (149,424)], [(155,252), (155,272), (155,272), (155,297), (453,297), (453,277), (574,277), (574,252)], [(203,352), (203,372), (155,372), (155,422), (362,422), (362,402), (575,402), (575,352)], [(453,277), (453,297), (155,297), (155,372), (203,372), (203,352), (574,352), (574,277)]]');
INSERT INTO "aoi" VALUES('Viz',72,NULL,'[[(603,80), (1023,80), (1023,353), (603,353)], [(663,163), (681,163), (681,295), (663,295)], [(679,279), (698,279), (698,295), (679,295)], [(705,158), (724,158), (724,295), (705,295)], [(722,173), (741,173), (741,295), (722,295)], [(740,275), (757,275), (757,295), (740,295)], [(765,153), (783,153), (783,295), (765,295)], [(781,172), (800,172), (800,295), (781,295)], [(798,283), (816,283), (816,295), (798,295)], [(824,133), (842,133), (842,295), (824,295)], [(840,194), (859,194), (859,295), (840,295)], [(857,279), (876,279), (876,294), (857,294)], [(918,278), (935,278), (935,295), (918,295)], [(647,165), (663,165), (663,294), (647,294)], [(883,197), (900,197), (900,294), (883,294)], [(900,132), (917,132), (917,294), (900,294)]]');
INSERT INTO "aoi" VALUES('Refs',72,NULL,'[[(155,252), (155,272), (155,272), (155,297), (453,297), (453,277), (574,277), (574,252)]]');
INSERT INTO "aoi" VALUES('Non-relevant bars',72,NULL,'[[(663,163), (681,163), (681,295), (663,295)]]');
INSERT INTO "aoi" VALUES('Relevant bars',72,NULL,'[[(647,165), (663,165), (663,294), (647,294)]]');
INSERT INTO "aoi" VALUES('legend',72,NULL,'[[(938,222), (1020,222), (1020,301), (938,301)]]');
INSERT INTO "aoi" VALUES('labels',72,NULL,'[[(652,297), (926,297), (926,349), (652,349)]]');
INSERT INTO "aoi" VALUES('Text',28,NULL,'[[(148,78), (581,78), (581,481), (148,481)], [(483,202), (483,222), (155,222), (155,297), (244,297), (244,277), (574,277), (574,202)], [(244,277), (244,297), (155,297), (155,322), (574,322), (574,302), (574,302), (574,277)], [(155,327), (155,347), (155,347), (155,372), (534,372), (534,352), (574,352), (574,327)], [(378,402), (378,422), (155,422), (155,472), (441,472), (441,452), (574,452), (574,402)], [(534,352), (534,372), (155,372), (155,422), (378,422), (378,402), (574,402), (574,352)]]');
INSERT INTO "aoi" VALUES('Viz',28,NULL,'[[(603,76), (910,76), (910,593), (603,593)], [(826,155.5), (863,155.5), (863,176.5), (826,176.5)], [(861,155.5), (888,155.5), (888,176.5), (861,176.5)], [(824,174.5), (870,174.5), (870,193.5), (824,193.5)], [(867,175.5), (880,175.5), (880,193.5), (867,193.5)], [(779,193.5), (823,193.5), (823,213.5), (779,213.5)], [(821,194.5), (875,194.5), (875,213.5), (821,213.5)], [(764,212.5), (811,212.5), (811,232.5), (764,232.5)], [(809,212.5), (887,212.5), (887,232.5), (809,232.5)], [(673,231.5), (753,231.5), (753,251.5), (673,251.5)], [(751,231.5), (808,231.5), (808,251.5), (751,251.5)], [(806,231.5), (884,231.5), (884,251.5), (806,251.5)], [(674,250.5), (743,250.5), (743,270.5), (674,270.5)], [(740,250.5), (821,250.5), (821,270.5), (740,270.5)], [(819,250.5), (882,250.5), (882,270.5), (819,270.5)], [(673,268.5), (743,268.5), (743,289.5), (673,289.5)], [(741,268.5), (822,268.5), (822,289.5), (741,289.5)], [(819,268.5), (888,268.5), (888,289.5), (819,289.5)], [(674,288.5), (739,288.5), (739,308.5), (674,308.5)], [(737,287.5), (817,287.5), (817,308.5), (737,308.5)], [(815,288.5), (884,288.5), (884,307.5), (815,307.5)], [(673,306.5), (734,306.5), (734,325.5), (673,325.5)], [(732,306.5), (798,306.5), (798,326.5), (732,326.5)], [(673,326.5), (733,326.5), (733,344.5), (673,344.5)], [(730,326.5), (814,326.5), (814,344.5), (730,344.5)], [(812,325.5), (886,325.5), (886,345.5), (812,345.5)], [(673,344.5), (724,344.5), (724,364.5), (673,364.5)], [(721,344.5), (826,344.5), (826,363.5), (721,363.5)], [(824,344.5), (886,344.5), (886,363.5), (824,363.5)], [(673,363.5), (723,363.5), (723,383.5), (673,383.5)], [(721,363.5), (759,363.5), (759,383.5), (721,383.5)], [(673,383.5), (722,383.5), (722,402.5), (673,402.5)], [(719,382.5), (791,382.5), (791,402.5), (719,402.5)], [(673,400.5), (718,400.5), (718,419.5), (673,419.5)], [(716,400.5), (790,400.5), (790,419.5), (716,419.5)], [(674,420.5), (715,420.5), (715,439.5), (674,439.5)], [(713,420.5), (782,420.5), (782,439.5), (713,439.5)], [(673,439.5), (709,439.5), (709,458.5), (673,458.5)], [(707,439.5), (790,439.5), (790,458.5), (707,458.5)], [(673,457.5), (708,457.5), (708,476.5), (673,476.5)], [(706,457.5), (779,457.5), (779,477.5), (706,477.5)], [(673,476.5), (705,476.5), (705,495.5), (673,495.5)], [(703,476.5), (786,476.5), (786,495.5), (703,495.5)], [(673,495.5), (700,495.5), (700,514.5), (673,514.5)], [(698,495.5), (716,495.5), (716,514.5), (698,514.5)], [(673,514.5), (698,514.5), (698,533.5), (673,533.5)], [(696,514.5), (799,514.5), (799,533.5), (696,533.5)], [(673,532.5), (693,532.5), (693,551.5), (673,551.5)], [(691,532.5), (759,532.5), (759,551.5), (691,551.5)], [(673,155.5), (828,155.5), (828,175.5), (673,175.5)], [(673,175.5), (825,175.5), (825,194.5), (673,194.5)], [(673,194.5), (781,194.5), (781,213.5), (673,213.5)], [(673,213.5), (766,213.5), (766,232.5), (673,232.5)], [(797,306.5), (884,306.5), (884,325.5), (797,325.5)], [(758,363.5), (882,363.5), (882,382.5), (758,382.5)], [(789,382.5), (888,382.5), (888,401.5), (789,401.5)], [(788,401.5), (886,401.5), (886,420.5), (788,420.5)], [(780,420.5), (887,420.5), (887,439.5), (780,439.5)], [(789,439.5), (880,439.5), (880,458.5), (789,458.5)], [(778,458.5), (888,458.5), (888,477.5), (778,477.5)], [(784,477.5), (889,477.5), (889,495.5), (784,495.5)], [(714,495.5), (888,495.5), (888,514.5), (714,514.5)], [(797,514.5), (888,514.5), (888,533.5), (797,533.5)], [(757,533.5), (889,533.5), (889,552.5), (757,552.5)]]');
INSERT INTO "aoi" VALUES('Refs',28,NULL,'[[(483,202), (483,222), (155,222), (155,297), (244,297), (244,277), (574,277), (574,202)]]');
INSERT INTO "aoi" VALUES('Non-relevant bars',28,NULL,'[[(826,155.5), (863,155.5), (863,176.5), (826,176.5)]]');
INSERT INTO "aoi" VALUES('Relevant bars',28,NULL,'[[(673,155.5), (828,155.5), (828,175.5), (673,175.5)]]');
INSERT INTO "aoi" VALUES('legend',28,NULL,'[[(632,132), (898,132), (898,156), (632,156)]]');
INSERT INTO "aoi" VALUES('labels',28,NULL,'[[(607,159), (671,159), (671,550), (607,550)]]');
INSERT INTO "aoi" VALUES('Text',74,NULL,'[[(147,80), (580,80), (580,434), (147,434)], [(155,357), (155,377), (155,377), (155,427), (454,427), (454,407), (574,407), (574,357)]]');
INSERT INTO "aoi" VALUES('Viz',74,NULL,'[[(611,85), (1093,85), (1093,592), (611,592)], [(772.5,248.5), (836,248.5), (836,277.5), (772.5,277.5)], [(768.5,276.5), (834,276.5), (834,305.5), (768.5,305.5)], [(760.5,303.5), (825,303.5), (825,332.5), (760.5,332.5)], [(758.5,331.5), (823,331.5), (823,360.5), (758.5,360.5)], [(757.5,358.5), (823,358.5), (823,387.5), (757.5,387.5)], [(757.5,386.5), (823,386.5), (823,415.5), (757.5,415.5)], [(757.5,413.5), (823,413.5), (823,442.5), (757.5,442.5)], [(756.5,441.5), (822,441.5), (822,470.5), (756.5,470.5)], [(758,469), (810,469), (810,522), (758,522)], [(750.5,248.5), (772.5,248.5), (772.5,277.5), (750.5,277.5)], [(750.5,276.5), (768.5,276.5), (768.5,305.5), (750.5,305.5)], [(750.5,303.5), (760.5,303.5), (760.5,332.5), (750.5,332.5)], [(750.5,331.5), (758.5,331.5), (758.5,360.5), (750.5,360.5)], [(750.5,358.5), (757.5,358.5), (757.5,387.5), (750.5,387.5)], [(750.5,386.5), (757.5,386.5), (757.5,415.5), (750.5,415.5)], [(750.5,413.5), (757.5,413.5), (757.5,442.5), (750.5,442.5)], [(750.5,441.5), (756.5,441.5), (756.5,470.5), (750.5,470.5)], [(834.5,193.5), (905,193.5), (905,222.5), (834.5,222.5)], [(823.5,221), (895,221), (823.5,250), (895,250)], [(933.5,166.5), (1005,166.5), (1005,195.5), (933.5,195.5)], [(750.5,166.5), (933.5,166.5), (933.5,195.5), (750.5,195.5)], [(750.5,193.5), (834.5,193.5), (834.5,222.5), (750.5,222.5)], [(750.5,221), (823.5,221), (823.5,250), (750.5,250)]]');
INSERT INTO "aoi" VALUES('Refs',74,NULL,'[[(155,357), (155,377), (155,377), (155,427), (454,427), (454,407), (574,407), (574,357)]]');
INSERT INTO "aoi" VALUES('Non-relevant bars',74,NULL,'[[(772.5,248.5), (836,248.5), (836,277.5), (772.5,277.5)]]');
INSERT INTO "aoi" VALUES('Relevant bars',74,NULL,'[[(834.5,193.5), (905,193.5), (905,222.5), (834.5,222.5)]]');
INSERT INTO "aoi" VALUES('labels',74,NULL,'[[(632,173), (744,173), (744,517), (632,517)]]');
INSERT INTO "aoi" VALUES('Text',5,NULL,'[[(149,79), (586,79), (586,929), (149,929)], [(155,657), (155,677), (155,677), (155,752), (574,752), (574,732), (574,732), (574,657)], [(484,807), (484,827), (155,827), (155,927), (254,927), (254,907), (574,907), (574,807)], [(155,332), (155,352), (155,352), (155,452), (427,452), (427,432), (574,432), (574,332)], [(427,432), (427,452), (155,452), (155,527), (279,527), (279,507), (574,507), (574,432)], [(279,507), (279,527), (155,527), (155,602), (422,602), (422,582), (574,582), (574,507)], [(422,582), (422,602), (155,602), (155,652), (574,652), (574,632), (574,632), (574,582)], [(155,757), (155,777), (155,777), (155,827), (484,827), (484,807), (574,807), (574,757)]]');
INSERT INTO "aoi" VALUES('Viz',5,NULL,'[[(609,84), (1082,84), (1082,780), (609,780)], [(909,231.5), (1013,231.5), (1013,262.5), (909,262.5)], [(1012,231.5), (1032,231.5), (1032,262.5), (1012,262.5)], [(899,263.5), (1016,263.5), (1016,294.5), (899,294.5)], [(1015,263.5), (1034,263.5), (1034,294.5), (1015,294.5)], [(861,294.5), (1001,294.5), (1001,325.5), (861,325.5)], [(999,294.5), (1022,294.5), (1022,325.5), (999,325.5)], [(767,326.5), (835,326.5), (835,356.5), (767,356.5)], [(1003,326.5), (1022,326.5), (1022,356.5), (1003,356.5)], [(767,356.5), (821,356.5), (821,388.5), (767,388.5)], [(990,356.5), (1013,356.5), (1013,388.5), (990,388.5)], [(767,450.5), (805,450.5), (805,481.5), (767,481.5)], [(984,450.5), (1008,450.5), (1008,481.5), (984,481.5)], [(767,481.5), (801,481.5), (801,513.5), (767,513.5)], [(985,481.5), (1011,481.5), (1011,513.5), (985,513.5)], [(767,231.5), (911,231.5), (911,262.5), (767,262.5)], [(767,263.5), (900,263.5), (900,294.5), (767,294.5)], [(767,294.5), (862,294.5), (862,325.5), (767,325.5)], [(833,326.5), (1005,326.5), (1005,356.5), (833,356.5)], [(819,357.5), (992,357.5), (992,388.5), (819,388.5)], [(767,388.5), (807,388.5), (807,419.5), (767,419.5)], [(806,388.5), (977,388.5), (977,419.5), (806,419.5)], [(976,388.5), (1033,388.5), (1033,419.5), (976,419.5)], [(767,419.5), (800,419.5), (800,450.5), (767,450.5)], [(799,419.5), (977,419.5), (977,450.5), (799,450.5)], [(976,419.5), (1024,419.5), (1024,450.5), (976,450.5)], [(802,450.5), (986,450.5), (986,481.5), (802,481.5)], [(799,481.5), (987,481.5), (987,512.5), (799,512.5)], [(767,513.5), (777,513.5), (777,544.5), (767,544.5)], [(776,513.5), (967,513.5), (967,544.5), (776,544.5)], [(967,513.5), (996,513.5), (996,544.5), (967,544.5)], [(767,544.5), (777,544.5), (777,576.5), (767,576.5)], [(776,544.5), (967,544.5), (967,576.5), (776,576.5)], [(967,544.5), (994,544.5), (994,576.5), (967,576.5)], [(767,575.5), (772,575.5), (772,607.5), (767,607.5)], [(772,575.5), (973,575.5), (973,607.5), (772,607.5)], [(973,575.5), (997,575.5), (997,607.5), (973,607.5)]]');
INSERT INTO "aoi" VALUES('Refs',5,NULL,'[[(155,657), (155,677), (155,677), (155,752), (574,752), (574,732), (574,732), (574,657)]]');
INSERT INTO "aoi" VALUES('Non-relevant bars',5,NULL,'[[(909,231.5), (1013,231.5), (1013,262.5), (909,262.5)]]');
INSERT INTO "aoi" VALUES('Relevant bars',5,NULL,'[[(767,231.5), (911,231.5), (911,262.5), (767,262.5)]]');
INSERT INTO "aoi" VALUES('legend',5,NULL,'[[(749,191), (1059,191), (1059,218), (749,218)]]');
INSERT INTO "aoi" VALUES('labels',5,NULL,'[[(623,239), (764,239), (764,599), (623,599)]]');
INSERT INTO "aoi" VALUES('Text',20,NULL,'[[(149,80), (583,80), (583,378), (149,378)], [(344,202), (344,222), (155,222), (155,297), (491,297), (491,277), (574,277), (574,202)], [(491,277), (491,297), (155,297), (155,372), (539,372), (539,352), (574,352), (574,277)]]');
INSERT INTO "aoi" VALUES('Viz',20,NULL,'[[(600,76), (896,76), (896,461), (600,461)], [(828,184.5), (853,184.5), (853,217.5), (828,217.5)], [(809,216.5), (833,216.5), (833,248.5), (809,248.5)], [(872,279.5), (893,279.5), (893,311.5), (872,311.5)], [(807,343.5), (832,343.5), (832,374.5), (807,374.5)], [(700,184.5), (828,184.5), (828,217.5), (700,217.5)], [(700,216.5), (809,216.5), (809,248.5), (700,248.5)], [(700,279.5), (872,279.5), (872,311.5), (700,311.5)], [(700,343.5), (807,343.5), (807,374.5), (700,374.5)]]');
INSERT INTO "aoi" VALUES('Refs',20,NULL,'[[(344,202), (344,222), (155,222), (155,297), (491,297), (491,277), (574,277), (574,202)]]');
INSERT INTO "aoi" VALUES('Relevant bars',20,NULL,'[[(828,184.5), (853,184.5), (853,217.5), (828,217.5)]]');
INSERT INTO "aoi" VALUES('labels',20,NULL,'[[(616,194), (697,194), (697,241), (616,241)]]');
INSERT INTO "aoi" VALUES('Text',76,NULL,'[[(149,80), (579,80), (579,429), (135,429)], [(477,357), (477,377), (155,377), (155,427), (525,427), (525,407), (574,407), (574,357)], [(226,282), (226,302), (155,302), (155,327), (272,327), (272,307), (574,307), (574,282)]]');
INSERT INTO "aoi" VALUES('Viz',76,NULL,'[[(605,82), (1078,82), (1078,587), (605,587)], [(654.5,490), (707,490), (707,508.5), (654.5,508.5)], [(654.5,508.5), (700.5,508.5), (700.5,522.5), (654.5,522.5)], [(713.5,370), (772.5,370), (772.5,387.5), (713.5,387.5)], [(771.5,314), (830.5,314), (830.5,332.5), (771.5,332.5)], [(888.5,179), (947.5,179), (947.5,197.5), (888.5,197.5)], [(947.5,158), (1006.5,158), (1006.5,176.5), (947.5,176.5)], [(830.5,263), (889.5,263), (889.5,281.5), (830.5,281.5)], [(947.5,176.5), (992.5,176.5), (992.5,523.5), (947.5,523.5)], [(888.5,197.5), (933.5,197.5), (933.5,523.5), (888.5,523.5)], [(830.5,281.5), (876.5,281.5), (876.5,522.5), (830.5,522.5)], [(771.5,332.5), (816.5,332.5), (816.5,523.5), (771.5,523.5)], [(713.5,387.5), (758.5,387.5), (758.5,523.5), (713.5,523.5)]]');
INSERT INTO "aoi" VALUES('Refs',76,NULL,'[[(477,357), (477,377), (155,377), (155,427), (525,427), (525,407), (574,407), (574,357)]]');
INSERT INTO "aoi" VALUES('Non-relevant bars',76,NULL,'[[(654.5,490), (707,490), (707,508.5), (654.5,508.5)]]');
INSERT INTO "aoi" VALUES('Relevant bars',76,NULL,'[[(713.5,370), (772.5,370), (772.5,387.5), (713.5,387.5)]]');
INSERT INTO "aoi" VALUES('labels',76,NULL,'[[(660,529), (989,529), (989,544), (660,544)]]');
INSERT INTO "aoi" VALUES('Text',66,NULL,'[[(149,80), (579,80), (605,500), (136,500)], [(543,427), (543,447), (155,447), (155,497), (292,497), (292,477), (574,477), (574,427)], [(347,352), (347,372), (155,372), (155,447), (543,447), (543,427), (574,427), (574,352)]]');
INSERT INTO "aoi" VALUES('Viz',66,NULL,'[[(603,79), (904,79), (904,637), (603,637)], [(721.5,235.5), (788.5,235.5), (788.5,263.5), (721.5,263.5)], [(721.5,289.5), (753.5,289.5), (753.5,318.5), (721.5,318.5)], [(721,263), (761,263), (761,291), (721,291)], [(725,408), (839,408), (839,437), (725,437)], [(725,436), (812,436), (812,464), (725,464)], [(725,463), (799,463), (799,492), (725,492)], [(721.5,180.5), (782.5,180.5), (782.5,208.5), (721.5,208.5)], [(721.5,207.5), (821.5,207.5), (821.5,235.5), (721.5,235.5)], [(725,354), (831,354), (831,382), (725,382)], [(725,381), (862,381), (862,409), (725,409)]]');
INSERT INTO "aoi" VALUES('Refs',66,NULL,'[[(543,427), (543,447), (155,447), (155,497), (292,497), (292,477), (574,477), (574,427)]]');
INSERT INTO "aoi" VALUES('Non-relevant bars',66,NULL,'[[(721.5,235.5), (788.5,235.5), (788.5,263.5), (721.5,263.5)]]');
INSERT INTO "aoi" VALUES('Relevant bars',66,NULL,'[[(721.5,180.5), (782.5,180.5), (782.5,208.5), (721.5,208.5)]]');
INSERT INTO "aoi" VALUES('labels',66,NULL,'[[(633,187), (718,187), (718,312), (633,312)]]');
INSERT INTO "aoi" VALUES('Text',9,NULL,'[[(147,79), (580,79), (580,532), (147,532)], [(334,407), (334,427), (155,427), (155,527), (469,527), (469,507), (574,507), (574,407)], [(308,307), (308,327), (155,327), (155,427), (334,427), (334,407), (574,407), (574,307)]]');
INSERT INTO "aoi" VALUES('Viz',9,NULL,'[[(607,81), (1038,81), (1038,521), (607,521)], [(976,221), (1012,221), (1012,262), (976,262)], [(954,261), (1007,261), (1007,302), (954,302)], [(1005,261), (1014,261), (1014,302), (1005,302)], [(919,302), (999,302), (999,343), (919,343)], [(997,302), (1014,302), (1014,343), (997,343)], [(914,342), (1009,342), (1009,383), (914,383)], [(1007,342), (1016,342), (1016,383), (1007,383)], [(814,383), (870,383), (870,423), (814,423)], [(868,383), (942,383), (942,423), (868,423)], [(940,383), (1014,383), (1014,423), (940,423)], [(813,221), (977,221), (977,262), (813,262)], [(813,261), (956,261), (956,302), (813,302)], [(813,302), (920,302), (920,343), (813,343)], [(814,342), (916,342), (916,383), (814,383)]]');
INSERT INTO "aoi" VALUES('Refs',9,NULL,'[[(334,407), (334,427), (155,427), (155,527), (469,527), (469,507), (574,507), (574,407)]]');
INSERT INTO "aoi" VALUES('Non-relevant bars',9,NULL,'[[(976,221), (1012,221), (1012,262), (976,262)]]');
INSERT INTO "aoi" VALUES('Relevant bars',9,NULL,'[[(813,221), (977,221), (977,262), (813,262)]]');
INSERT INTO "aoi" VALUES('legend',9,NULL,'[[(689,169), (966,169), (966,225), (689,225)]]');
INSERT INTO "aoi" VALUES('labels',9,NULL,'[[(626,233), (810,233), (810,412), (626,412)]]');
INSERT INTO "aoi" VALUES('Text',3,NULL,'[[(146,80), (591,80), (591,879), (146,879)], [(378,507), (378,527), (155,527), (155,577), (419,577), (419,557), (574,557), (574,507)], [(358,432), (358,452), (155,452), (155,527), (378,527), (378,507), (574,507), (574,432)], [(397,682), (397,702), (155,702), (155,802), (387,802), (387,782), (574,782), (574,682)], [(387,782), (387,802), (155,802), (155,877), (421,877), (421,857), (574,857), (574,782)], [(419,557), (419,577), (155,577), (155,702), (397,702), (397,682), (574,682), (574,557)], [(429,257), (429,277), (155,277), (155,402), (487,402), (487,382), (574,382), (574,257)]]');
INSERT INTO "aoi" VALUES('Viz',3,NULL,'[[(607,86), (1080,86), (1080,788), (607,788)], [(940,224.5), (1061,224.5), (1061,257.5), (940,257.5)], [(782,257.5), (892,257.5), (892,290.5), (782,290.5)], [(889,257.5), (1062,257.5), (1062,290.5), (889,290.5)], [(839,324.5), (1062,324.5), (1062,356.5), (839,356.5)], [(836,357.5), (1063,357.5), (1063,389.5), (836,389.5)], [(829,389.5), (1062,389.5), (1062,422.5), (829,422.5)], [(820,422.5), (1062,422.5), (1062,456.5), (820,456.5)], [(804,455.5), (1062,455.5), (1062,488.5), (804,488.5)], [(804,488.5), (1062,488.5), (1062,522.5), (804,522.5)], [(799,523.5), (1062,523.5), (1062,555.5), (799,555.5)], [(802,556.5), (1063,556.5), (1063,588.5), (802,588.5)], [(1061,611.5), (1063,611.5), (1063,622.5), (1061,622.5)], [(799,588.5), (1062,588.5), (1062,621.5), (799,621.5)], [(783,224.5), (942,224.5), (942,257.5), (783,257.5)], [(783,291.5), (849,291.5), (849,324.5), (783,324.5)], [(851,291.5), (1064,291.5), (1064,324.5), (851,324.5)], [(782,324.5), (841,324.5), (841,356.5), (782,356.5)], [(782,357.5), (837,357.5), (837,388.5), (782,388.5)], [(782,389.5), (831,389.5), (831,422.5), (782,422.5)], [(783,423.5), (823,423.5), (823,455.5), (783,455.5)], [(782,455.5), (806,455.5), (806,488.5), (782,488.5)], [(782,489.5), (807,489.5), (807,522.5), (782,522.5)], [(782,523.5), (801,523.5), (801,555.5), (782,555.5)], [(782,555.5), (802,555.5), (802,588.5), (782,588.5)], [(782,588.5), (800,588.5), (800,621.5), (782,621.5)]]');
INSERT INTO "aoi" VALUES('Refs',3,NULL,'[[(378,507), (378,527), (155,527), (155,577), (419,577), (419,557), (574,557), (574,507)]]');
INSERT INTO "aoi" VALUES('Non-relevant bars',3,NULL,'[[(940,224.5), (1061,224.5), (1061,257.5), (940,257.5)]]');
INSERT INTO "aoi" VALUES('Relevant bars',3,NULL,'[[(783,224.5), (942,224.5), (942,257.5), (783,257.5)]]');
INSERT INTO "aoi" VALUES('legend',3,NULL,'[[(768,170), (970,170), (970,217), (768,217)]]');
INSERT INTO "aoi" VALUES('labels',3,NULL,'[[(638,232), (779,232), (779,613), (638,613)]]');
CREATE TABLE intervention_state ( `intervention` TEXT, `active` INTEGER, time_stamp INTEGER, occurences INTEGER);
CREATE TABLE 'labels' ( `id` INTEGER, `interval_value` INTEGER, `task_value` TEXT, `runtime_value` TEXT, PRIMARY KEY(`id`) );
INSERT INTO "labels" VALUES(2,9.51362076413729340629e-02,'0.0951362076413729','0.00428676512370346');
CREATE TABLE 'legend' ( `id` INTEGER, `interval_value` INTEGER, `task_value` TEXT, `runtime_value` TEXT, PRIMARY KEY(`id`) );
INSERT INTO "legend" VALUES(2,0,'0.0','0.0');
CREATE TABLE 'ref_100_fix' ( `id` INTEGER, `time_start` INTEGER, `time_end` INTEGER, `duration` INTEGER, PRIMARY KEY(`id`) );
CREATE TABLE 'ref_101_fix' ( `id` INTEGER, `time_start` INTEGER, `time_end` INTEGER, `duration` INTEGER, PRIMARY KEY(`id`) );
CREATE TABLE 'ref_102_fix' ( `id` INTEGER, `time_start` INTEGER, `time_end` INTEGER, `duration` INTEGER, PRIMARY KEY(`id`) );
INSERT INTO "ref_102_fix" VALUES(1,34138332858,34138456545,123686);
INSERT INTO "ref_102_fix" VALUES(2,34138463538,34138674258,210719);
CREATE TABLE rule_state ( `rule` TEXT, time_stamp INTEGER, active INTEGER, occurences INTEGER);
CREATE TABLE "user_state" (
	`event_name`	TEXT NOT NULL,
	`type`	TEXT,
	`aoi`	TEXT,
	`feature`	TEXT,
	PRIMARY KEY(`event_name`)
);
INSERT INTO "user_state" VALUES('ref_100_fix','fix','ref_100','');
INSERT INTO "user_state" VALUES('ref_101_fix','fix','ref_101','');
INSERT INTO "user_state" VALUES('ref_102_fix','fix','ref_102','');
INSERT INTO "user_state" VALUES('ref_103_fix','fix','ref_103','');
INSERT INTO "user_state" VALUES('ref_104_fix','fix','ref_104','');
INSERT INTO "user_state" VALUES('ref_105_fix','fix','ref_105','');
INSERT INTO "user_state" VALUES('ref_106_fix','fix','ref_106','');
INSERT INTO "user_state" VALUES('ref_107_fix','fix','ref_107','');
INSERT INTO "user_state" VALUES('ref_108_fix','fix','ref_108','');
INSERT INTO "user_state" VALUES('ref_109_fix','fix','ref_109','');
INSERT INTO "user_state" VALUES('ref_110_fix','fix','ref_110',NULL);
INSERT INTO "user_state" VALUES('Text','emdat','Text',NULL);
INSERT INTO "user_state" VALUES('Viz','emdat','Viz',NULL);
INSERT INTO "user_state" VALUES('Refs','emdat','Refs',NULL);
INSERT INTO "user_state" VALUES('Non-relevant bars','emdat','Non-relevant bars',NULL);
INSERT INTO "user_state" VALUES('Relevant bars','emdat','Relevant bars',NULL);
INSERT INTO "user_state" VALUES('legend','emdat','legend',NULL);
INSERT INTO "user_state" VALUES('labels','emdat','labels',NULL);
CREATE TABLE "user_state_task" (
        `event_name`    TEXT,
        `task`  INTEGER,
        PRIMARY KEY(`event_name`,`task`)
);
INSERT INTO "user_state_task" VALUES('ref_102_fix',3);
INSERT INTO "user_state_task" VALUES('ref_101_fix',3);
INSERT INTO "user_state_task" VALUES('ref_100_fix',3);
INSERT INTO "user_state_task" VALUES('ref_100_fix',5);
INSERT INTO "user_state_task" VALUES('ref_101_fix',5);
INSERT INTO "user_state_task" VALUES('ref_103_fix',5);
INSERT INTO "user_state_task" VALUES('ref_100_fix',9);
INSERT INTO "user_state_task" VALUES('ref_101_fix',9);
INSERT INTO "user_state_task" VALUES('ref_100_fix',11);
INSERT INTO "user_state_task" VALUES('ref_101_fix',11);
INSERT INTO "user_state_task" VALUES('ref_104_fix',3);
INSERT INTO "user_state_task" VALUES('ref_105_fix',3);
INSERT INTO "user_state_task" VALUES('ref_104_fix',5);
INSERT INTO "user_state_task" VALUES('ref_106_fix',5);
INSERT INTO "user_state_task" VALUES('ref_109_fix',5);
INSERT INTO "user_state_task" VALUES('ref_110_fix',5);
INSERT INTO "user_state_task" VALUES('ref_100_fix',18);
INSERT INTO "user_state_task" VALUES('ref_101_fix',18);
INSERT INTO "user_state_task" VALUES('ref_102_fix',18);
INSERT INTO "user_state_task" VALUES('ref_103_fix',18);
INSERT INTO "user_state_task" VALUES('ref_100_fix',20);
INSERT INTO "user_state_task" VALUES('ref_101_fix',20);
INSERT INTO "user_state_task" VALUES('ref_102_fix',27);
INSERT INTO "user_state_task" VALUES('ref_103_fix',27);
INSERT INTO "user_state_task" VALUES('ref_104_fix',27);
INSERT INTO "user_state_task" VALUES('ref_100_fix',28);
INSERT INTO "user_state_task" VALUES('ref_101_fix',28);
INSERT INTO "user_state_task" VALUES('ref_103_fix',28);
INSERT INTO "user_state_task" VALUES('ref_104_fix',28);
INSERT INTO "user_state_task" VALUES('ref_102_fix',30);
INSERT INTO "user_state_task" VALUES('ref_100_fix',60);
INSERT INTO "user_state_task" VALUES('ref_101_fix',60);
INSERT INTO "user_state_task" VALUES('ref_100_fix',62);
INSERT INTO "user_state_task" VALUES('ref_101_fix',62);
INSERT INTO "user_state_task" VALUES('ref_102_fix',62);
INSERT INTO "user_state_task" VALUES('ref_100_fix',66);
INSERT INTO "user_state_task" VALUES('ref_101_fix',66);
INSERT INTO "user_state_task" VALUES('ref_100_fix',72);
INSERT INTO "user_state_task" VALUES('ref_102_fix',72);
INSERT INTO "user_state_task" VALUES('ref_101_fix',74);
INSERT INTO "user_state_task" VALUES('ref_100_fix',76);
INSERT INTO "user_state_task" VALUES('ref_101_fix',76);
INSERT INTO "user_state_task" VALUES('ref_106_fix',3);
INSERT INTO "user_state_task" VALUES('ref_100_fix',30);
INSERT INTO "user_state_task" VALUES('Text',27);
INSERT INTO "user_state_task" VALUES('Viz',27);
INSERT INTO "user_state_task" VALUES('Refs',27);
INSERT INTO "user_state_task" VALUES('Non-relevant bars',27);
INSERT INTO "user_state_task" VALUES('Relevant bars',27);
INSERT INTO "user_state_task" VALUES('legend',27);
INSERT INTO "user_state_task" VALUES('labels',27);
INSERT INTO "user_state_task" VALUES('Text',60);
INSERT INTO "user_state_task" VALUES('Viz',60);
INSERT INTO "user_state_task" VALUES('Refs',60);
INSERT INTO "user_state_task" VALUES('Relevant bars',60);
INSERT INTO "user_state_task" VALUES('legend',60);
INSERT INTO "user_state_task" VALUES('labels',60);
INSERT INTO "user_state_task" VALUES('Text',11);
INSERT INTO "user_state_task" VALUES('Viz',11);
INSERT INTO "user_state_task" VALUES('Refs',11);
INSERT INTO "user_state_task" VALUES('Non-relevant bars',11);
INSERT INTO "user_state_task" VALUES('Relevant bars',11);
INSERT INTO "user_state_task" VALUES('legend',11);
INSERT INTO "user_state_task" VALUES('labels',11);
INSERT INTO "user_state_task" VALUES('Text',30);
INSERT INTO "user_state_task" VALUES('Viz',30);
INSERT INTO "user_state_task" VALUES('Refs',30);
INSERT INTO "user_state_task" VALUES('Non-relevant bars',30);
INSERT INTO "user_state_task" VALUES('Relevant bars',30);
INSERT INTO "user_state_task" VALUES('legend',30);
INSERT INTO "user_state_task" VALUES('labels',30);
INSERT INTO "user_state_task" VALUES('Text',62);
INSERT INTO "user_state_task" VALUES('Viz',62);
INSERT INTO "user_state_task" VALUES('Refs',62);
INSERT INTO "user_state_task" VALUES('Relevant bars',62);
INSERT INTO "user_state_task" VALUES('legend',62);
INSERT INTO "user_state_task" VALUES('labels',62);
INSERT INTO "user_state_task" VALUES('Text',72);
INSERT INTO "user_state_task" VALUES('Viz',72);
INSERT INTO "user_state_task" VALUES('Refs',72);
INSERT INTO "user_state_task" VALUES('Non-relevant bars',72);
INSERT INTO "user_state_task" VALUES('Relevant bars',72);
INSERT INTO "user_state_task" VALUES('legend',72);
INSERT INTO "user_state_task" VALUES('labels',72);
INSERT INTO "user_state_task" VALUES('Text',28);
INSERT INTO "user_state_task" VALUES('Viz',28);
INSERT INTO "user_state_task" VALUES('Refs',28);
INSERT INTO "user_state_task" VALUES('Non-relevant bars',28);
INSERT INTO "user_state_task" VALUES('Relevant bars',28);
INSERT INTO "user_state_task" VALUES('legend',28);
INSERT INTO "user_state_task" VALUES('labels',28);
INSERT INTO "user_state_task" VALUES('Text',74);
INSERT INTO "user_state_task" VALUES('Viz',74);
INSERT INTO "user_state_task" VALUES('Refs',74);
INSERT INTO "user_state_task" VALUES('Non-relevant bars',74);
INSERT INTO "user_state_task" VALUES('Relevant bars',74);
INSERT INTO "user_state_task" VALUES('labels',74);
INSERT INTO "user_state_task" VALUES('Text',5);
INSERT INTO "user_state_task" VALUES('Viz',5);
INSERT INTO "user_state_task" VALUES('Refs',5);
INSERT INTO "user_state_task" VALUES('Non-relevant bars',5);
INSERT INTO "user_state_task" VALUES('Relevant bars',5);
INSERT INTO "user_state_task" VALUES('legend',5);
INSERT INTO "user_state_task" VALUES('labels',5);
INSERT INTO "user_state_task" VALUES('Text',20);
INSERT INTO "user_state_task" VALUES('Viz',20);
INSERT INTO "user_state_task" VALUES('Refs',20);
INSERT INTO "user_state_task" VALUES('Relevant bars',20);
INSERT INTO "user_state_task" VALUES('labels',20);
INSERT INTO "user_state_task" VALUES('Text',76);
INSERT INTO "user_state_task" VALUES('Viz',76);
INSERT INTO "user_state_task" VALUES('Refs',76);
INSERT INTO "user_state_task" VALUES('Non-relevant bars',76);
INSERT INTO "user_state_task" VALUES('Relevant bars',76);
INSERT INTO "user_state_task" VALUES('labels',76);
INSERT INTO "user_state_task" VALUES('Text',66);
INSERT INTO "user_state_task" VALUES('Viz',66);
INSERT INTO "user_state_task" VALUES('Refs',66);
INSERT INTO "user_state_task" VALUES('Non-relevant bars',66);
INSERT INTO "user_state_task" VALUES('Relevant bars',66);
INSERT INTO "user_state_task" VALUES('labels',66);
INSERT INTO "user_state_task" VALUES('Text',9);
INSERT INTO "user_state_task" VALUES('Viz',9);
INSERT INTO "user_state_task" VALUES('Refs',9);
INSERT INTO "user_state_task" VALUES('Non-relevant bars',9);
INSERT INTO "user_state_task" VALUES('Relevant bars',9);
INSERT INTO "user_state_task" VALUES('legend',9);
INSERT INTO "user_state_task" VALUES('labels',9);
INSERT INTO "user_state_task" VALUES('Text',3);
INSERT INTO "user_state_task" VALUES('Viz',3);
INSERT INTO "user_state_task" VALUES('Refs',3);
INSERT INTO "user_state_task" VALUES('Non-relevant bars',3);
INSERT INTO "user_state_task" VALUES('Relevant bars',3);
INSERT INTO "user_state_task" VALUES('legend',3);
INSERT INTO "user_state_task" VALUES('labels',3);
COMMIT;
