BEGIN TRANSACTION;
CREATE TABLE "aoi" (
        `name`  TEXT NOT NULL,
        `task`  INTEGER NOT NULL,
        `dynamic`       INTEGER,
        `polygon`       BLOB,
        PRIMARY KEY(`name`,`task`)
);
INSERT INTO "aoi" VALUES('text',1,1,'[(132,229),(132,555),(606,555),(606,229)]');
INSERT INTO "aoi" VALUES('vis2',1,1,'[(378,371),(378,401),(553,401),(553,371)]');
INSERT INTO "aoi" VALUES('text',2,1,'[(0,0),(0,100),(100,100),(100,0)]');
INSERT INTO "aoi" VALUES('vis',1,'','[(616,94),(616,509),(1090,509),(1090,94)]');
INSERT INTO "aoi" VALUES('legend',1,'','[(653,499),(653,557),(1075,557),(1075,499)]');
INSERT INTO "aoi" VALUES('top_left',1,'','[(0,0),(0,300),(300,300),(300,0)]');
INSERT INTO "aoi" VALUES('ref_1',1,'','[(244,233),(244,253),(578,253),(244,233),(578,233),(152,258),(152,279),(196,279),(196,258),(578,233)]');
INSERT INTO "aoi" VALUES('ref_2',1,'','[(534,254),(534,279),(583,279),(583,254),(534,254),(152,282),(152,302),(259,302),(259,283),(152,282)]');
INSERT INTO "aoi" VALUES('ref_3',1,'','[(256,331),(256,353),(440,353),(440,331)]');
INSERT INTO "aoi" VALUES('ref_4',1,'','[(199,380),(199,404),(380,404),(380,380)]');
INSERT INTO "aoi" VALUES('ref_4',2,'','[(199,380),(199,404),(380,404),(380,380)]');
INSERT INTO "aoi" VALUES('ref_3',2,'','[(256,331),(256,353),(440,353),(440,331)]');
INSERT INTO "aoi" VALUES('ref_2',2,'','[(534,254),(534,279),(583,279),(583,254),(534,254),(152,282),(152,302),(259,302),(259,283),(152,282)]');
INSERT INTO "aoi" VALUES('ref_1',2,'','[(244,233),(244,253),(578,253),(244,233),(578,233),(152,258),(152,279),(196,279),(196,258),(578,233)]');
INSERT INTO "aoi" VALUES('legend',2,'','[(653,499),(653,557),(1075,557),(1075,499)]');
INSERT INTO "aoi" VALUES('vis',2,'','[(616,94),(616,509),(1090,509),(1090,94)]');
CREATE TABLE intervention_state ( `intervention` TEXT, `active` INTEGER, time_stamp INTEGER, occurences INTEGER, PRIMARY KEY(`intervention`));
INSERT INTO "intervention_state" VALUES('bar_1_intervention',0,1533939972356667,1);
INSERT INTO "intervention_state" VALUES('legend_intervention',0,1533939974554996,1);
INSERT INTO "intervention_state" VALUES('bar_2_intervention',0,1533939975071177,1);
INSERT INTO "intervention_state" VALUES('bar_3_intervention',1,1533939979509613,1);
INSERT INTO "intervention_state" VALUES('bar_4_intervention',1,1533939979509613,1);
INSERT INTO "intervention_state" VALUES('bar_5_intervention',1,1533939982315728,1);
INSERT INTO "intervention_state" VALUES('bar_6_intervention',1,1533939982315728,1);
CREATE TABLE legend_fix ( `id` INTEGER, `time_start` INTEGER, `time_end` INTEGER, `duration` INTEGER, PRIMARY KEY(`id`) );
CREATE TABLE reading_proficiency ( `id` INTEGER, `time_stamp` INTEGER, `raw_prediction` REAL, `value` TEXT, PRIMARY KEY(`id`) );
CREATE TABLE ref_1_fix ( `id` INTEGER, `time_start` INTEGER, `time_end` INTEGER, `duration` INTEGER, PRIMARY KEY(`id`) );
INSERT INTO "ref_1_fix" VALUES(5,1533939972198582,1533939972356667,158085);
INSERT INTO "ref_1_fix" VALUES(7,1533939972365049,1533939972789621,424572);
INSERT INTO "ref_1_fix" VALUES(11,1533939973905470,1533939974554996,649526);
CREATE TABLE ref_2_fix ( `id` INTEGER, `time_start` INTEGER, `time_end` INTEGER, `duration` INTEGER, PRIMARY KEY(`id`) );
INSERT INTO "ref_2_fix" VALUES(14,1533939974571619,1533939975071177,499558);
INSERT INTO "ref_2_fix" VALUES(17,1533939975312777,1533939975562614,249837);
INSERT INTO "ref_2_fix" VALUES(20,1533939975803954,1533939975912326,108372);
INSERT INTO "ref_2_fix" VALUES(24,1533939976686578,1533939976869929,183351);
INSERT INTO "ref_2_fix" VALUES(27,1533939977103026,1533939977336123,233097);
CREATE TABLE ref_3_fix ( `id` INTEGER, `time_start` INTEGER, `time_end` INTEGER, `duration` INTEGER, PRIMARY KEY(`id`) );
INSERT INTO "ref_3_fix" VALUES(34,1533939978926688,1533939979509613,582925);
INSERT INTO "ref_3_fix" VALUES(37,1533939979892692,1533939980150778,258086);
CREATE TABLE ref_4_fix ( `id` INTEGER, `time_start` INTEGER, `time_end` INTEGER, `duration` INTEGER, PRIMARY KEY(`id`) );
INSERT INTO "ref_4_fix" VALUES(44,1533939982141005,1533939982315728,174723);
INSERT INTO "ref_4_fix" VALUES(46,1533939982324102,1533939982665552,341450);
CREATE TABLE rule_state ( `rule` TEXT, time_stamp INTEGER, occurences INTEGER, PRIMARY KEY(`rule`));
INSERT INTO "rule_state" VALUES('ref_1_rule',1533939972356667,1);
INSERT INTO "rule_state" VALUES('legend_rule',1533939974554996,1);
INSERT INTO "rule_state" VALUES('ref_2_rule',1533939975071177,1);
INSERT INTO "rule_state" VALUES('ref_3_rule',1533939979509613,2);
INSERT INTO "rule_state" VALUES('ref_4_rule',1533939982315728,2);
CREATE TABLE text_fix ( `id` INTEGER, `time_start` INTEGER, `time_end` INTEGER, `duration` INTEGER, PRIMARY KEY(`id`) );
INSERT INTO "text_fix" VALUES(2,1533939971640638,1533939971773745,133107);
INSERT INTO "text_fix" VALUES(3,1533939971798870,1533939971956971,158101);
INSERT INTO "text_fix" VALUES(4,1533939971965476,1533939972190064,224588);
INSERT INTO "text_fix" VALUES(6,1533939972198582,1533939972356667,158085);
INSERT INTO "text_fix" VALUES(8,1533939972365049,1533939972789621,424572);
INSERT INTO "text_fix" VALUES(12,1533939973905470,1533939974554996,649526);
INSERT INTO "text_fix" VALUES(13,1533939974571619,1533939975071177,499558);
INSERT INTO "text_fix" VALUES(15,1533939975112926,1533939975304395,191469);
INSERT INTO "text_fix" VALUES(16,1533939975312777,1533939975562614,249837);
INSERT INTO "text_fix" VALUES(18,1533939975595860,1533939975795712,199852);
INSERT INTO "text_fix" VALUES(19,1533939975803954,1533939975912326,108372);
INSERT INTO "text_fix" VALUES(21,1533939975945703,1533939976228781,283078);
INSERT INTO "text_fix" VALUES(22,1533939976295378,1533939976669955,374577);
INSERT INTO "text_fix" VALUES(23,1533939976686578,1533939976869929,183351);
INSERT INTO "text_fix" VALUES(25,1533939976903174,1533939977094784,191610);
INSERT INTO "text_fix" VALUES(26,1533939977103026,1533939977336123,233097);
INSERT INTO "text_fix" VALUES(28,1533939977352873,1533939977552721,199848);
INSERT INTO "text_fix" VALUES(29,1533939977619340,1533939977794202,174862);
INSERT INTO "text_fix" VALUES(30,1533939977885806,1533939978243898,358092);
INSERT INTO "text_fix" VALUES(31,1533939978252141,1533939978410389,158248);
INSERT INTO "text_fix" VALUES(32,1533939978427122,1533939978643594,216472);
INSERT INTO "text_fix" VALUES(33,1533939978668460,1533939978918304,249844);
INSERT INTO "text_fix" VALUES(35,1533939978926688,1533939979509613,582925);
INSERT INTO "text_fix" VALUES(36,1533939979534611,1533939979876068,341457);
INSERT INTO "text_fix" VALUES(38,1533939979892692,1533939980150778,258086);
INSERT INTO "text_fix" VALUES(39,1533939980167402,1533939980858576,691174);
INSERT INTO "text_fix" VALUES(40,1533939980975179,1533939981116652,141473);
INSERT INTO "text_fix" VALUES(41,1533939981125034,1533939981283260,158226);
INSERT INTO "text_fix" VALUES(42,1533939981732814,1533939981866045,133231);
INSERT INTO "text_fix" VALUES(43,1533939981924416,1533939982074385,149969);
INSERT INTO "text_fix" VALUES(45,1533939982141005,1533939982315728,174723);
INSERT INTO "text_fix" VALUES(47,1533939982324102,1533939982665552,341450);
INSERT INTO "text_fix" VALUES(48,1533939982673933,1533939982807160,133227);
CREATE TABLE "user_state" (
	`event_name`	TEXT NOT NULL,
	`type`	TEXT,
	`aoi`	TEXT,
	`feature`	TEXT,
	PRIMARY KEY(`event_name`)
);
INSERT INTO "user_state" VALUES('text_fix','fix','text',NULL);
INSERT INTO "user_state" VALUES('pupil','emdat','vis','meanpupilsize');
INSERT INTO "user_state" VALUES('reading_proficiency','ml','',NULL);
INSERT INTO "user_state" VALUES('bad_type','same','text',NULL);
INSERT INTO "user_state" VALUES('vis_fix','fix','vis',NULL);
INSERT INTO "user_state" VALUES('legend_fix','fix','legend',NULL);
INSERT INTO "user_state" VALUES('ref_1_fix','fix','ref_1',NULL);
INSERT INTO "user_state" VALUES('ref_2_fix','fix','ref_2','');
INSERT INTO "user_state" VALUES('ref_3_fix','fix','ref_3',NULL);
INSERT INTO "user_state" VALUES('ref_4_fix','fix','ref_4',NULL);
CREATE TABLE "user_state_task" (
        `event_name`    TEXT,
        `task`  INTEGER,
        PRIMARY KEY(`event_name`,`task`)
);
INSERT INTO "user_state_task" VALUES('text_fix',1);
INSERT INTO "user_state_task" VALUES('pupil',2);
INSERT INTO "user_state_task" VALUES('reading_proficiency',1);
INSERT INTO "user_state_task" VALUES('reading_proficiency',2);
INSERT INTO "user_state_task" VALUES('vis_fix',1);
INSERT INTO "user_state_task" VALUES('legend_fix',1);
INSERT INTO "user_state_task" VALUES('ref_1_fix',1);
INSERT INTO "user_state_task" VALUES('ref_2_fix',1);
INSERT INTO "user_state_task" VALUES('ref_3_fix',1);
INSERT INTO "user_state_task" VALUES('ref_4_fix',1);
INSERT INTO "user_state_task" VALUES('ref_4_fix',2);
INSERT INTO "user_state_task" VALUES('ref_3_fix',2);
INSERT INTO "user_state_task" VALUES('ref_2_fix',2);
INSERT INTO "user_state_task" VALUES('ref_1_fix',2);
INSERT INTO "user_state_task" VALUES('legend_fix',2);
INSERT INTO "user_state_task" VALUES('vis_fix',2);
INSERT INTO "user_state_task" VALUES('text_fix',3);
CREATE TABLE vis_fix ( `id` INTEGER, `time_start` INTEGER, `time_end` INTEGER, `duration` INTEGER, PRIMARY KEY(`id`) );
INSERT INTO "vis_fix" VALUES(1,1533939971499033,1533939971615663,116630);
INSERT INTO "vis_fix" VALUES(9,1533939973464265,1533939973588995,124730);
INSERT INTO "vis_fix" VALUES(10,1533939973697362,1533939973872209,174847);
COMMIT;
