BEGIN TRANSACTION;
CREATE TABLE "aoi" (
        `name`  TEXT NOT NULL,
        `task`  INTEGER NOT NULL,
        `dynamic`       INTEGER,
        `polygon`       BLOB,
        PRIMARY KEY(`name`,`task`)
);
INSERT INTO "aoi" VALUES('text',62,NULL,'[(148,203),(148,558),(583,558),(583,203)]');
INSERT INTO "aoi" VALUES('text',3,NULL,'[(147,204),(147,880),(583,880),(583,204)]');
INSERT INTO "aoi" VALUES('vis',62,'','[(630,74),(630,466),(1083,466),(1083,74)]');
INSERT INTO "aoi" VALUES('legend',62,'','[(658,502),(658,553),(1072,553),(1072,502)]');
INSERT INTO "aoi" VALUES('legend',3,'','[(772,173),(772,215),(962,215),(962,173)]');
INSERT INTO "aoi" VALUES('vis',3,'','[(632,224),(632,622),(1070,622),(1070,224)]');
INSERT INTO "aoi" VALUES('legend',5,'','[(754,192),(754,217),(1055,217),(1055,192)]');
INSERT INTO "aoi" VALUES('vis',5,NULL,'[(620,228),(620,609),(1039,609),(1039,228)]');
INSERT INTO "aoi" VALUES('text',5,NULL,'[(149,205),(149,929),(585,929),(585,205)]');
INSERT INTO "aoi" VALUES('legend',9,NULL,'[(694,173),(694,222),(964,222),(964,173)]');
INSERT INTO "aoi" VALUES('vis',9,NULL,'[(622,226),(622,421),(1024,421),(1024,223)]');
INSERT INTO "aoi" VALUES('text',9,NULL,'[(150,205),(150,531),(581,531),(581,205)]');
INSERT INTO "aoi" VALUES('text',11,'','[(151,234),(151,510),(581,510),(581,234)]');
INSERT INTO "aoi" VALUES('vis',11,'','[(614,86),(614,465),(1152,465),(1152,86)]');
INSERT INTO "aoi" VALUES('legend',11,'','[(672,121),(672,185),(759,185),(759,121)]');
INSERT INTO "aoi" VALUES('text',18,'','[(151,185),(151,722),(585,722),(585,175)]');
INSERT INTO "aoi" VALUES('vis',18,'','[(606,144),(606,449),(1186,449),(1186,144)]');
INSERT INTO "aoi" VALUES('legend',18,'','[(1073,168),(1073,230),(1149,230),(1149,168)]');
INSERT INTO "aoi" VALUES('text',27,'','[(150,174),(150,549),(580,549),(580,174)]');
INSERT INTO "aoi" VALUES('vis',27,'','[(611,152),(611,555),(897,555),(897,152)]');
INSERT INTO "aoi" VALUES('legend',27,'','[(637,131),(637,149),(896,149),(896,131)]');
INSERT INTO "aoi" VALUES('text',28,'','[(150,175),(150,473),(582,473),(582,175)]');
INSERT INTO "aoi" VALUES('vis',28,NULL,'[(606,154),(606,557),(892,557),(892,154)]');
INSERT INTO "aoi" VALUES('legend',28,NULL,'[(636,135),(636,154),(899,154),(899,135)]');
INSERT INTO "aoi" VALUES('text',30,'','[(148,173),(148,351),(580,351),(580,173)]');
INSERT INTO "aoi" VALUES('vis',30,NULL,'[(602,146),(602,539),(899,539),(899,146)]');
INSERT INTO "aoi" VALUES('legend',30,NULL,'[(674,115),(674,146),(883,146),(883,115)]');
INSERT INTO "aoi" VALUES('text',60,NULL,'[(149,204),(149,378),(582,378),(582,204)]');
INSERT INTO "aoi" VALUES('vis',60,NULL,'[(598,72),(598,474),(1075,474),(1075,72)]');
INSERT INTO "aoi" VALUES('legend',60,NULL,'[(641,479),(641,527),(886,527),(886,479)]');
INSERT INTO "aoi" VALUES('text',72,NULL,'[(146,172),(146,425),(585,425),(585,172)]');
INSERT INTO "aoi" VALUES('vis',72,NULL,'[(599,125),(599,357),(1018,357),(1018,125)]');
INSERT INTO "aoi" VALUES('legend',72,NULL,'[(939,223),(939,302),(1018,302),(1018,223)]');
CREATE TABLE intervention_state ( `intervention` TEXT, `active` INTEGER, time_stamp INTEGER, occurences INTEGER, PRIMARY KEY(`intervention`));
INSERT INTO "intervention_state" VALUES('legend_intervention',1,1534870061626274,1);
CREATE TABLE legend_fix ( `id` INTEGER, `time_start` INTEGER, `time_end` INTEGER, `duration` INTEGER, PRIMARY KEY(`id`) );
INSERT INTO "legend_fix" VALUES(13,1534870065031679,1534870065206536,174857);
CREATE TABLE rule_state ( `rule` TEXT, time_stamp INTEGER, occurences INTEGER, PRIMARY KEY(`rule`));
INSERT INTO "rule_state" VALUES('legend_5',1534870061626274,1);
CREATE TABLE text_fix ( `id` INTEGER, `time_start` INTEGER, `time_end` INTEGER, `duration` INTEGER, PRIMARY KEY(`id`) );
INSERT INTO "text_fix" VALUES(1,1534870060918497,1534870061026725,108228);
CREATE TABLE "user_state" (
	`event_name`	TEXT NOT NULL,
	`type`	TEXT,
	`aoi`	TEXT,
	`feature`	TEXT,
	PRIMARY KEY(`event_name`)
);
INSERT INTO "user_state" VALUES('text_fix','fix','text',NULL);
INSERT INTO "user_state" VALUES('pupil','emdat','vis','meanpupilsize');
INSERT INTO "user_state" VALUES('vis_fix','fix','vis',NULL);
INSERT INTO "user_state" VALUES('legend_fix','fix','legend',NULL);
CREATE TABLE "user_state_task" (
        `event_name`    TEXT,
        `task`  INTEGER,
        PRIMARY KEY(`event_name`,`task`)
);
INSERT INTO "user_state_task" VALUES('text_fix',62);
INSERT INTO "user_state_task" VALUES('vis_fix',62);
INSERT INTO "user_state_task" VALUES('legend_fix',62);
INSERT INTO "user_state_task" VALUES('legend_fix',3);
INSERT INTO "user_state_task" VALUES('vis_fix',3);
INSERT INTO "user_state_task" VALUES('text_fix',3);
INSERT INTO "user_state_task" VALUES('legend_fix',5);
INSERT INTO "user_state_task" VALUES('text_fix',5);
INSERT INTO "user_state_task" VALUES('vis_fix',5);
INSERT INTO "user_state_task" VALUES('legend_fix',9);
INSERT INTO "user_state_task" VALUES('vis_fix',9);
INSERT INTO "user_state_task" VALUES('text_fix',9);
INSERT INTO "user_state_task" VALUES('text_fix',11);
INSERT INTO "user_state_task" VALUES('legend_fix',11);
INSERT INTO "user_state_task" VALUES('vis_fix',11);
INSERT INTO "user_state_task" VALUES('text_fix',18);
INSERT INTO "user_state_task" VALUES('vis_fix',18);
INSERT INTO "user_state_task" VALUES('legend_fix',18);
INSERT INTO "user_state_task" VALUES('text_fix',27);
INSERT INTO "user_state_task" VALUES('vis_fix',27);
INSERT INTO "user_state_task" VALUES('legend_fix',27);
INSERT INTO "user_state_task" VALUES('text_fix',28);
INSERT INTO "user_state_task" VALUES('vis_fix',28);
INSERT INTO "user_state_task" VALUES('legend_fix',28);
INSERT INTO "user_state_task" VALUES('text_fix',30);
INSERT INTO "user_state_task" VALUES('vis_fix',30);
INSERT INTO "user_state_task" VALUES('legend_fix',30);
INSERT INTO "user_state_task" VALUES('text_fix',60);
INSERT INTO "user_state_task" VALUES('vis_fix',60);
INSERT INTO "user_state_task" VALUES('legend_fix',60);
INSERT INTO "user_state_task" VALUES('text_fix',72);
INSERT INTO "user_state_task" VALUES('vis_fix',72);
INSERT INTO "user_state_task" VALUES('legend_fix',72);
CREATE TABLE vis_fix ( `id` INTEGER, `time_start` INTEGER, `time_end` INTEGER, `duration` INTEGER, PRIMARY KEY(`id`) );
INSERT INTO "vis_fix" VALUES(2,1534870061334944,1534870061626274,291330);
INSERT INTO "vis_fix" VALUES(3,1534870061634766,1534870062051087,416321);
INSERT INTO "vis_fix" VALUES(4,1534870062067706,1534870062500650,432944);
INSERT INTO "vis_fix" VALUES(5,1534870062525517,1534870062850356,324839);
INSERT INTO "vis_fix" VALUES(6,1534870062858601,1534870063141812,283211);
INSERT INTO "vis_fix" VALUES(7,1534870063166818,1534870063308162,141344);
INSERT INTO "vis_fix" VALUES(8,1534870063741352,1534870063940950,199598);
INSERT INTO "vis_fix" VALUES(9,1534870064107426,1534870064215791,108365);
INSERT INTO "vis_fix" VALUES(10,1534870064232413,1534870064523759,291346);
INSERT INTO "vis_fix" VALUES(11,1534870064540490,1534870064781964,241474);
INSERT INTO "vis_fix" VALUES(12,1534870064790208,1534870064940063,149855);
INSERT INTO "vis_fix" VALUES(14,1534870065215029,1534870065348257,133228);
INSERT INTO "vis_fix" VALUES(15,1534870065356506,1534870066189143,832637);
INSERT INTO "vis_fix" VALUES(16,1534870066205763,1534870066388988,183225);
INSERT INTO "vis_fix" VALUES(17,1534870066497358,1534870067513221,1015863);
INSERT INTO "vis_fix" VALUES(18,1534870067663068,1534870067921154,258086);
INSERT INTO "vis_fix" VALUES(19,1534870068029510,1534870068245982,216472);
INSERT INTO "vis_fix" VALUES(20,1534870068270850,1534870068495818,224968);
INSERT INTO "vis_fix" VALUES(21,1534870068504062,1534870068629061,124999);
INSERT INTO "vis_fix" VALUES(22,1534870068662302,1534870069261838,599536);
INSERT INTO "vis_fix" VALUES(23,1534870069278455,1534870069528297,249842);
INSERT INTO "vis_fix" VALUES(24,1534870069536545,1534870069961358,424813);
INSERT INTO "vis_fix" VALUES(25,1534870069977988,1534870070177833,199845);
INSERT INTO "vis_fix" VALUES(26,1534870070186075,1534870070435910,249835);
INSERT INTO "vis_fix" VALUES(27,1534870070444415,1534870070727502,283087);
INSERT INTO "vis_fix" VALUES(28,1534870070735745,1534870070860606,124861);
INSERT INTO "vis_fix" VALUES(29,1534870071118682,1534870071385143,266461);
INSERT INTO "vis_fix" VALUES(30,1534870071426892,1534870071601610,174718);
INSERT INTO "vis_fix" VALUES(31,1534870071618363,1534870071918060,299697);
INSERT INTO "vis_fix" VALUES(32,1534870071926438,1534870072301131,374693);
INSERT INTO "vis_fix" VALUES(33,1534870072426121,1534870072584217,158096);
INSERT INTO "vis_fix" VALUES(34,1534870072800812,1534870072934165,133353);
COMMIT;
