BEGIN TRANSACTION;
CREATE TABLE "aoi" (
        `name`  TEXT NOT NULL,
        `task`  INTEGER NOT NULL,
        `dynamic`       INTEGER,
        `polygon`       BLOB,
        PRIMARY KEY(`name`,`task`)
);
INSERT INTO "aoi" VALUES('text',1,1,'[(0,0),(300,0),(300,300),(0,300)]');
INSERT INTO "aoi" VALUES('text',2,1,'[(0,0),(200,0),(0,200),(200,200)]
');
INSERT INTO "aoi" VALUES('vis',2,1,'[(1000,800),(1280,800),(1280,1080),(1000,1080)]');
INSERT INTO "aoi" VALUES('t3_aoi1',3,1,'[(0,0),(200,0),(0,200),(200,200)]');
INSERT INTO "aoi" VALUES('t3_aoi2',3,1,'[(1000,800),(1280,800),(1280,1080),(1000,1080)]');
INSERT INTO "aoi" VALUES('t3_aoi3',3,1,'[(300,300),(300,600),(600,300),(600,600)]');
INSERT INTO "aoi" VALUES('t3_aoi4',3,1,'[(800,300),(800,500),(1000,300),(1000,500)]');
INSERT INTO "aoi" VALUES('t3_aoi5',3,1,'[(1000, 0),(1000,200),(1280,0),(1280,200)]');
INSERT INTO "aoi" VALUES('t4_aoi1',4,1,'[(0,0),(200,0),(0,200),(200,200)]');
INSERT INTO "aoi" VALUES('t4_aoi2',4,1,'[(1000,800),(1280,800),(1280,1080),(1000,1080)]');
INSERT INTO "aoi" VALUES('t4_aoi3',4,1,'[(300,300),(300,600),(600,300),(600,600)]');
INSERT INTO "aoi" VALUES('t4_aoi4',4,1,'[(800,300),(800,500),(1000,300),(1000,500)]');
INSERT INTO "aoi" VALUES('t4_aoi5',4,1,'[(1000, 0),(1000,200),(1280,0),(1280,200)]');
INSERT INTO "aoi" VALUES('t4_aoi6',4,1,'[(600,600),(800,600),(600,800),(800,800)]');
INSERT INTO "aoi" VALUES('t4_aoi7',4,1,'[(300,900),(300,1100),(500,900),(500,1100)]');
INSERT INTO "aoi" VALUES('vis',1,1,'[(1000,800),(1280,800),(1280,1080),(1000,1080)]');
CREATE TABLE "aoi_state" (
        `aoi`   TEXT,
        `task`  INTEGER,
        `active`        INTEGER,
        PRIMARY KEY(`aoi`)
);
CREATE TABLE intervention_state ( `intervention` TEXT, `active` INTEGER, time_stamp INTEGER, occurences INTEGER, PRIMARY KEY(`intervention`));
CREATE TABLE rule_state ( `rule` TEXT, time_stamp INTEGER, occurences INTEGER, PRIMARY KEY(`rule`));
CREATE TABLE task_1_4_emdat ( `id` INTEGER, `interval_value` INTEGER, `task_value` TEXT, `runtime_value` TEXT, PRIMARY KEY(`id`) );
INSERT INTO "task_1_4_emdat" VALUES(2,-1,'-1','-1');
INSERT INTO "task_1_4_emdat" VALUES(3,-1,'-1','-1');
INSERT INTO "task_1_4_emdat" VALUES(4,-1,'-1','-1');
INSERT INTO "task_1_4_emdat" VALUES(5,-1,'-1','-1');
INSERT INTO "task_1_4_emdat" VALUES(6,-1,'-1','-1');
INSERT INTO "task_1_4_emdat" VALUES(7,-1,'-1','-1');
INSERT INTO "task_1_4_emdat" VALUES(8,-1,'-1','-1');
INSERT INTO "task_1_4_emdat" VALUES(9,-1,'-1','-1');
INSERT INTO "task_1_4_emdat" VALUES(10,-1,'-1','-1');
INSERT INTO "task_1_4_emdat" VALUES(11,-1,'-1','-1');
INSERT INTO "task_1_4_emdat" VALUES(12,-1,'-1','-1');
INSERT INTO "task_1_4_emdat" VALUES(13,-1,'-1','-1');
INSERT INTO "task_1_4_emdat" VALUES(14,-1,'-1','-1');
INSERT INTO "task_1_4_emdat" VALUES(15,-1,'-1','-1');
INSERT INTO "task_1_4_emdat" VALUES(16,-1,'-1','-1');
INSERT INTO "task_1_4_emdat" VALUES(17,-1,'-1','-1');
INSERT INTO "task_1_4_emdat" VALUES(18,-1,'-1','-1');
INSERT INTO "task_1_4_emdat" VALUES(19,-1,'-1','-1');
INSERT INTO "task_1_4_emdat" VALUES(20,-1,'-1','-1');
INSERT INTO "task_1_4_emdat" VALUES(21,-1,'-1','-1');
INSERT INTO "task_1_4_emdat" VALUES(22,-1,'-1','-1');
INSERT INTO "task_1_4_emdat" VALUES(23,-1,'-1','-1');
INSERT INTO "task_1_4_emdat" VALUES(24,-1,'-1','-1');
INSERT INTO "task_1_4_emdat" VALUES(25,-1,'-1','-1');
INSERT INTO "task_1_4_emdat" VALUES(26,-1,'-1','-1');
INSERT INTO "task_1_4_emdat" VALUES(27,-1,'-1','-1');
INSERT INTO "task_1_4_emdat" VALUES(28,-1,'-1','-1');
INSERT INTO "task_1_4_emdat" VALUES(29,-1,'-1','-1');
INSERT INTO "task_1_4_emdat" VALUES(30,-1,'-1','-1');
INSERT INTO "task_1_4_emdat" VALUES(31,-1,'-1','-1');
INSERT INTO "task_1_4_emdat" VALUES(32,-1,'-1','-1');
INSERT INTO "task_1_4_emdat" VALUES(33,-1,'-1','-1');
INSERT INTO "task_1_4_emdat" VALUES(34,-1,'-1','-1');
INSERT INTO "task_1_4_emdat" VALUES(35,-1,'-1','-1');
INSERT INTO "task_1_4_emdat" VALUES(36,-1,'-1','-1');
INSERT INTO "task_1_4_emdat" VALUES(37,-1,'-1','-1');
INSERT INTO "task_1_4_emdat" VALUES(38,-1,'-1','-1');
INSERT INTO "task_1_4_emdat" VALUES(39,-1,'-1','-1');
INSERT INTO "task_1_4_emdat" VALUES(40,-1,'-1','-1');
INSERT INTO "task_1_4_emdat" VALUES(41,-1,'-1','-1');
INSERT INTO "task_1_4_emdat" VALUES(42,-1,'-1','-1');
INSERT INTO "task_1_4_emdat" VALUES(43,-1,'-1','-1');
INSERT INTO "task_1_4_emdat" VALUES(44,-1,'-1','-1');
INSERT INTO "task_1_4_emdat" VALUES(45,-1,'-1','-1');
INSERT INTO "task_1_4_emdat" VALUES(46,-1,'-1','-1');
INSERT INTO "task_1_4_emdat" VALUES(47,-1,'-1','-1');
INSERT INTO "task_1_4_emdat" VALUES(48,-1,'-1','-1');
INSERT INTO "task_1_4_emdat" VALUES(49,-1,'-1','-1');
INSERT INTO "task_1_4_emdat" VALUES(50,-1,'-1','-1');
INSERT INTO "task_1_4_emdat" VALUES(51,-1,'-1','-1');
INSERT INTO "task_1_4_emdat" VALUES(52,-1,'-1','-1');
INSERT INTO "task_1_4_emdat" VALUES(53,-1,'-1','-1');
INSERT INTO "task_1_4_emdat" VALUES(54,-1,'-1','-1');
INSERT INTO "task_1_4_emdat" VALUES(55,2.56841507495193255294e-05,'2.56841507495193e-05','2.56841507495193e-05');
INSERT INTO "task_1_4_emdat" VALUES(56,-1,'2.56841507495193e-05','2.56841507495193e-05');
INSERT INTO "task_1_4_emdat" VALUES(57,-1,'2.56841507495193e-05','2.56841507495193e-05');
INSERT INTO "task_1_4_emdat" VALUES(58,2.64758392622714833208e-04,'9.08862167149363e-05','9.08862167149363e-05');
INSERT INTO "task_1_4_emdat" VALUES(59,-1,'9.08862167149363e-05','9.08862167149363e-05');
INSERT INTO "task_1_4_emdat" VALUES(60,-1,'9.08862167149363e-05','9.08862167149363e-05');
INSERT INTO "task_1_4_emdat" VALUES(61,-1,'9.08862167149363e-05','9.08862167149363e-05');
INSERT INTO "task_1_4_emdat" VALUES(62,-1,'9.08862167149363e-05','9.08862167149363e-05');
INSERT INTO "task_1_4_emdat" VALUES(63,-1,'9.08862167149363e-05','9.08862167149363e-05');
INSERT INTO "task_1_4_emdat" VALUES(64,-1,'9.08862167149363e-05','9.08862167149363e-05');
INSERT INTO "task_1_4_emdat" VALUES(65,-1,'9.08862167149363e-05','9.08862167149363e-05');
INSERT INTO "task_1_4_emdat" VALUES(66,-1,'9.08862167149363e-05','9.08862167149363e-05');
INSERT INTO "task_1_4_emdat" VALUES(67,-1,'9.08862167149363e-05','9.08862167149363e-05');
INSERT INTO "task_1_4_emdat" VALUES(68,-1,'9.08862167149363e-05','9.08862167149363e-05');
INSERT INTO "task_1_4_emdat" VALUES(69,-1,'9.08862167149363e-05','9.08862167149363e-05');
INSERT INTO "task_1_4_emdat" VALUES(70,-1,'9.08862167149363e-05','9.08862167149363e-05');
INSERT INTO "task_1_4_emdat" VALUES(71,-1,'9.08862167149363e-05','9.08862167149363e-05');
INSERT INTO "task_1_4_emdat" VALUES(72,-1,'9.08862167149363e-05','9.08862167149363e-05');
INSERT INTO "task_1_4_emdat" VALUES(73,-1,'9.08862167149363e-05','9.08862167149363e-05');
INSERT INTO "task_1_4_emdat" VALUES(74,-1,'9.08862167149363e-05','9.08862167149363e-05');
INSERT INTO "task_1_4_emdat" VALUES(75,-1,'9.08862167149363e-05','9.08862167149363e-05');
INSERT INTO "task_1_4_emdat" VALUES(76,-1,'9.08862167149363e-05','9.08862167149363e-05');
INSERT INTO "task_1_4_emdat" VALUES(77,-1,'9.08862167149363e-05','9.08862167149363e-05');
INSERT INTO "task_1_4_emdat" VALUES(78,-1,'9.08862167149363e-05','9.08862167149363e-05');
INSERT INTO "task_1_4_emdat" VALUES(79,-1,'9.08862167149363e-05','9.08862167149363e-05');
INSERT INTO "task_1_4_emdat" VALUES(80,-1,'9.08862167149363e-05','9.08862167149363e-05');
INSERT INTO "task_1_4_emdat" VALUES(81,-1,'9.08862167149363e-05','9.08862167149363e-05');
INSERT INTO "task_1_4_emdat" VALUES(82,-1,'9.08862167149363e-05','9.08862167149363e-05');
INSERT INTO "task_1_4_emdat" VALUES(83,-1,'9.08862167149363e-05','9.08862167149363e-05');
INSERT INTO "task_1_4_emdat" VALUES(84,-1,'9.08862167149363e-05','9.08862167149363e-05');
INSERT INTO "task_1_4_emdat" VALUES(85,-1,'9.08862167149363e-05','9.08862167149363e-05');
INSERT INTO "task_1_4_emdat" VALUES(86,-1,'9.08862167149363e-05','9.08862167149363e-05');
INSERT INTO "task_1_4_emdat" VALUES(87,-1,'9.08862167149363e-05','9.08862167149363e-05');
INSERT INTO "task_1_4_emdat" VALUES(88,-1,'9.08862167149363e-05','9.08862167149363e-05');
INSERT INTO "task_1_4_emdat" VALUES(89,-1,'9.08862167149363e-05','9.08862167149363e-05');
INSERT INTO "task_1_4_emdat" VALUES(90,-1,'9.08862167149363e-05','9.08862167149363e-05');
INSERT INTO "task_1_4_emdat" VALUES(91,-1,'9.08862167149363e-05','9.08862167149363e-05');
INSERT INTO "task_1_4_emdat" VALUES(92,-1,'9.08862167149363e-05','9.08862167149363e-05');
INSERT INTO "task_1_4_emdat" VALUES(93,-1,'9.08862167149363e-05','9.08862167149363e-05');
INSERT INTO "task_1_4_emdat" VALUES(94,-1,'9.08862167149363e-05','9.08862167149363e-05');
INSERT INTO "task_1_4_emdat" VALUES(95,-1,'9.08862167149363e-05','9.08862167149363e-05');
INSERT INTO "task_1_4_emdat" VALUES(96,-1,'9.08862167149363e-05','9.08862167149363e-05');
INSERT INTO "task_1_4_emdat" VALUES(97,-1,'9.08862167149363e-05','9.08862167149363e-05');
INSERT INTO "task_1_4_emdat" VALUES(98,-1,'9.08862167149363e-05','9.08862167149363e-05');
INSERT INTO "task_1_4_emdat" VALUES(99,-1,'9.08862167149363e-05','9.08862167149363e-05');
INSERT INTO "task_1_4_emdat" VALUES(100,-1,'9.08862167149363e-05','9.08862167149363e-05');
INSERT INTO "task_1_4_emdat" VALUES(101,-1,'9.08862167149363e-05','9.08862167149363e-05');
INSERT INTO "task_1_4_emdat" VALUES(102,-1,'9.08862167149363e-05','9.08862167149363e-05');
INSERT INTO "task_1_4_emdat" VALUES(103,-1,'9.08862167149363e-05','9.08862167149363e-05');
INSERT INTO "task_1_4_emdat" VALUES(104,-1,'9.08862167149363e-05','9.08862167149363e-05');
INSERT INTO "task_1_4_emdat" VALUES(105,-1,'9.08862167149363e-05','9.08862167149363e-05');
INSERT INTO "task_1_4_emdat" VALUES(106,-1,'9.08862167149363e-05','9.08862167149363e-05');
INSERT INTO "task_1_4_emdat" VALUES(107,-1,'9.08862167149363e-05','9.08862167149363e-05');
INSERT INTO "task_1_4_emdat" VALUES(108,-1,'9.08862167149363e-05','9.08862167149363e-05');
INSERT INTO "task_1_4_emdat" VALUES(109,-1,'9.08862167149363e-05','9.08862167149363e-05');
INSERT INTO "task_1_4_emdat" VALUES(110,-1,'9.08862167149363e-05','9.08862167149363e-05');
CREATE TABLE task_2_4_emdat ( `id` INTEGER, `interval_value` INTEGER, `task_value` TEXT, `runtime_value` TEXT, PRIMARY KEY(`id`) );
INSERT INTO "task_2_4_emdat" VALUES(2,-1,'-1','-1');
INSERT INTO "task_2_4_emdat" VALUES(3,-1,'-1','-1');
INSERT INTO "task_2_4_emdat" VALUES(4,-1,'-1','-1');
INSERT INTO "task_2_4_emdat" VALUES(5,-1,'-1','-1');
INSERT INTO "task_2_4_emdat" VALUES(6,-1,'-1','-1');
INSERT INTO "task_2_4_emdat" VALUES(7,-1,'-1','-1');
INSERT INTO "task_2_4_emdat" VALUES(8,-1,'-1','-1');
INSERT INTO "task_2_4_emdat" VALUES(9,-1,'-1','-1');
INSERT INTO "task_2_4_emdat" VALUES(10,-1,'-1','-1');
INSERT INTO "task_2_4_emdat" VALUES(11,-1,'-1','-1');
INSERT INTO "task_2_4_emdat" VALUES(12,-1,'-1','-1');
INSERT INTO "task_2_4_emdat" VALUES(13,-1,'-1','-1');
INSERT INTO "task_2_4_emdat" VALUES(14,-1,'-1','-1');
INSERT INTO "task_2_4_emdat" VALUES(15,-1,'-1','-1');
INSERT INTO "task_2_4_emdat" VALUES(16,-1,'-1','-1');
INSERT INTO "task_2_4_emdat" VALUES(17,-1,'-1','-1');
INSERT INTO "task_2_4_emdat" VALUES(18,-1,'-1','-1');
INSERT INTO "task_2_4_emdat" VALUES(19,-1,'-1','-1');
INSERT INTO "task_2_4_emdat" VALUES(20,-1,'-1','-1');
INSERT INTO "task_2_4_emdat" VALUES(21,-1,'-1','-1');
INSERT INTO "task_2_4_emdat" VALUES(22,-1,'-1','-1');
INSERT INTO "task_2_4_emdat" VALUES(23,-1,'-1','-1');
INSERT INTO "task_2_4_emdat" VALUES(24,-1,'-1','-1');
INSERT INTO "task_2_4_emdat" VALUES(25,-1,'-1','-1');
INSERT INTO "task_2_4_emdat" VALUES(26,-1,'-1','-1');
INSERT INTO "task_2_4_emdat" VALUES(27,-1,'-1','-1');
INSERT INTO "task_2_4_emdat" VALUES(28,-1,'-1','-1');
INSERT INTO "task_2_4_emdat" VALUES(29,-1,'-1','-1');
INSERT INTO "task_2_4_emdat" VALUES(30,-1,'-1','-1');
INSERT INTO "task_2_4_emdat" VALUES(31,-1,'-1','-1');
INSERT INTO "task_2_4_emdat" VALUES(32,-1,'-1','-1');
INSERT INTO "task_2_4_emdat" VALUES(33,-1,'-1','-1');
INSERT INTO "task_2_4_emdat" VALUES(34,-1,'-1','-1');
INSERT INTO "task_2_4_emdat" VALUES(35,-1,'-1','-1');
INSERT INTO "task_2_4_emdat" VALUES(36,-1,'-1','-1');
INSERT INTO "task_2_4_emdat" VALUES(37,-1,'-1','-1');
INSERT INTO "task_2_4_emdat" VALUES(38,-1,'-1','-1');
INSERT INTO "task_2_4_emdat" VALUES(39,-1,'-1','-1');
INSERT INTO "task_2_4_emdat" VALUES(40,-1,'-1','-1');
INSERT INTO "task_2_4_emdat" VALUES(41,-1,'-1','-1');
INSERT INTO "task_2_4_emdat" VALUES(42,-1,'-1','-1');
INSERT INTO "task_2_4_emdat" VALUES(43,-1,'-1','-1');
INSERT INTO "task_2_4_emdat" VALUES(44,-1,'-1','-1');
INSERT INTO "task_2_4_emdat" VALUES(45,-1,'-1','-1');
INSERT INTO "task_2_4_emdat" VALUES(46,-1,'-1','-1');
INSERT INTO "task_2_4_emdat" VALUES(47,-1,'-1','-1');
INSERT INTO "task_2_4_emdat" VALUES(48,-1,'-1','-1');
INSERT INTO "task_2_4_emdat" VALUES(49,-1,'-1','-1');
INSERT INTO "task_2_4_emdat" VALUES(50,-1,'-1','-1');
INSERT INTO "task_2_4_emdat" VALUES(51,-1,'-1','-1');
INSERT INTO "task_2_4_emdat" VALUES(52,-1,'-1','-1');
INSERT INTO "task_2_4_emdat" VALUES(53,-1,'-1','-1');
INSERT INTO "task_2_4_emdat" VALUES(54,-1,'-1','-1');
INSERT INTO "task_2_4_emdat" VALUES(55,-1,'-1','-1');
INSERT INTO "task_2_4_emdat" VALUES(56,-1,'-1','-1');
INSERT INTO "task_2_4_emdat" VALUES(57,-1,'-1','-1');
INSERT INTO "task_2_4_emdat" VALUES(58,-1,'-1','-1');
INSERT INTO "task_2_4_emdat" VALUES(59,-1,'-1','-1');
INSERT INTO "task_2_4_emdat" VALUES(60,-1,'-1','-1');
INSERT INTO "task_2_4_emdat" VALUES(61,-1,'-1','-1');
INSERT INTO "task_2_4_emdat" VALUES(62,-1,'-1','-1');
INSERT INTO "task_2_4_emdat" VALUES(63,-1,'-1','-1');
INSERT INTO "task_2_4_emdat" VALUES(64,-1,'-1','-1');
INSERT INTO "task_2_4_emdat" VALUES(65,-1,'-1','-1');
INSERT INTO "task_2_4_emdat" VALUES(66,-1,'-1','-1');
INSERT INTO "task_2_4_emdat" VALUES(67,-1,'-1','-1');
INSERT INTO "task_2_4_emdat" VALUES(68,-1,'-1','-1');
INSERT INTO "task_2_4_emdat" VALUES(69,-1,'-1','-1');
INSERT INTO "task_2_4_emdat" VALUES(70,-1,'-1','-1');
INSERT INTO "task_2_4_emdat" VALUES(71,-1,'-1','-1');
INSERT INTO "task_2_4_emdat" VALUES(72,-1,'-1','-1');
INSERT INTO "task_2_4_emdat" VALUES(73,-1,'-1','-1');
INSERT INTO "task_2_4_emdat" VALUES(74,-1,'-1','-1');
INSERT INTO "task_2_4_emdat" VALUES(75,-1,'-1','-1');
INSERT INTO "task_2_4_emdat" VALUES(76,-1,'-1','-1');
INSERT INTO "task_2_4_emdat" VALUES(77,-1,'-1','-1');
INSERT INTO "task_2_4_emdat" VALUES(78,-1,'-1','-1');
INSERT INTO "task_2_4_emdat" VALUES(79,-1,'-1','-1');
INSERT INTO "task_2_4_emdat" VALUES(80,-1,'-1','-1');
INSERT INTO "task_2_4_emdat" VALUES(81,-1,'-1','-1');
INSERT INTO "task_2_4_emdat" VALUES(82,-1,'-1','-1');
INSERT INTO "task_2_4_emdat" VALUES(83,-1,'-1','-1');
INSERT INTO "task_2_4_emdat" VALUES(84,-1,'-1','-1');
INSERT INTO "task_2_4_emdat" VALUES(85,-1,'-1','-1');
INSERT INTO "task_2_4_emdat" VALUES(86,-1,'-1','-1');
INSERT INTO "task_2_4_emdat" VALUES(87,-1,'-1','-1');
INSERT INTO "task_2_4_emdat" VALUES(88,-1,'-1','-1');
INSERT INTO "task_2_4_emdat" VALUES(89,-1,'-1','-1');
INSERT INTO "task_2_4_emdat" VALUES(90,-1,'-1','-1');
INSERT INTO "task_2_4_emdat" VALUES(91,-1,'-1','-1');
INSERT INTO "task_2_4_emdat" VALUES(92,-1,'-1','-1');
INSERT INTO "task_2_4_emdat" VALUES(93,-1,'-1','-1');
INSERT INTO "task_2_4_emdat" VALUES(94,-1,'-1','-1');
INSERT INTO "task_2_4_emdat" VALUES(95,-1,'-1','-1');
INSERT INTO "task_2_4_emdat" VALUES(96,-1,'-1','-1');
INSERT INTO "task_2_4_emdat" VALUES(97,-1,'-1','-1');
INSERT INTO "task_2_4_emdat" VALUES(98,-1,'-1','-1');
INSERT INTO "task_2_4_emdat" VALUES(99,-1,'-1','-1');
INSERT INTO "task_2_4_emdat" VALUES(100,-1,'-1','-1');
INSERT INTO "task_2_4_emdat" VALUES(101,-1,'-1','-1');
INSERT INTO "task_2_4_emdat" VALUES(102,-1,'-1','-1');
INSERT INTO "task_2_4_emdat" VALUES(103,-1,'-1','-1');
INSERT INTO "task_2_4_emdat" VALUES(104,-1,'-1','-1');
INSERT INTO "task_2_4_emdat" VALUES(105,-1,'-1','-1');
INSERT INTO "task_2_4_emdat" VALUES(106,-1,'-1','-1');
INSERT INTO "task_2_4_emdat" VALUES(107,-1,'-1','-1');
INSERT INTO "task_2_4_emdat" VALUES(108,-1,'-1','-1');
INSERT INTO "task_2_4_emdat" VALUES(109,-1,'-1','-1');
INSERT INTO "task_2_4_emdat" VALUES(110,-1,'-1','-1');
CREATE TABLE task_3_4_emdat ( `id` INTEGER, `interval_value` INTEGER, `task_value` TEXT, `runtime_value` TEXT, PRIMARY KEY(`id`) );
INSERT INTO "task_3_4_emdat" VALUES(2,-1,'-1','-1');
INSERT INTO "task_3_4_emdat" VALUES(3,-1,'-1','-1');
INSERT INTO "task_3_4_emdat" VALUES(4,-1,'-1','-1');
INSERT INTO "task_3_4_emdat" VALUES(5,-1,'-1','-1');
INSERT INTO "task_3_4_emdat" VALUES(6,-1,'-1','-1');
INSERT INTO "task_3_4_emdat" VALUES(7,-1,'-1','-1');
INSERT INTO "task_3_4_emdat" VALUES(8,4.56630896863343238578e+02,'456.630896863343','456.630896863343');
INSERT INTO "task_3_4_emdat" VALUES(9,-1,'456.630896863343','456.630896863343');
INSERT INTO "task_3_4_emdat" VALUES(10,-1,'456.630896863343','456.630896863343');
INSERT INTO "task_3_4_emdat" VALUES(11,-1,'456.630896863343','456.630896863343');
INSERT INTO "task_3_4_emdat" VALUES(12,-1,'456.630896863343','456.630896863343');
INSERT INTO "task_3_4_emdat" VALUES(13,-1,'456.630896863343','456.630896863343');
INSERT INTO "task_3_4_emdat" VALUES(14,4.93476506858574381908e+02,'481.194636860164','481.194636860164');
INSERT INTO "task_3_4_emdat" VALUES(15,-1,'481.194636860164','481.194636860164');
INSERT INTO "task_3_4_emdat" VALUES(16,-1,'481.194636860164','481.194636860164');
INSERT INTO "task_3_4_emdat" VALUES(17,-1,'481.194636860164','481.194636860164');
INSERT INTO "task_3_4_emdat" VALUES(18,-1,'481.194636860164','481.194636860164');
INSERT INTO "task_3_4_emdat" VALUES(19,-1,'481.194636860164','481.194636860164');
INSERT INTO "task_3_4_emdat" VALUES(20,-1,'481.194636860164','481.194636860164');
INSERT INTO "task_3_4_emdat" VALUES(21,-1,'481.194636860164','481.194636860164');
INSERT INTO "task_3_4_emdat" VALUES(22,-1,'481.194636860164','481.194636860164');
INSERT INTO "task_3_4_emdat" VALUES(23,-1,'481.194636860164','481.194636860164');
INSERT INTO "task_3_4_emdat" VALUES(24,4.73187726212206616338e+02,'480.578720656475','480.578720656475');
INSERT INTO "task_3_4_emdat" VALUES(25,-1,'480.578720656475','480.578720656475');
INSERT INTO "task_3_4_emdat" VALUES(26,-1,'480.578720656475','480.578720656475');
INSERT INTO "task_3_4_emdat" VALUES(27,-1,'480.578720656475','480.578720656475');
INSERT INTO "task_3_4_emdat" VALUES(28,-1,'480.578720656475','480.578720656475');
INSERT INTO "task_3_4_emdat" VALUES(29,-1,'480.578720656475','480.578720656475');
INSERT INTO "task_3_4_emdat" VALUES(30,-1,'480.578720656475','480.578720656475');
INSERT INTO "task_3_4_emdat" VALUES(31,-1,'480.578720656475','480.578720656475');
INSERT INTO "task_3_4_emdat" VALUES(32,-1,'480.578720656475','480.578720656475');
INSERT INTO "task_3_4_emdat" VALUES(33,-1,'480.578720656475','480.578720656475');
INSERT INTO "task_3_4_emdat" VALUES(34,-1,'480.578720656475','480.578720656475');
INSERT INTO "task_3_4_emdat" VALUES(35,-1,'480.578720656475','480.578720656475');
INSERT INTO "task_3_4_emdat" VALUES(36,4.45010182113071817155e+02,'478.038110760518','478.038110760518');
INSERT INTO "task_3_4_emdat" VALUES(37,-1,'478.038110760518','478.038110760518');
INSERT INTO "task_3_4_emdat" VALUES(38,439.461084851058,'469.465438336193','469.465438336193');
INSERT INTO "task_3_4_emdat" VALUES(39,-1,'469.465438336193','469.465438336193');
INSERT INTO "task_3_4_emdat" VALUES(40,4.47952232007598372121e+02,'467.314117703334','467.314117703334');
INSERT INTO "task_3_4_emdat" VALUES(41,-1,'467.314117703334','467.314117703334');
INSERT INTO "task_3_4_emdat" VALUES(42,467.17055909059,'467.266264832419','467.266264832419');
INSERT INTO "task_3_4_emdat" VALUES(43,4.61403519679290585742e+02,'466.733288000317','466.733288000317');
INSERT INTO "task_3_4_emdat" VALUES(44,-1,'466.733288000317','466.733288000317');
INSERT INTO "task_3_4_emdat" VALUES(45,-1,'466.733288000317','466.733288000317');
INSERT INTO "task_3_4_emdat" VALUES(46,-1,'466.733288000317','466.733288000317');
INSERT INTO "task_3_4_emdat" VALUES(47,-1,'466.733288000317','466.733288000317');
INSERT INTO "task_3_4_emdat" VALUES(48,-1,'466.733288000317','466.733288000317');
INSERT INTO "task_3_4_emdat" VALUES(49,-1,'466.733288000317','466.733288000317');
INSERT INTO "task_3_4_emdat" VALUES(50,-1,'466.733288000317','466.733288000317');
INSERT INTO "task_3_4_emdat" VALUES(51,-1,'466.733288000317','466.733288000317');
INSERT INTO "task_3_4_emdat" VALUES(52,-1,'466.733288000317','466.733288000317');
INSERT INTO "task_3_4_emdat" VALUES(53,-1,'466.733288000317','466.733288000317');
INSERT INTO "task_3_4_emdat" VALUES(54,-1,'466.733288000317','466.733288000317');
INSERT INTO "task_3_4_emdat" VALUES(55,-1,'466.733288000317','466.733288000317');
INSERT INTO "task_3_4_emdat" VALUES(56,6.32783570929369609814e+02,'559.721446440586','559.721446440586');
INSERT INTO "task_3_4_emdat" VALUES(57,-1,'559.721446440586','559.721446440586');
INSERT INTO "task_3_4_emdat" VALUES(58,5.68124618343381904139e+02,'561.884639207643','561.884639207643');
INSERT INTO "task_3_4_emdat" VALUES(59,6.11112880715725470537e+02,'563.30468463576','563.30468463576');
INSERT INTO "task_3_4_emdat" VALUES(60,-1,'563.30468463576','563.30468463576');
INSERT INTO "task_3_4_emdat" VALUES(61,-1,'563.30468463576','563.30468463576');
INSERT INTO "task_3_4_emdat" VALUES(62,-1,'563.30468463576','563.30468463576');
INSERT INTO "task_3_4_emdat" VALUES(63,-1,'563.30468463576','563.30468463576');
INSERT INTO "task_3_4_emdat" VALUES(64,-1,'563.30468463576','563.30468463576');
INSERT INTO "task_3_4_emdat" VALUES(65,-1,'563.30468463576','563.30468463576');
INSERT INTO "task_3_4_emdat" VALUES(66,-1,'563.30468463576','563.30468463576');
INSERT INTO "task_3_4_emdat" VALUES(67,-1,'563.30468463576','563.30468463576');
INSERT INTO "task_3_4_emdat" VALUES(68,-1,'563.30468463576','563.30468463576');
INSERT INTO "task_3_4_emdat" VALUES(69,-1,'563.30468463576','563.30468463576');
INSERT INTO "task_3_4_emdat" VALUES(70,-1,'563.30468463576','563.30468463576');
INSERT INTO "task_3_4_emdat" VALUES(71,-1,'563.30468463576','563.30468463576');
INSERT INTO "task_3_4_emdat" VALUES(72,-1,'563.30468463576','563.30468463576');
INSERT INTO "task_3_4_emdat" VALUES(73,4.65189362227082625622e+02,'557.117231871249','557.117231871249');
INSERT INTO "task_3_4_emdat" VALUES(74,-1,'557.117231871249','557.117231871249');
INSERT INTO "task_3_4_emdat" VALUES(75,-1,'557.117231871249','557.117231871249');
INSERT INTO "task_3_4_emdat" VALUES(76,-1,'557.117231871249','557.117231871249');
INSERT INTO "task_3_4_emdat" VALUES(77,-1,'557.117231871249','557.117231871249');
INSERT INTO "task_3_4_emdat" VALUES(78,-1,'557.117231871249','557.117231871249');
INSERT INTO "task_3_4_emdat" VALUES(79,-1,'557.117231871249','557.117231871249');
INSERT INTO "task_3_4_emdat" VALUES(80,-1,'557.117231871249','557.117231871249');
INSERT INTO "task_3_4_emdat" VALUES(81,-1,'557.117231871249','557.117231871249');
INSERT INTO "task_3_4_emdat" VALUES(82,-1,'557.117231871249','557.117231871249');
INSERT INTO "task_3_4_emdat" VALUES(83,-1,'557.117231871249','557.117231871249');
INSERT INTO "task_3_4_emdat" VALUES(84,-1,'557.117231871249','557.117231871249');
INSERT INTO "task_3_4_emdat" VALUES(85,-1,'557.117231871249','557.117231871249');
INSERT INTO "task_3_4_emdat" VALUES(86,-1,'557.117231871249','557.117231871249');
INSERT INTO "task_3_4_emdat" VALUES(87,-1,'557.117231871249','557.117231871249');
INSERT INTO "task_3_4_emdat" VALUES(88,-1,'557.117231871249','557.117231871249');
INSERT INTO "task_3_4_emdat" VALUES(89,-1,'557.117231871249','557.117231871249');
INSERT INTO "task_3_4_emdat" VALUES(90,-1,'557.117231871249','557.117231871249');
INSERT INTO "task_3_4_emdat" VALUES(91,6.05408821258733365056e+02,'561.108272316496','561.108272316496');
INSERT INTO "task_3_4_emdat" VALUES(92,-1,'561.108272316496','561.108272316496');
INSERT INTO "task_3_4_emdat" VALUES(93,4.47523631324224169247e+02,'560.177250669018','560.177250669018');
INSERT INTO "task_3_4_emdat" VALUES(94,-1,'560.177250669018','560.177250669018');
INSERT INTO "task_3_4_emdat" VALUES(95,-1,'560.177250669018','560.177250669018');
INSERT INTO "task_3_4_emdat" VALUES(96,-1,'560.177250669018','560.177250669018');
INSERT INTO "task_3_4_emdat" VALUES(97,-1,'560.177250669018','560.177250669018');
INSERT INTO "task_3_4_emdat" VALUES(98,-1,'560.177250669018','560.177250669018');
INSERT INTO "task_3_4_emdat" VALUES(99,4.73657082019045461152e+02,'559.473834663734','559.473834663734');
INSERT INTO "task_3_4_emdat" VALUES(100,-1,'559.473834663734','559.473834663734');
INSERT INTO "task_3_4_emdat" VALUES(101,4.52105204613111322231e+02,'554.479944893938','554.479944893938');
INSERT INTO "task_3_4_emdat" VALUES(102,4.57009162567364590756e+02,'552.991841346967','552.991841346967');
INSERT INTO "task_3_4_emdat" VALUES(103,4.62879739843483939409e+02,'551.636772151426','551.636772151426');
INSERT INTO "task_3_4_emdat" VALUES(104,4.61080704905797844617e+02,'550.960980604817','550.960980604817');
INSERT INTO "task_3_4_emdat" VALUES(105,4.48963731937133836424e+02,'544.541573346012','544.541573346012');
INSERT INTO "task_3_4_emdat" VALUES(106,-1,'544.541573346012','544.541573346012');
INSERT INTO "task_3_4_emdat" VALUES(107,-1,'544.541573346012','544.541573346012');
INSERT INTO "task_3_4_emdat" VALUES(108,-1,'544.541573346012','544.541573346012');
INSERT INTO "task_3_4_emdat" VALUES(109,-1,'544.541573346012','544.541573346012');
INSERT INTO "task_3_4_emdat" VALUES(110,-1,'544.541573346012','544.541573346012');
CREATE TABLE task_4_4_emdat ( `id` INTEGER, `interval_value` INTEGER, `task_value` TEXT, `runtime_value` TEXT, PRIMARY KEY(`id`) );
INSERT INTO "task_4_4_emdat" VALUES(2,-1,'-1','-1');
INSERT INTO "task_4_4_emdat" VALUES(3,-1,'-1','-1');
INSERT INTO "task_4_4_emdat" VALUES(4,-1,'-1','-1');
INSERT INTO "task_4_4_emdat" VALUES(5,-1,'-1','-1');
INSERT INTO "task_4_4_emdat" VALUES(6,-1,'-1','-1');
INSERT INTO "task_4_4_emdat" VALUES(7,-1,'-1','-1');
INSERT INTO "task_4_4_emdat" VALUES(8,-1,'-1','-1');
INSERT INTO "task_4_4_emdat" VALUES(9,-1,'-1','-1');
INSERT INTO "task_4_4_emdat" VALUES(10,-1,'-1','-1');
INSERT INTO "task_4_4_emdat" VALUES(11,-1,'-1','-1');
INSERT INTO "task_4_4_emdat" VALUES(12,-1,'-1','-1');
INSERT INTO "task_4_4_emdat" VALUES(13,-1,'-1','-1');
INSERT INTO "task_4_4_emdat" VALUES(14,-1,'-1','-1');
INSERT INTO "task_4_4_emdat" VALUES(15,-1,'-1','-1');
INSERT INTO "task_4_4_emdat" VALUES(16,-1,'-1','-1');
INSERT INTO "task_4_4_emdat" VALUES(17,-1,'-1','-1');
INSERT INTO "task_4_4_emdat" VALUES(18,-1,'-1','-1');
INSERT INTO "task_4_4_emdat" VALUES(19,-1,'-1','-1');
INSERT INTO "task_4_4_emdat" VALUES(20,-1,'-1','-1');
INSERT INTO "task_4_4_emdat" VALUES(21,-1,'-1','-1');
INSERT INTO "task_4_4_emdat" VALUES(22,-1,'-1','-1');
INSERT INTO "task_4_4_emdat" VALUES(23,-1,'-1','-1');
INSERT INTO "task_4_4_emdat" VALUES(24,-1,'-1','-1');
INSERT INTO "task_4_4_emdat" VALUES(25,-1,'-1','-1');
INSERT INTO "task_4_4_emdat" VALUES(26,-1,'-1','-1');
INSERT INTO "task_4_4_emdat" VALUES(27,-1,'-1','-1');
INSERT INTO "task_4_4_emdat" VALUES(28,-1,'-1','-1');
INSERT INTO "task_4_4_emdat" VALUES(29,-1,'-1','-1');
INSERT INTO "task_4_4_emdat" VALUES(30,-1,'-1','-1');
INSERT INTO "task_4_4_emdat" VALUES(31,-1,'-1','-1');
INSERT INTO "task_4_4_emdat" VALUES(32,-1,'-1','-1');
INSERT INTO "task_4_4_emdat" VALUES(33,-1,'-1','-1');
INSERT INTO "task_4_4_emdat" VALUES(34,-1,'-1','-1');
INSERT INTO "task_4_4_emdat" VALUES(35,-1,'-1','-1');
INSERT INTO "task_4_4_emdat" VALUES(36,-1,'-1','-1');
INSERT INTO "task_4_4_emdat" VALUES(37,-1,'-1','-1');
INSERT INTO "task_4_4_emdat" VALUES(38,-1,'-1','-1');
INSERT INTO "task_4_4_emdat" VALUES(39,-1,'-1','-1');
INSERT INTO "task_4_4_emdat" VALUES(40,-1,'-1','-1');
INSERT INTO "task_4_4_emdat" VALUES(41,-1,'-1','-1');
INSERT INTO "task_4_4_emdat" VALUES(42,-1,'-1','-1');
INSERT INTO "task_4_4_emdat" VALUES(43,-1,'-1','-1');
INSERT INTO "task_4_4_emdat" VALUES(44,-1,'-1','-1');
INSERT INTO "task_4_4_emdat" VALUES(45,-1,'-1','-1');
INSERT INTO "task_4_4_emdat" VALUES(46,-1,'-1','-1');
INSERT INTO "task_4_4_emdat" VALUES(47,-1,'-1','-1');
INSERT INTO "task_4_4_emdat" VALUES(48,-1,'-1','-1');
INSERT INTO "task_4_4_emdat" VALUES(49,-1,'-1','-1');
INSERT INTO "task_4_4_emdat" VALUES(50,-1,'-1','-1');
INSERT INTO "task_4_4_emdat" VALUES(51,-1,'-1','-1');
INSERT INTO "task_4_4_emdat" VALUES(52,-1,'-1','-1');
INSERT INTO "task_4_4_emdat" VALUES(53,-1,'-1','-1');
INSERT INTO "task_4_4_emdat" VALUES(54,-1,'-1','-1');
INSERT INTO "task_4_4_emdat" VALUES(55,-1,'-1','-1');
INSERT INTO "task_4_4_emdat" VALUES(56,-1,'-1','-1');
INSERT INTO "task_4_4_emdat" VALUES(57,-1,'-1','-1');
INSERT INTO "task_4_4_emdat" VALUES(58,-1,'-1','-1');
INSERT INTO "task_4_4_emdat" VALUES(59,-1,'18.4236090094119','18.4236090094119');
INSERT INTO "task_4_4_emdat" VALUES(60,-1,'18.4236090094119','18.4236090094119');
INSERT INTO "task_4_4_emdat" VALUES(61,-1,'18.4236090094119','18.4236090094119');
INSERT INTO "task_4_4_emdat" VALUES(62,-1,'18.4236090094119','18.4236090094119');
INSERT INTO "task_4_4_emdat" VALUES(63,-1,'18.4236090094119','18.4236090094119');
INSERT INTO "task_4_4_emdat" VALUES(64,-1,'18.4236090094119','18.4236090094119');
INSERT INTO "task_4_4_emdat" VALUES(65,-1,'18.4236090094119','18.4236090094119');
INSERT INTO "task_4_4_emdat" VALUES(66,-1,'18.4236090094119','18.4236090094119');
INSERT INTO "task_4_4_emdat" VALUES(67,-1,'18.4236090094119','18.4236090094119');
INSERT INTO "task_4_4_emdat" VALUES(68,-1,'18.4236090094119','18.4236090094119');
INSERT INTO "task_4_4_emdat" VALUES(69,-1,'18.4236090094119','18.4236090094119');
INSERT INTO "task_4_4_emdat" VALUES(70,-1,'18.4236090094119','18.4236090094119');
INSERT INTO "task_4_4_emdat" VALUES(71,-1,'18.4236090094119','18.4236090094119');
INSERT INTO "task_4_4_emdat" VALUES(72,-1,'18.4236090094119','18.4236090094119');
INSERT INTO "task_4_4_emdat" VALUES(73,-1,'18.4236090094119','18.4236090094119');
INSERT INTO "task_4_4_emdat" VALUES(74,-1,'18.4236090094119','18.4236090094119');
INSERT INTO "task_4_4_emdat" VALUES(75,-1,'18.4236090094119','18.4236090094119');
INSERT INTO "task_4_4_emdat" VALUES(76,-1,'18.4236090094119','18.4236090094119');
INSERT INTO "task_4_4_emdat" VALUES(77,-1,'18.4236090094119','18.4236090094119');
INSERT INTO "task_4_4_emdat" VALUES(78,-1,'18.4236090094119','18.4236090094119');
INSERT INTO "task_4_4_emdat" VALUES(79,-1,'18.4236090094119','18.4236090094119');
INSERT INTO "task_4_4_emdat" VALUES(80,-1,'18.4236090094119','18.4236090094119');
INSERT INTO "task_4_4_emdat" VALUES(81,-1,'18.4236090094119','18.4236090094119');
INSERT INTO "task_4_4_emdat" VALUES(82,-1,'18.4236090094119','18.4236090094119');
INSERT INTO "task_4_4_emdat" VALUES(83,-1,'18.4236090094119','18.4236090094119');
INSERT INTO "task_4_4_emdat" VALUES(84,-1,'18.4236090094119','18.4236090094119');
INSERT INTO "task_4_4_emdat" VALUES(85,-1,'18.4236090094119','18.4236090094119');
INSERT INTO "task_4_4_emdat" VALUES(86,-1,'18.4236090094119','18.4236090094119');
INSERT INTO "task_4_4_emdat" VALUES(87,-1,'18.4236090094119','18.4236090094119');
INSERT INTO "task_4_4_emdat" VALUES(88,-1,'18.4236090094119','18.4236090094119');
INSERT INTO "task_4_4_emdat" VALUES(89,-1,'18.4236090094119','18.4236090094119');
INSERT INTO "task_4_4_emdat" VALUES(90,-1,'18.4236090094119','18.4236090094119');
INSERT INTO "task_4_4_emdat" VALUES(91,-1,'18.4236090094119','18.4236090094119');
INSERT INTO "task_4_4_emdat" VALUES(92,-1,'18.4236090094119','18.4236090094119');
INSERT INTO "task_4_4_emdat" VALUES(93,-1,'18.4236090094119','18.4236090094119');
INSERT INTO "task_4_4_emdat" VALUES(94,-1,'18.4236090094119','18.4236090094119');
INSERT INTO "task_4_4_emdat" VALUES(95,-1,'18.4236090094119','18.4236090094119');
INSERT INTO "task_4_4_emdat" VALUES(96,-1,'18.4236090094119','18.4236090094119');
INSERT INTO "task_4_4_emdat" VALUES(97,-1,'18.4236090094119','18.4236090094119');
INSERT INTO "task_4_4_emdat" VALUES(98,-1,'18.4236090094119','18.4236090094119');
INSERT INTO "task_4_4_emdat" VALUES(99,-1,'18.4236090094119','18.4236090094119');
INSERT INTO "task_4_4_emdat" VALUES(100,-1,'18.4236090094119','18.4236090094119');
INSERT INTO "task_4_4_emdat" VALUES(101,-1,'18.4236090094119','18.4236090094119');
INSERT INTO "task_4_4_emdat" VALUES(102,-1,'18.4236090094119','18.4236090094119');
INSERT INTO "task_4_4_emdat" VALUES(103,-1,'18.4236090094119','18.4236090094119');
INSERT INTO "task_4_4_emdat" VALUES(104,-1,'18.4236090094119','18.4236090094119');
INSERT INTO "task_4_4_emdat" VALUES(105,-1,'18.4236090094119','18.4236090094119');
INSERT INTO "task_4_4_emdat" VALUES(106,-1,'18.4236090094119','18.4236090094119');
INSERT INTO "task_4_4_emdat" VALUES(107,-1,'18.4236090094119','18.4236090094119');
INSERT INTO "task_4_4_emdat" VALUES(108,-1,'18.4236090094119','18.4236090094119');
INSERT INTO "task_4_4_emdat" VALUES(109,-1,'18.4236090094119','18.4236090094119');
INSERT INTO "task_4_4_emdat" VALUES(110,-1,'18.4236090094119','18.4236090094119');
CREATE TABLE task_5_4_emdat ( `id` INTEGER, `interval_value` INTEGER, `task_value` TEXT, `runtime_value` TEXT, PRIMARY KEY(`id`) );
INSERT INTO "task_5_4_emdat" VALUES(2,0,'0','0');
INSERT INTO "task_5_4_emdat" VALUES(3,0,'0','0');
INSERT INTO "task_5_4_emdat" VALUES(4,0,'0','0');
INSERT INTO "task_5_4_emdat" VALUES(5,0,'0','0');
INSERT INTO "task_5_4_emdat" VALUES(6,0,'0','0');
INSERT INTO "task_5_4_emdat" VALUES(7,0,'0','0');
INSERT INTO "task_5_4_emdat" VALUES(8,0,'0','0');
INSERT INTO "task_5_4_emdat" VALUES(9,0,'0','0');
INSERT INTO "task_5_4_emdat" VALUES(10,0,'0','0');
INSERT INTO "task_5_4_emdat" VALUES(11,0,'0','0');
INSERT INTO "task_5_4_emdat" VALUES(12,0,'0','0');
INSERT INTO "task_5_4_emdat" VALUES(13,0,'0','0');
INSERT INTO "task_5_4_emdat" VALUES(14,0,'0','0');
INSERT INTO "task_5_4_emdat" VALUES(15,0,'0','0');
INSERT INTO "task_5_4_emdat" VALUES(16,0,'0','0');
INSERT INTO "task_5_4_emdat" VALUES(17,0,'0','0');
INSERT INTO "task_5_4_emdat" VALUES(18,0,'0','0');
INSERT INTO "task_5_4_emdat" VALUES(19,0,'0','0');
INSERT INTO "task_5_4_emdat" VALUES(20,0,'0','0');
INSERT INTO "task_5_4_emdat" VALUES(21,0,'0','0');
INSERT INTO "task_5_4_emdat" VALUES(22,0,'0','0');
INSERT INTO "task_5_4_emdat" VALUES(23,0,'0','0');
INSERT INTO "task_5_4_emdat" VALUES(24,0,'0','0');
INSERT INTO "task_5_4_emdat" VALUES(25,0,'0','0');
INSERT INTO "task_5_4_emdat" VALUES(26,0,'0','0');
INSERT INTO "task_5_4_emdat" VALUES(27,0,'0','0');
INSERT INTO "task_5_4_emdat" VALUES(28,0,'0','0');
INSERT INTO "task_5_4_emdat" VALUES(29,0,'0','0');
INSERT INTO "task_5_4_emdat" VALUES(30,0,'0','0');
INSERT INTO "task_5_4_emdat" VALUES(31,0,'0','0');
INSERT INTO "task_5_4_emdat" VALUES(32,0,'0','0');
INSERT INTO "task_5_4_emdat" VALUES(33,0,'0','0');
INSERT INTO "task_5_4_emdat" VALUES(34,0,'0','0');
INSERT INTO "task_5_4_emdat" VALUES(35,0,'0','0');
INSERT INTO "task_5_4_emdat" VALUES(36,0,'0','0');
INSERT INTO "task_5_4_emdat" VALUES(37,0,'0','0');
INSERT INTO "task_5_4_emdat" VALUES(38,0,'0','0');
INSERT INTO "task_5_4_emdat" VALUES(39,0,'0','0');
INSERT INTO "task_5_4_emdat" VALUES(40,0,'0','0');
INSERT INTO "task_5_4_emdat" VALUES(41,0,'0','0');
INSERT INTO "task_5_4_emdat" VALUES(42,0,'0','0');
INSERT INTO "task_5_4_emdat" VALUES(43,0,'0','0');
INSERT INTO "task_5_4_emdat" VALUES(44,0,'0','0');
INSERT INTO "task_5_4_emdat" VALUES(45,0,'0','0');
INSERT INTO "task_5_4_emdat" VALUES(46,0,'0','0');
INSERT INTO "task_5_4_emdat" VALUES(47,0,'0','0');
INSERT INTO "task_5_4_emdat" VALUES(48,0,'0','0');
INSERT INTO "task_5_4_emdat" VALUES(49,0,'0','0');
INSERT INTO "task_5_4_emdat" VALUES(50,0,'0','0');
INSERT INTO "task_5_4_emdat" VALUES(51,0,'0','0');
INSERT INTO "task_5_4_emdat" VALUES(52,0,'0','0');
INSERT INTO "task_5_4_emdat" VALUES(53,0,'0','0');
INSERT INTO "task_5_4_emdat" VALUES(54,0,'0','0');
INSERT INTO "task_5_4_emdat" VALUES(55,0,'0','0');
INSERT INTO "task_5_4_emdat" VALUES(56,0,'0','0');
INSERT INTO "task_5_4_emdat" VALUES(57,0,'0','0');
INSERT INTO "task_5_4_emdat" VALUES(58,0,'0','0');
INSERT INTO "task_5_4_emdat" VALUES(59,0,'0','0');
INSERT INTO "task_5_4_emdat" VALUES(60,0,'0','0');
INSERT INTO "task_5_4_emdat" VALUES(61,0,'0','0');
INSERT INTO "task_5_4_emdat" VALUES(62,0,'0','0');
INSERT INTO "task_5_4_emdat" VALUES(63,0,'0','0');
INSERT INTO "task_5_4_emdat" VALUES(64,0,'0','0');
INSERT INTO "task_5_4_emdat" VALUES(65,0,'0','0');
INSERT INTO "task_5_4_emdat" VALUES(66,0,'0','0');
INSERT INTO "task_5_4_emdat" VALUES(67,0,'0','0');
INSERT INTO "task_5_4_emdat" VALUES(68,0,'0','0');
INSERT INTO "task_5_4_emdat" VALUES(69,0,'0','0');
INSERT INTO "task_5_4_emdat" VALUES(70,0,'0','0');
INSERT INTO "task_5_4_emdat" VALUES(71,0,'0','0');
INSERT INTO "task_5_4_emdat" VALUES(72,0,'0','0');
INSERT INTO "task_5_4_emdat" VALUES(73,0,'0','0');
INSERT INTO "task_5_4_emdat" VALUES(74,0,'0','0');
INSERT INTO "task_5_4_emdat" VALUES(75,0,'0','0');
INSERT INTO "task_5_4_emdat" VALUES(76,0,'0','0');
INSERT INTO "task_5_4_emdat" VALUES(77,0,'0','0');
INSERT INTO "task_5_4_emdat" VALUES(78,0,'0','0');
INSERT INTO "task_5_4_emdat" VALUES(79,0,'0','0');
INSERT INTO "task_5_4_emdat" VALUES(80,0,'0','0');
INSERT INTO "task_5_4_emdat" VALUES(81,0,'0','0');
INSERT INTO "task_5_4_emdat" VALUES(82,0,'0','0');
INSERT INTO "task_5_4_emdat" VALUES(83,0,'0','0');
INSERT INTO "task_5_4_emdat" VALUES(84,0,'0','0');
INSERT INTO "task_5_4_emdat" VALUES(85,0,'0','0');
INSERT INTO "task_5_4_emdat" VALUES(86,0,'0','0');
INSERT INTO "task_5_4_emdat" VALUES(87,0,'0','0');
INSERT INTO "task_5_4_emdat" VALUES(88,0,'0','0');
INSERT INTO "task_5_4_emdat" VALUES(89,0,'0','0');
INSERT INTO "task_5_4_emdat" VALUES(90,0,'0','0');
INSERT INTO "task_5_4_emdat" VALUES(91,0,'0','0');
INSERT INTO "task_5_4_emdat" VALUES(92,0,'0','0');
INSERT INTO "task_5_4_emdat" VALUES(93,0,'0','0');
INSERT INTO "task_5_4_emdat" VALUES(94,0,'0','0');
INSERT INTO "task_5_4_emdat" VALUES(95,0,'0','0');
INSERT INTO "task_5_4_emdat" VALUES(96,0,'0','0');
INSERT INTO "task_5_4_emdat" VALUES(97,0,'0','0');
INSERT INTO "task_5_4_emdat" VALUES(98,0,'0','0');
INSERT INTO "task_5_4_emdat" VALUES(99,0,'0','0');
INSERT INTO "task_5_4_emdat" VALUES(100,0,'0','0');
INSERT INTO "task_5_4_emdat" VALUES(101,0,'0','0');
INSERT INTO "task_5_4_emdat" VALUES(102,0,'0','0');
INSERT INTO "task_5_4_emdat" VALUES(103,0,'0','0');
INSERT INTO "task_5_4_emdat" VALUES(104,0,'0','0');
INSERT INTO "task_5_4_emdat" VALUES(105,0,'0','0');
INSERT INTO "task_5_4_emdat" VALUES(106,0,'0','0');
INSERT INTO "task_5_4_emdat" VALUES(107,0,'0','0');
INSERT INTO "task_5_4_emdat" VALUES(108,0,'0','0');
INSERT INTO "task_5_4_emdat" VALUES(109,0,'0','0');
INSERT INTO "task_5_4_emdat" VALUES(110,0,'0','0');
CREATE TABLE task_6_4_emdat ( `id` INTEGER, `interval_value` INTEGER, `task_value` TEXT, `runtime_value` TEXT, PRIMARY KEY(`id`) );
INSERT INTO "task_6_4_emdat" VALUES(2,-1,'-1','-1');
INSERT INTO "task_6_4_emdat" VALUES(3,-1,'-1','-1');
INSERT INTO "task_6_4_emdat" VALUES(4,-1,'-1','-1');
INSERT INTO "task_6_4_emdat" VALUES(5,-1,'-1','-1');
INSERT INTO "task_6_4_emdat" VALUES(6,-1,'-1','-1');
INSERT INTO "task_6_4_emdat" VALUES(7,-1,'-1','-1');
INSERT INTO "task_6_4_emdat" VALUES(8,-1,'-1','-1');
INSERT INTO "task_6_4_emdat" VALUES(9,-1,'-1','-1');
INSERT INTO "task_6_4_emdat" VALUES(10,-1,'-1','-1');
INSERT INTO "task_6_4_emdat" VALUES(11,-1,'-1','-1');
INSERT INTO "task_6_4_emdat" VALUES(12,-1,'-1','-1');
INSERT INTO "task_6_4_emdat" VALUES(13,-1,'-1','-1');
INSERT INTO "task_6_4_emdat" VALUES(14,-1,'-1','-1');
INSERT INTO "task_6_4_emdat" VALUES(15,-1,'-1','-1');
INSERT INTO "task_6_4_emdat" VALUES(16,-1,'-1','-1');
INSERT INTO "task_6_4_emdat" VALUES(17,-1,'-1','-1');
INSERT INTO "task_6_4_emdat" VALUES(18,-1,'-1','-1');
INSERT INTO "task_6_4_emdat" VALUES(19,-1,'-1','-1');
INSERT INTO "task_6_4_emdat" VALUES(20,-1,'-1','-1');
INSERT INTO "task_6_4_emdat" VALUES(21,-1,'-1','-1');
INSERT INTO "task_6_4_emdat" VALUES(22,-1,'-1','-1');
INSERT INTO "task_6_4_emdat" VALUES(23,-1,'-1','-1');
INSERT INTO "task_6_4_emdat" VALUES(24,-1,'-1','-1');
INSERT INTO "task_6_4_emdat" VALUES(25,-1,'-1','-1');
INSERT INTO "task_6_4_emdat" VALUES(26,-1,'-1','-1');
INSERT INTO "task_6_4_emdat" VALUES(27,-1,'-1','-1');
INSERT INTO "task_6_4_emdat" VALUES(28,-1,'-1','-1');
INSERT INTO "task_6_4_emdat" VALUES(29,-1,'-1','-1');
INSERT INTO "task_6_4_emdat" VALUES(30,-1,'-1','-1');
INSERT INTO "task_6_4_emdat" VALUES(31,-1,'-1','-1');
INSERT INTO "task_6_4_emdat" VALUES(32,-1,'-1','-1');
INSERT INTO "task_6_4_emdat" VALUES(33,-1,'-1','-1');
INSERT INTO "task_6_4_emdat" VALUES(34,-1,'-1','-1');
INSERT INTO "task_6_4_emdat" VALUES(35,-1,'-1','-1');
INSERT INTO "task_6_4_emdat" VALUES(36,-1,'-1','-1');
INSERT INTO "task_6_4_emdat" VALUES(37,-1,'-1','-1');
INSERT INTO "task_6_4_emdat" VALUES(38,-1,'-1','-1');
INSERT INTO "task_6_4_emdat" VALUES(39,-1,'-1','-1');
INSERT INTO "task_6_4_emdat" VALUES(40,-1,'-1','-1');
INSERT INTO "task_6_4_emdat" VALUES(41,-1,'-1','-1');
INSERT INTO "task_6_4_emdat" VALUES(42,-1,'-1','-1');
INSERT INTO "task_6_4_emdat" VALUES(43,-1,'-1','-1');
INSERT INTO "task_6_4_emdat" VALUES(44,-1,'-1','-1');
INSERT INTO "task_6_4_emdat" VALUES(45,-1,'-1','-1');
INSERT INTO "task_6_4_emdat" VALUES(46,-1,'-1','-1');
INSERT INTO "task_6_4_emdat" VALUES(47,-1,'-1','-1');
INSERT INTO "task_6_4_emdat" VALUES(48,-1,'-1','-1');
INSERT INTO "task_6_4_emdat" VALUES(49,-1,'-1','-1');
INSERT INTO "task_6_4_emdat" VALUES(50,-1,'-1','-1');
INSERT INTO "task_6_4_emdat" VALUES(51,-1,'-1','-1');
INSERT INTO "task_6_4_emdat" VALUES(52,-1,'-1','-1');
INSERT INTO "task_6_4_emdat" VALUES(53,-1,'-1','-1');
INSERT INTO "task_6_4_emdat" VALUES(54,-1,'-1','-1');
INSERT INTO "task_6_4_emdat" VALUES(55,-1,'-1','-1');
INSERT INTO "task_6_4_emdat" VALUES(56,-1,'-1','-1');
INSERT INTO "task_6_4_emdat" VALUES(57,-1,'-1','-1');
INSERT INTO "task_6_4_emdat" VALUES(58,-1,'-1','-1');
INSERT INTO "task_6_4_emdat" VALUES(59,-1,'-1','-1');
INSERT INTO "task_6_4_emdat" VALUES(60,-1,'-1','-1');
INSERT INTO "task_6_4_emdat" VALUES(61,-1,'-1','-1');
INSERT INTO "task_6_4_emdat" VALUES(62,-1,'-1','-1');
INSERT INTO "task_6_4_emdat" VALUES(63,-1,'-1','-1');
INSERT INTO "task_6_4_emdat" VALUES(64,-1,'-1','-1');
INSERT INTO "task_6_4_emdat" VALUES(65,-1,'-1','-1');
INSERT INTO "task_6_4_emdat" VALUES(66,-1,'-1','-1');
INSERT INTO "task_6_4_emdat" VALUES(67,129100,'129100.0','129100.0');
INSERT INTO "task_6_4_emdat" VALUES(68,-1,'129100.0','129100.0');
INSERT INTO "task_6_4_emdat" VALUES(69,-1,'129100.0','129100.0');
INSERT INTO "task_6_4_emdat" VALUES(70,-1,'129100.0','129100.0');
INSERT INTO "task_6_4_emdat" VALUES(71,-1,'129100.0','129100.0');
INSERT INTO "task_6_4_emdat" VALUES(72,-1,'129100.0','129100.0');
INSERT INTO "task_6_4_emdat" VALUES(73,-1,'129100.0','129100.0');
INSERT INTO "task_6_4_emdat" VALUES(74,-1,'129100.0','129100.0');
INSERT INTO "task_6_4_emdat" VALUES(75,-1,'129100.0','129100.0');
INSERT INTO "task_6_4_emdat" VALUES(76,-1,'129100.0','129100.0');
INSERT INTO "task_6_4_emdat" VALUES(77,-1,'129100.0','129100.0');
INSERT INTO "task_6_4_emdat" VALUES(78,-1,'129100.0','129100.0');
INSERT INTO "task_6_4_emdat" VALUES(79,-1,'129100.0','129100.0');
INSERT INTO "task_6_4_emdat" VALUES(80,-1,'129100.0','129100.0');
INSERT INTO "task_6_4_emdat" VALUES(81,-1,'129100.0','129100.0');
INSERT INTO "task_6_4_emdat" VALUES(82,-1,'129100.0','129100.0');
INSERT INTO "task_6_4_emdat" VALUES(83,-1,'129100.0','129100.0');
INSERT INTO "task_6_4_emdat" VALUES(84,-1,'129100.0','129100.0');
INSERT INTO "task_6_4_emdat" VALUES(85,-1,'129100.0','129100.0');
INSERT INTO "task_6_4_emdat" VALUES(86,-1,'129100.0','129100.0');
INSERT INTO "task_6_4_emdat" VALUES(87,-1,'129100.0','129100.0');
INSERT INTO "task_6_4_emdat" VALUES(88,-1,'129100.0','129100.0');
INSERT INTO "task_6_4_emdat" VALUES(89,-1,'129100.0','129100.0');
INSERT INTO "task_6_4_emdat" VALUES(90,-1,'129100.0','129100.0');
INSERT INTO "task_6_4_emdat" VALUES(91,-1,'129100.0','129100.0');
INSERT INTO "task_6_4_emdat" VALUES(92,-1,'129100.0','129100.0');
INSERT INTO "task_6_4_emdat" VALUES(93,-1,'129100.0','129100.0');
INSERT INTO "task_6_4_emdat" VALUES(94,-1,'129100.0','129100.0');
INSERT INTO "task_6_4_emdat" VALUES(95,-1,'129100.0','129100.0');
INSERT INTO "task_6_4_emdat" VALUES(96,-1,'129100.0','129100.0');
INSERT INTO "task_6_4_emdat" VALUES(97,-1,'129100.0','129100.0');
INSERT INTO "task_6_4_emdat" VALUES(98,-1,'129100.0','129100.0');
INSERT INTO "task_6_4_emdat" VALUES(99,-1,'129100.0','129100.0');
INSERT INTO "task_6_4_emdat" VALUES(100,-1,'129100.0','129100.0');
INSERT INTO "task_6_4_emdat" VALUES(101,-1,'129100.0','129100.0');
INSERT INTO "task_6_4_emdat" VALUES(102,-1,'129100.0','129100.0');
INSERT INTO "task_6_4_emdat" VALUES(103,-1,'129100.0','129100.0');
INSERT INTO "task_6_4_emdat" VALUES(104,-1,'129100.0','129100.0');
INSERT INTO "task_6_4_emdat" VALUES(105,-1,'129100.0','129100.0');
INSERT INTO "task_6_4_emdat" VALUES(106,-1,'129100.0','129100.0');
INSERT INTO "task_6_4_emdat" VALUES(107,-1,'129100.0','129100.0');
INSERT INTO "task_6_4_emdat" VALUES(108,-1,'129100.0','129100.0');
INSERT INTO "task_6_4_emdat" VALUES(109,-1,'129100.0','129100.0');
INSERT INTO "task_6_4_emdat" VALUES(110,-1,'129100.0','129100.0');
CREATE TABLE task_7_4_emdat ( `id` INTEGER, `interval_value` INTEGER, `task_value` TEXT, `runtime_value` TEXT, PRIMARY KEY(`id`) );
INSERT INTO "task_7_4_emdat" VALUES(2,-1,'-1','-1');
INSERT INTO "task_7_4_emdat" VALUES(3,-1,'-1','-1');
INSERT INTO "task_7_4_emdat" VALUES(4,-1,'-1','-1');
INSERT INTO "task_7_4_emdat" VALUES(5,-1,'-1','-1');
INSERT INTO "task_7_4_emdat" VALUES(6,-1,'-1','-1');
INSERT INTO "task_7_4_emdat" VALUES(7,-1,'-1','-1');
INSERT INTO "task_7_4_emdat" VALUES(8,-1,'-1','-1');
INSERT INTO "task_7_4_emdat" VALUES(9,-1,'-1','-1');
INSERT INTO "task_7_4_emdat" VALUES(10,-1,'-1','-1');
INSERT INTO "task_7_4_emdat" VALUES(11,-1,'-1','-1');
INSERT INTO "task_7_4_emdat" VALUES(12,-1,'-1','-1');
INSERT INTO "task_7_4_emdat" VALUES(13,-1,'-1','-1');
INSERT INTO "task_7_4_emdat" VALUES(14,-1,'-1','-1');
INSERT INTO "task_7_4_emdat" VALUES(15,-1,'-1','-1');
INSERT INTO "task_7_4_emdat" VALUES(16,-1,'-1','-1');
INSERT INTO "task_7_4_emdat" VALUES(17,-1,'-1','-1');
INSERT INTO "task_7_4_emdat" VALUES(18,-1,'-1','-1');
INSERT INTO "task_7_4_emdat" VALUES(19,-1,'-1','-1');
INSERT INTO "task_7_4_emdat" VALUES(20,-1,'-1','-1');
INSERT INTO "task_7_4_emdat" VALUES(21,-1,'-1','-1');
INSERT INTO "task_7_4_emdat" VALUES(22,-1,'-1','-1');
INSERT INTO "task_7_4_emdat" VALUES(23,-1,'-1','-1');
INSERT INTO "task_7_4_emdat" VALUES(24,-1,'-1','-1');
INSERT INTO "task_7_4_emdat" VALUES(25,-1,'-1','-1');
INSERT INTO "task_7_4_emdat" VALUES(26,-1,'-1','-1');
INSERT INTO "task_7_4_emdat" VALUES(27,-1,'-1','-1');
INSERT INTO "task_7_4_emdat" VALUES(28,-1,'-1','-1');
INSERT INTO "task_7_4_emdat" VALUES(29,-1,'-1','-1');
INSERT INTO "task_7_4_emdat" VALUES(30,-1,'-1','-1');
INSERT INTO "task_7_4_emdat" VALUES(31,-1,'-1','-1');
INSERT INTO "task_7_4_emdat" VALUES(32,-1,'-1','-1');
INSERT INTO "task_7_4_emdat" VALUES(33,-1,'-1','-1');
INSERT INTO "task_7_4_emdat" VALUES(34,-1,'-1','-1');
INSERT INTO "task_7_4_emdat" VALUES(35,-1,'-1','-1');
INSERT INTO "task_7_4_emdat" VALUES(36,-1,'-1','-1');
INSERT INTO "task_7_4_emdat" VALUES(37,-1,'-1','-1');
INSERT INTO "task_7_4_emdat" VALUES(38,-1,'-1','-1');
INSERT INTO "task_7_4_emdat" VALUES(39,-1,'-1','-1');
INSERT INTO "task_7_4_emdat" VALUES(40,-1,'-1','-1');
INSERT INTO "task_7_4_emdat" VALUES(41,-1,'-1','-1');
INSERT INTO "task_7_4_emdat" VALUES(42,-1,'-1','-1');
INSERT INTO "task_7_4_emdat" VALUES(43,-1,'-1','-1');
INSERT INTO "task_7_4_emdat" VALUES(44,-1,'-1','-1');
INSERT INTO "task_7_4_emdat" VALUES(45,-1,'-1','-1');
INSERT INTO "task_7_4_emdat" VALUES(46,-1,'-1','-1');
INSERT INTO "task_7_4_emdat" VALUES(47,-1,'-1','-1');
INSERT INTO "task_7_4_emdat" VALUES(48,-1,'-1','-1');
INSERT INTO "task_7_4_emdat" VALUES(49,-1,'-1','-1');
INSERT INTO "task_7_4_emdat" VALUES(50,-1,'-1','-1');
INSERT INTO "task_7_4_emdat" VALUES(51,-1,'-1','-1');
INSERT INTO "task_7_4_emdat" VALUES(52,-1,'-1','-1');
INSERT INTO "task_7_4_emdat" VALUES(53,-1,'-1','-1');
INSERT INTO "task_7_4_emdat" VALUES(54,-1,'-1','-1');
INSERT INTO "task_7_4_emdat" VALUES(55,-1,'-1','-1');
INSERT INTO "task_7_4_emdat" VALUES(56,-1,'-1','-1');
INSERT INTO "task_7_4_emdat" VALUES(57,-1,'-1','-1');
INSERT INTO "task_7_4_emdat" VALUES(58,-1,'-1','-1');
INSERT INTO "task_7_4_emdat" VALUES(59,-1,'-1','-1');
INSERT INTO "task_7_4_emdat" VALUES(60,-1,'-1','-1');
INSERT INTO "task_7_4_emdat" VALUES(61,-1,'-1','-1');
INSERT INTO "task_7_4_emdat" VALUES(62,-1,'-1','-1');
INSERT INTO "task_7_4_emdat" VALUES(63,-1,'-1','-1');
INSERT INTO "task_7_4_emdat" VALUES(64,-1,'-1','-1');
INSERT INTO "task_7_4_emdat" VALUES(65,-1,'-1','-1');
INSERT INTO "task_7_4_emdat" VALUES(66,-1,'-1','-1');
INSERT INTO "task_7_4_emdat" VALUES(67,-1,'-1','-1');
INSERT INTO "task_7_4_emdat" VALUES(68,-1,'-1','-1');
INSERT INTO "task_7_4_emdat" VALUES(69,-1,'-1','-1');
INSERT INTO "task_7_4_emdat" VALUES(70,-1,'-1','-1');
INSERT INTO "task_7_4_emdat" VALUES(71,-1,'-1','-1');
INSERT INTO "task_7_4_emdat" VALUES(72,-1,'-1','-1');
INSERT INTO "task_7_4_emdat" VALUES(73,-1,'-1','-1');
INSERT INTO "task_7_4_emdat" VALUES(74,-1,'-1','-1');
INSERT INTO "task_7_4_emdat" VALUES(75,-1,'-1','-1');
INSERT INTO "task_7_4_emdat" VALUES(76,-1,'-1','-1');
INSERT INTO "task_7_4_emdat" VALUES(77,-1,'-1','-1');
INSERT INTO "task_7_4_emdat" VALUES(78,-1,'-1','-1');
INSERT INTO "task_7_4_emdat" VALUES(79,-1,'-1','-1');
INSERT INTO "task_7_4_emdat" VALUES(80,-1,'-1','-1');
INSERT INTO "task_7_4_emdat" VALUES(81,-1,'-1','-1');
INSERT INTO "task_7_4_emdat" VALUES(82,-1,'-1','-1');
INSERT INTO "task_7_4_emdat" VALUES(83,-1,'-1','-1');
INSERT INTO "task_7_4_emdat" VALUES(84,-1,'-1','-1');
INSERT INTO "task_7_4_emdat" VALUES(85,-1,'-1','-1');
INSERT INTO "task_7_4_emdat" VALUES(86,-1,'-1','-1');
INSERT INTO "task_7_4_emdat" VALUES(87,-1,'-1','-1');
INSERT INTO "task_7_4_emdat" VALUES(88,-1,'-1','-1');
INSERT INTO "task_7_4_emdat" VALUES(89,-1,'-1','-1');
INSERT INTO "task_7_4_emdat" VALUES(90,-1,'-1','-1');
INSERT INTO "task_7_4_emdat" VALUES(91,-1,'-1','-1');
INSERT INTO "task_7_4_emdat" VALUES(92,-1,'-1','-1');
INSERT INTO "task_7_4_emdat" VALUES(93,-1,'-1','-1');
INSERT INTO "task_7_4_emdat" VALUES(94,-1,'-1','-1');
INSERT INTO "task_7_4_emdat" VALUES(95,-1,'-1','-1');
INSERT INTO "task_7_4_emdat" VALUES(96,-1,'-1','-1');
INSERT INTO "task_7_4_emdat" VALUES(97,-1,'-1','-1');
INSERT INTO "task_7_4_emdat" VALUES(98,-1,'-1','-1');
INSERT INTO "task_7_4_emdat" VALUES(99,-1,'-1','-1');
INSERT INTO "task_7_4_emdat" VALUES(100,-1,'-1','-1');
INSERT INTO "task_7_4_emdat" VALUES(101,-1,'-1','-1');
INSERT INTO "task_7_4_emdat" VALUES(102,-1,'-1','-1');
INSERT INTO "task_7_4_emdat" VALUES(103,-1,'-1','-1');
INSERT INTO "task_7_4_emdat" VALUES(104,-1,'-1','-1');
INSERT INTO "task_7_4_emdat" VALUES(105,-1,'-1','-1');
INSERT INTO "task_7_4_emdat" VALUES(106,-1,'-1','-1');
INSERT INTO "task_7_4_emdat" VALUES(107,-1,'-1','-1');
INSERT INTO "task_7_4_emdat" VALUES(108,-1,'-1','-1');
INSERT INTO "task_7_4_emdat" VALUES(109,-1,'-1','-1');
INSERT INTO "task_7_4_emdat" VALUES(110,-1,'-1','-1');
CREATE TABLE `task_state` (
        `property`      TEXT NOT NULL,
        `value` INTEGER,
        PRIMARY KEY(`property`)
);
CREATE TABLE "user_state" (
	`event_name`	TEXT NOT NULL,
	`type`	TEXT,
	`aoi`	TEXT,
	`feature`	TEXT,
	PRIMARY KEY(`event_name`)
);
INSERT INTO "user_state" VALUES('text_fix','fix','text','');
INSERT INTO "user_state" VALUES('pupil','emdat','vis','meanpupilsize');
INSERT INTO "user_state" VALUES('reading_proficiency','ml','',NULL);
INSERT INTO "user_state" VALUES('vis_fix','fix','vis',NULL);
INSERT INTO "user_state" VALUES('text_1_emdat','emdat','text_1','meanpupilsize');
INSERT INTO "user_state" VALUES('text_2_emdat','emdat','text_2','meanpupilvelocity');
INSERT INTO "user_state" VALUES('task_1_fixrate','emdat','text','fixationrate');
INSERT INTO "user_state" VALUES('task_1_3_emdat','emdat','t3_aoi1','fixationrate');
INSERT INTO "user_state" VALUES('task_2_3_emdat','emdat','t3_aoi2','meanpupilvelocity');
INSERT INTO "user_state" VALUES('task_3_3_emdat','emdat','t3_aoi3','meanpupilsize');
INSERT INTO "user_state" VALUES('task_4_3_emdat','emdat','t3_aoi4','meandistance');
INSERT INTO "user_state" VALUES('task_5_3_emdat','emdat','t3_aoi5','stddevdistance');
INSERT INTO "user_state" VALUES('task_1_4_emdat','emdat','t4_aoi1','meanpupilvelocity');
INSERT INTO "user_state" VALUES('task_2_4_emdat','emdat','t4_aoi2','meanpupilsize');
INSERT INTO "user_state" VALUES('task_3_4_emdat','emdat','t4_aoi3','meandistance');
INSERT INTO "user_state" VALUES('task_4_4_emdat','emdat','t4_aoi4','stddevdistance');
INSERT INTO "user_state" VALUES('task_5_4_emdat','emdat','t4_aoi5','fixationrate');
INSERT INTO "user_state" VALUES('task_6_4_emdat','emdat','t4_aoi6','meanfixationduration');
INSERT INTO "user_state" VALUES('task_7_4_emdat','emdat','t4_aoi7','stddevfixationduration');
INSERT INTO "user_state" VALUES('bad_type','same','text',NULL);
INSERT INTO "user_state" VALUES('task_2_2_emdat','emdat','text','maxpupilsize');
CREATE TABLE "user_state_task" (
        `event_name`    TEXT,
        `task`  INTEGER,
        PRIMARY KEY(`event_name`,`task`)
);
INSERT INTO "user_state_task" VALUES('text_fix',1);
INSERT INTO "user_state_task" VALUES('pupil',2);
INSERT INTO "user_state_task" VALUES('pupil',1);
INSERT INTO "user_state_task" VALUES('reading_proficiency',1);
INSERT INTO "user_state_task" VALUES('reading_proficiency',2);
INSERT INTO "user_state_task" VALUES('vis_fix',1);
INSERT INTO "user_state_task" VALUES('task_1_3_emdat',3);
INSERT INTO "user_state_task" VALUES('task_2_3_emdat',3);
INSERT INTO "user_state_task" VALUES('task_3_3_emdat',3);
INSERT INTO "user_state_task" VALUES('task_4_3_emdat',3);
INSERT INTO "user_state_task" VALUES('task_5_3_emdat',3);
INSERT INTO "user_state_task" VALUES('task_1_4_emdat',4);
INSERT INTO "user_state_task" VALUES('task_2_4_emdat',4);
INSERT INTO "user_state_task" VALUES('task_3_4_emdat',4);
INSERT INTO "user_state_task" VALUES('task_4_4_emdat',4);
INSERT INTO "user_state_task" VALUES('task_5_4_emdat',4);
INSERT INTO "user_state_task" VALUES('task_6_4_emdat',4);
INSERT INTO "user_state_task" VALUES('task_7_4_emdat',4);
INSERT INTO "user_state_task" VALUES('bad_type',1024);
INSERT INTO "user_state_task" VALUES('task_2_2_emdat',2);
COMMIT;
