abspathanglesrate,enddistance,endpupilsize,eyemovementvelocity,fixationrate,fixationsaccadetimeratio,longestsaccadedistance,longestsaccadeduration,maxdistance,maxpupilsize,maxpupilvelocity,maxsaccadespeed,meanabspathangles,meandistance,meanfixationduration,meanpupilsize,meanpupilvelocity,meanrelpathangles,meansaccadedistance,meansaccadeduration,mindistance,minpupilsize,minsaccadespeed,relpathanglesrate,startdistance,startpupilsize,stddevabspathangles,stddevdistance,stddevpathdistance,stddevpupilsize,stddevrelpathangles,stddevsaccadedistance,stddevsaccadeduration,stddevsaccadespeed,Relevant bars_fixationrate,Relevant bars_longestfixation,Relevant bars_maxdistance,Relevant bars_maxpupilsize,Relevant bars_maxpupilvelocity,Relevant bars_mindistance,Relevant bars_numevents,Relevant bars_numfixations,Relevant bars_numtransfrom_Refs,Relevant bars_numtransfrom_Text,Relevant bars_numtransfrom_legend,Relevant bars_proportionnum,Relevant bars_proptransfrom_Non-relevant bars,Relevant bars_proptransfrom_Refs,Relevant bars_proptransfrom_Relevant bars,Relevant bars_proptransfrom_Text,Relevant bars_proptransfrom_Viz,Relevant bars_proptransfrom_labels,Relevant bars_proptransfrom_legend,Relevant bars_stddevfixationduration,Relevant bars_timetofirstfixation,Relevant bars_timetolastfixation,Non-relevant bars_fixationrate,Non-relevant bars_leftclicrate,Non-relevant bars_longestfixation,Non-relevant bars_maxpupilvelocity,Non-relevant bars_mindistance,Non-relevant bars_numtransfrom_Refs,Non-relevant bars_numtransfrom_Text,Non-relevant bars_numtransfrom_legend,Non-relevant bars_proptransfrom_Non-relevant bars,Non-relevant bars_proptransfrom_Refs,Non-relevant bars_proptransfrom_Relevant bars,Non-relevant bars_proptransfrom_Text,Non-relevant bars_proptransfrom_Viz,Non-relevant bars_proptransfrom_labels,Non-relevant bars_proptransfrom_legend,Non-relevant bars_stddevfixationduration,Non-relevant bars_stddevpupilvelocity,Non-relevant bars_timetofirstfixation,Text_leftclicrate,Text_longestfixation,Text_maxpupilsize,Text_maxpupilvelocity,Text_mindistance,Text_minpupilsize,Text_numtransfrom_Non-relevant bars,Text_numtransfrom_Refs,Text_numtransfrom_Relevant bars,Text_numtransfrom_Text,Text_numtransfrom_Viz,Text_numtransfrom_labels,Text_numtransfrom_legend,Text_proportionnum,Text_proptransfrom_Refs,Text_proptransfrom_Relevant bars,Text_proptransfrom_Viz,Text_stddevfixationduration,Text_timetofirstfixation,Refs_leftclicrate,Refs_longestfixation,Refs_maxpupilsize,Refs_maxpupilvelocity,Refs_numtransfrom_Non-relevant bars,Refs_numtransfrom_Refs,Refs_numtransfrom_Viz,Refs_numtransfrom_legend,Refs_proportionnum,Refs_proptransfrom_Non-relevant bars,Refs_proptransfrom_Refs,Refs_proptransfrom_Text,Refs_stddevfixationduration,Refs_timetofirstfixation,labels_fixationrate,labels_longestfixation,labels_maxpupilvelocity,labels_numtransfrom_Refs,labels_numtransfrom_Text,labels_numtransfrom_Viz,labels_numtransfrom_legend,labels_proportionnum,labels_proptransfrom_Non-relevant bars,labels_proptransfrom_Relevant bars,labels_proptransfrom_Text,labels_proptransfrom_labels,labels_proptransfrom_legend,labels_stddevfixationduration,labels_timetofirstfixation,Viz_longestfixation,Viz_maxpupilvelocity,Viz_numtransfrom_Text,Viz_numtransfrom_legend,Viz_proptransfrom_Non-relevant bars,Viz_proptransfrom_Relevant bars,Viz_proptransfrom_Text,Viz_proptransfrom_Viz,Viz_proptransfrom_labels,Viz_proptransfrom_legend,Viz_stddevfixationduration,Viz_timetofirstfixation,legend_fixationrate,legend_longestfixation,legend_meanfixationduration,legend_mindistance,legend_minpupilsize,legend_numtransfrom_Non-relevant bars,legend_numtransfrom_Refs,legend_numtransfrom_Relevant bars,legend_numtransfrom_Text,legend_numtransfrom_labels,legend_proptransfrom_Non-relevant bars,legend_proptransfrom_Refs,legend_proptransfrom_Relevant bars,legend_proptransfrom_Text,legend_proptransfrom_labels,legend_proptransfrom_legend,legend_stddevfixationduration,legend_timetofirstfixation,BarChartLit
0.00407910111106,629.55,0.246147420312,0.435388083729,0.00361610957944,8.34467199265,987.7231053160001,117.0,666.44,0.402150792689,0.12125,9.29625998045,1.13514528289,618.998704558,239.89269311099997,0.117036004185,0.00227155089822,1.69640357565,150.421340477,40.25795053,588.08,-0.327117984206,1.1681597075299999,0.0060575413722499995,622.26,0.266822566049,1.27558451957,7.6748611534,111.612713365,0.0553869413347,1.2733222859200002,113.05279505899999,14.4772395212,1.42490387759,0.004203821656050001,641,644.51,0.36080050121600005,0.02625,603.76,0,66,7,0,2,0.0275574112735,0.153846153846,0.0897435897436,0.24358974359000002,0.0,0.358974358974,0.128205128205,0.025641025641,-1.0,27072,1105815,0.00440566689703,0.0,675,0.03625,-1.0,2,2,5,0.1875,0.03125,0.171875,0.03125,0.34375,0.15625,0.078125,-1.0,0.00248880077384,-1,0.0,650,0.338245796776,0.0725,589.54,-0.127884761652,0,58,3,517,13,3,0,0.250939457203,0.0976430976431,0.00505050505051,0.0218855218855,95.4515933165,566,0.0,1332,0.398391675282,0.09,1,1054,7,1,0.479749478079,0.000875656742557,0.922942206655,0.0647985989492,110.88648965899999,3372,0.00385050962627,883,0.030625,5,1,55,4,0.035490605428,0.0731707317073,0.10569105691099999,0.008130081300810001,0.292682926829,0.0325203252033,0.0,22442,1174,0.035,5,32,0.0677506775068,0.08401084010839999,0.0135501355014,0.5772357723579999,0.14634146341499998,0.0867208672087,0.0,22442,0.00351670434564,1091,284,600.0,-1.0,3,0,2,0,4,0.046875,0.0,0.03125,0.0,0.0625,0.28125,0.0,-1,0
0.00499059139471,564.37,-0.06742436074909999,0.483947613208,0.00415364608606,7.564414923049999,842.463488116,125.0,608.26,0.0897914558296,0.0675,10.4405362505,1.20855586015,571.746634333,171.695482866,-0.082761140269,0.00210426888092,1.65502528754,122.76513194299999,39.5986348123,528.03,-0.313967345838,0.944419700261,0.00679408102163,584.34,0.0326220679828,1.25292532196,12.6962274203,112.854853421,0.0317626612032,1.2132440424700002,99.1954467143,15.6380245665,1.2889403689499999,0.00548062717438,500,598.76,0.0522740450551,0.020555555555599996,538.27,0,115,0,1,1,0.0447819314642,0.0592592592593,0.0,0.437037037037,0.007407407407409999,0.33333333333299997,0.155555555556,0.007407407407409999,-1.0,24833,1018604,0.004728696981279999,0.0,733,0.01625,547.92,4,1,2,0.439252336449,0.0373831775701,0.121495327103,0.00934579439252,0.271028037383,0.10280373831800001,0.018691588785,124.41130764299999,0.0015407825900299998,-1,0.0,550,0.0701394787573,0.0377777777778,529.36,-0.204988200255,0,84,2,380,5,2,0,0.192367601246,0.177589852008,0.00422832980973,0.010570824524299999,70.1681261181,42,0.0,658,0.0862183690892,0.03875,4,947,9,0,0.41627725856700004,0.0038387715930900002,0.9088291746639999,0.0777351247601,71.65854191380001,517,0.005264093900050001,475,0.0311111111111,3,0,108,4,0.0576323987539,0.0901287553648,0.042918454935599995,0.0,0.37339055794,0.0171673819742,78.3949099417,26757,633,0.0311111111111,5,20,0.0642857142857,0.0660714285714,0.00892857142857,0.614285714286,0.19642857142900003,0.035714285714300006,88.58535236280001,142,0.004922945205479999,633,203,600.0,-1.0,0,0,7,1,3,0.0,0.0,0.212121212121,0.030303030303,0.0909090909091,0.212121212121,0.0,-1,1
0.00478830793119,582.23,0.0314572951747,0.398606875327,0.00378485791293,7.3565555816699995,864.472213574,125.0,661.54,0.251422251494,0.06625,9.399404507869999,1.26957585306,606.682537937,235.71515435,0.0281518670432,0.0013612575321700002,1.6495172564200002,108.429994239,37.2801358234,545.82,-0.233095152291,0.8679086241439999,0.00619938683777,641.81,0.0626685389768,1.32990005691,26.1868153273,99.2853323583,0.036404410406,1.29141587662,97.7362309118,13.5931196855,1.28651004213,0.00360288230584,2432,647.04,0.0953660324838,0.02,550.51,1,108,7,4,4,0.0252572497661,0.0629921259843,0.0551181102362,0.370078740157,0.0314960629921,0.29921259842500003,0.149606299213,0.0314960629921,-1.0,85365,1784361,0.00339223330464,0.0,924,0.0075,552.75,5,2,0,0.347222222222,0.0694444444444,0.152777777778,0.0277777777778,0.29166666666700003,0.111111111111,0.0,-1.0,0.00104589009171,80302,0.0,1166,0.18008226566100002,0.0425,545.82,-0.0993326788532,3,70,2,789,11,1,3,0.208840037418,0.07963594994310001,0.0022753128555199997,0.012514220705299998,127.040418518,533,0.0,1566,0.251422251494,0.06625,2,2149,14,2,0.528765201123,0.00088809946714,0.9542628774420001,0.0346358792185,132.21575790000003,5737,0.0039449146463900004,916,0.0375,6,2,71,0,0.025724976613699997,0.0736196319018,0.0920245398773,0.0122699386503,0.34969325153399994,0.0,0.0,92427,2148,0.0625,5,27,0.0565656565657,0.0828282828283,0.010101010100999999,0.618181818182,0.147474747475,0.0545454545455,181.54842572299998,80669,0.0032789871573,2148,304,563.19,-0.0636626859365,3,2,4,1,1,0.0625,0.0416666666667,0.08333333333330001,0.020833333333299998,0.020833333333299998,0.25,0.0,80852,1
0.005785479024,563.52,-0.0230757237893,0.5710529664790001,0.00411401564939,6.368046734169999,889.113607945,141.0,684.92,0.312986227227,0.07875,12.661960286600001,1.4144422342899998,554.7412411409999,195.64782775900002,-0.0025246227891,0.00179546260749,1.41394610382,141.644861896,40.9927872231,434.19,-0.253629852975,0.898858081567,0.00574990301444,568.11,0.0511705212027,1.3024262576299999,19.8763017644,135.6056898,0.0380849354849,1.21645616269,124.445889475,16.283821251400003,1.50881802929,0.00516864551952,841,639.38,0.111739826328,0.04125,506.12,0,175,11,7,8,0.0672818146867,0.0568720379147,0.0521327014218,0.322274881517,0.0331753554502,0.355450236967,0.142180094787,0.037914691943099994,119.371799169,44178,873828,0.0052941764059500004,0.0,500,0.04625,505.41,8,6,5,0.198347107438,0.0661157024793,0.214876033058,0.0495867768595,0.297520661157,0.132231404959,0.0413223140496,86.849514076,0.0023250140955300004,2415,6.84478625786e-06,2457,0.312986227227,0.03875,447.06,-0.13639893982999998,6,74,8,345,13,2,1,0.17416378316,0.164810690423,0.0178173719376,0.0289532293987,149.449535686,2973,4.1068717547199994e-06,949,0.22115534526299999,0.04125,7,769,12,2,0.339484813533,0.007990867579909999,0.877853881279,0.08561643835619999,83.26962871159999,2823,0.0046482730055,491,0.035,2,1,134,1,0.077662437524,0.103896103896,0.10064935064899999,0.00324675324675,0.347402597403,0.00324675324675,96.4948636274,46252,1049,0.05375,14,42,0.074369189907,0.08764940239039999,0.0185922974768,0.561752988048,0.19256308100900002,0.055776892430300005,107.818868036,125,0.00472983806317,591,211,507.93,-0.09146042312410001,3,0,6,4,3,0.034090909090900005,0.0,0.06818181818180001,0.0454545454545,0.034090909090900005,0.306818181818,0.0,45927,0
0.0053867122085,588.99,0.0673825865659,0.48997437626100004,0.00421256762923,6.47683901668,1119.79925552,100.0,609.37,0.368883511992,0.0588888888889,12.3138863843,1.2861875796200002,572.66514855,204.68742746599997,0.110674151721,0.00140350141877,1.58148946477,119.138633641,36.0179775281,513.1,-0.320756535822,1.0078233323399999,0.00658481452071,594.87,0.0847102259582,1.2813781313600001,10.4157439743,118.31983850299999,0.0609472196891,1.23035136823,106.97495485399999,12.1833135846,1.4958070945700002,0.00520024837007,1033,597.24,0.334228233207,0.03375,554.91,0,134,4,1,9,0.0518375241779,0.09815950920250001,0.0245398773006,0.31288343558299997,0.00613496932515,0.374233128834,0.128834355828,0.0552147239264,-1.0,25242,1104553,0.004611219223279999,0.0,891,0.03125,555.61,0,1,5,0.30534351145,0.0,0.160305343511,0.0076335877862600005,0.328244274809,0.160305343511,0.0381679389313,131.246305063,0.0012482195260399998,24409,0.0,1274,0.342892052904,0.0288888888889,513.1,-0.10935933523600001,2,65,1,344,14,4,1,0.171373307544,0.150812064965,0.0023201856148499997,0.0324825986079,99.77573268379999,450,0.0,1108,0.368883511992,0.03875,3,896,10,1,0.384912959381,0.0030549898167,0.912423625255,0.0641547861507,91.3543414084,5447,0.00406232947311,808,0.02,2,1,148,6,0.0777562862669,0.084142394822,0.06472491909389999,0.00323624595469,0.343042071197,0.0194174757282,0.0,25408,1099,0.0588888888889,17,58,0.062015503876,0.0736434108527,0.0219638242894,0.567183462532,0.18604651162799998,0.0749354005168,116.585349955,22943,0.00503423278292,491,198,557.38,-0.060841944937100004,3,0,4,2,3,0.0280373831776,0.0,0.0373831775701,0.018691588785,0.0280373831776,0.289719626168,78.8539532677,23951,0
0.00448345331098,639.86,-0.00102123094583,0.48214489776600006,0.00346548378154,7.86572907053,805.66167335,133.0,698.68,0.248723461318,0.105,10.0519100699,1.29814578159,634.551254881,256.230056497,0.0072596519418500005,0.0012737305288599999,1.33035667689,143.423074942,38.3944905055,585.02,-0.296695981557,1.10413538526,0.0045790730163199995,624.15,0.132463001126,1.3692488712600002,11.6044518632,129.312995492,0.0428484475783,1.3227452572,120.031386052,13.433855223299998,1.54967774107,0.00490151027785,958,667.52,0.16403991624000003,0.026666666666700003,599.9,0,160,11,8,1,0.0361581920904,0.153846153846,0.06043956043959999,0.307692307692,0.043956043956,0.28021978022,0.14835164835200002,0.005494505494510001,121.83902670200001,24257,1755540,0.00430353959766,0.0,1124,0.02875,600.43,19,5,1,0.33846153846199994,0.09743589743589999,0.117948717949,0.025641025641,0.271794871795,0.14358974359,0.00512820512821,161.936311702,0.0014607535870799998,24390,0.0,1016,0.21427591755699998,0.04333333333330001,585.02,-0.123022948431,5,110,8,870,21,6,2,0.241581920904,0.10763209393300001,0.00782778864971,0.0205479452055,119.385485696,341,0.0,1049,0.158298658946,0.06375,3,1438,26,0,0.38847457627099996,0.00185873605948,0.8909541511769999,0.0737298636927,117.619908846,1091,0.00297604035309,2915,0.02125,12,2,143,2,0.05333333333330001,0.114369501466,0.0879765395894,0.0058651026393,0.33137829911999994,0.0058651026393,0.0,58,2915,0.035625,12,23,0.0937972768533,0.0983358547655,0.018154311649,0.5068078668680001,0.219364599092,0.034795763993900004,247.27628877900003,58,0.00554984583762,375,180,617.14,-0.13163483437100001,0,0,2,1,1,0.0,0.0,0.05,0.025,0.025,0.3,0.0,-1,1
0.00577082030533,613.24,0.030588539592200002,0.554201408754,0.004173639035,5.997128408890001,1091.40116676,133.0,671.67,0.241563218537,0.10625,11.9376084419,1.38919498651,626.689892619,204.646875,0.0356501084683,0.00155295466227,1.2977486147600001,132.262811177,38.1607952564,575.62,-0.344308911482,1.06367500793,0.00536555614233,623.26,0.194511311722,1.32290879247,9.93024094274,121.303811328,0.041215926990400005,1.24461001642,108.97658893799999,12.5301990181,1.52584264479,0.004863714662069999,791,644.14,0.156566225581,0.08625,603.41,0,288,4,2,6,0.09,0.134375,0.0125,0.396875,0.00625,0.325,0.10625,0.01875,98.54845462719999,15048,1094585,0.00398012758991,0.0,1033,0.08375,-1.0,1,2,3,0.420062695925,0.0031347962382399994,0.14420062695900002,0.00626959247649,0.27899686520399997,0.137931034483,0.009404388714729999,133.207194189,0.00186211050048,-1,2.53508558449e-06,541,0.241563218537,0.0555555555556,577.27,-0.12574521530899999,3,62,6,447,9,0,1,0.1665625,0.117424242424,0.0113636363636,0.017045454545499997,68.78159561060001,500,2.53508558449e-06,774,0.186922294494,0.03875,2,988,4,1,0.335625,0.00189214758751,0.934720908231,0.0558183538316,77.7689602836,308,0.00413524210858,816,0.07125,1,0,121,4,0.065625,0.147651006711,0.127516778523,0.0,0.302013422819,0.0134228187919,0.0,14323,1332,0.10625,11,42,0.115099009901,0.125,0.0136138613861,0.5297029702970001,0.158415841584,0.0519801980198,131.031057124,14323,0.00421578577563,1274,237,602.88,-0.0695864878203,8,0,5,2,4,0.101265822785,0.0,0.06329113924049999,0.025316455696200002,0.050632911392400004,0.278481012658,191.70018848200002,19728,1
0.00535923130875,608.22,0.0112346821768,0.5247035009809999,0.004096293052420001,7.670750785880001,946.524468044,109.0,652.42,0.22350551925200002,0.08875,12.620326240599999,1.3133149460299998,606.718579422,203.047993906,-0.032341744065,0.0014750052395499998,1.4970715056400001,138.655098501,37.6088666428,585.09,-0.445737258749,0.952696440195,0.0060857261600600005,623.29,0.20876448889899998,1.2913783683,7.87107836555,132.873274886,0.0432570477892,1.2371339264,125.278130103,13.3716558547,1.75603741278,0.004872909258529999,766,632.13,0.22350551925200002,0.08875,588.5,0,222,9,5,1,0.056373793804000004,0.15234375,0.03515625,0.35546875,0.01953125,0.296875,0.13671875,0.00390625,-1.0,35084,1513642,0.00489588093218,0.0,733,0.05375,587.66,11,9,2,0.43032786885200003,0.0450819672131,0.20901639344300002,0.0368852459016,0.19262295082000003,0.07786885245900001,0.008196721311479999,120.07246695799999,0.0016611193968800002,34742,0.0,575,0.170437809983,0.075,586.73,-0.17155409419300002,6,101,3,655,21,4,2,0.203656678517,0.127525252525,0.00378787878788,0.0265151515152,92.01658103850001,808,0.0,858,0.222031416217,0.0633333333333,4,1197,27,1,0.347384459116,0.0029607698001500003,0.886010362694,0.07475943745369999,95.60276951600001,458,0.00389126309035,924,0.036666666666699994,4,3,218,12,0.07237176231589999,0.073275862069,0.0495689655172,0.006465517241380001,0.36637931034500004,0.0258620689655,139.534273138,38315,958,0.0655555555556,18,115,0.0575730735164,0.059344552701500006,0.0159433126661,0.5624446412749999,0.18600531443799997,0.101860053144,129.747398009,1108,0.00487481475704,583,205,589.42,-0.17155409419300002,0,2,5,2,4,0.0,0.01,0.025,0.01,0.02,0.385,98.1796822158,36216,1
0.0062423599498800005,566.85,0.11560480907,0.46008601415100003,0.00462151914356,6.682717609580001,918.4039838880001,133.0,707.64,0.281304935123,0.0744444444444,9.125371394830001,1.35696355145,570.7124471559999,191.38397790099998,0.0470942210688,0.00137877855023,1.45208030011,103.72777908799999,33.6415565869,529.32,-0.406104498701,0.929355036076,0.0066490230108,597.34,0.0237314718527,1.3442118390399997,23.368838175100002,103.67438237799999,0.051938222585000006,1.30764696592,92.8208830942,11.120350116700001,1.34871987692,0.00499562239275,675,656.72,0.21239993221,0.015,540.79,0,194,2,2,3,0.05954573357890001,0.09132420091320001,0.009132420091319999,0.452054794521,0.009132420091319999,0.305936073059,0.118721461187,0.013698630137,-1.0,48883,1069941,0.00473238196559,0.0,824,0.01375,-1.0,3,4,1,0.401408450704,0.0211267605634,0.19014084506999998,0.0281690140845,0.253521126761,0.09859154929580001,0.00704225352113,116.736816707,0.00105264613592,-1,0.0,508,0.209118741595,0.02625,530.5,-0.10751615274399999,1,91,0,533,6,2,0,0.20257826887699998,0.143759873618,0.0,0.00947867298578,71.71343241310001,425,0.0,758,0.215681122825,0.02625,1,1156,1,0,0.395027624309,0.0007968127490039999,0.9211155378489999,0.0772908366534,73.9926806939,600,0.004396268986529999,933,0.0275,0,1,136,4,0.0580110497238,0.07,0.0866666666667,0.0033333333333300003,0.373333333333,0.013333333333299998,115.96945672700001,49258,1299,0.0275,4,34,0.0672514619883,0.09795321637430002,0.0058479532163699995,0.56432748538,0.210526315789,0.0497076023392,129.587073489,49016,0.00422175313854,541,236,551.06,-0.0533765075978,3,0,3,1,6,0.050847457627099996,0.0,0.050847457627099996,0.0169491525424,0.101694915254,0.254237288136,0.0,50806,0
0.0047733359334,583.55,0.0713801513332,0.45119941053,0.00422241478986,7.8128522808500005,801.997914915,133.0,665.41,0.253434222161,0.0825,10.7909902672,1.13553418257,581.386550851,206.682803683,0.0362519678463,0.00149155422105,1.79737749955,106.35851825299999,35.3647476341,479.31,-0.510226216533,0.936020969287,0.007521652844030001,598.37,0.0794356411929,1.1925798299700001,12.772669922,119.66540562799999,0.0282430255438,1.19063559903,109.08096580899999,14.133703733900001,1.4229542434399998,0.0047385315647299996,824,612.66,0.163212735733,0.0633333333333,-1.0,0,279,14,3,12,0.0828630828631,0.132307692308,0.0430769230769,0.36,0.00923076923077,0.31076923076900004,0.10769230769200001,0.0369230769231,133.800237657,-1,1328636,0.0048521256931599996,0.0,833,0.0675,-1.0,10,2,7,0.331753554502,0.047393364928900006,0.21327014217999998,0.00947867298578,0.284360189573,0.0805687203791,0.0331753554502,124.14233423299999,0.0021990129587699998,-1,0.0,808,0.11326869860300001,0.04666666666669999,600.0,-1.0,3,67,2,420,13,1,1,0.152361152361,0.132149901381,0.0039447731755400004,0.025641025641,109.97667543899999,-1,1.10065973545e-06,1049,0.22443445866700001,0.05375,6,1127,18,1,0.36709236709200005,0.00487012987013,0.9147727272730001,0.0527597402597,104.42491055,-1,0.00469568358317,1058,0.0475,5,1,170,7,0.06949806949810002,0.0552486187845,0.0939226519337,0.00276243093923,0.345303867403,0.019337016574599998,124.86739747700001,-1,1166,0.07888888888889999,16,85,0.0587064676617,0.10447761194,0.01592039801,0.558208955224,0.16815920397999998,0.0845771144279,127.867225727,-1,0.0049896441348100005,600,200,600.0,-1.0,3,1,13,6,9,0.0179640718563,0.0059880239521,0.0778443113772,0.0359281437126,0.053892215568900004,0.31137724550900003,108.05201569299999,-1,0
0.00618708136601,616.48,0.020959353091500002,0.661125559572,0.00452570328828,5.96617963543,1088.22345427,100.0,685.79,0.219890241536,0.08625,12.5999046281,1.3785480555200003,628.12844587,180.979512735,0.0017707740426899999,0.0016179359510499999,1.50747373988,155.65884951700002,39.6432706223,549.19,-0.27990306496899997,1.14268264822,0.00670905030907,622.5,0.085077573334,1.2968846030399999,21.7090996573,137.20252031299998,0.0321659830186,1.233971502,133.510299019,12.7111032222,1.8523714937400002,0.0056802627977,416,667.04,0.154127964364,0.015,560.68,0,83,1,9,4,0.0459579180509,0.112244897959,0.0102040816327,0.183673469388,0.0918367346939,0.40816326530599994,0.15306122449,0.0408163265306,-1.0,2040,690895,0.00524017467249,0.0,500,0.02125,560.94,4,3,3,0.303370786517,0.04494382022469999,0.13483146067399998,0.033707865168499995,0.348314606742,0.101123595506,0.033707865168499995,-1.0,0.00144332900672,2498,0.0,466,0.127823053496,0.0325,566.1,-0.112209258181,2,46,4,285,15,6,1,0.209302325581,0.128133704735,0.011142061281299999,0.041782729805,74.16976369220001,258,0.0,516,0.17385664751600002,0.03125,1,509,6,1,0.326135105205,0.0017211703958699997,0.876075731497,0.09982788296039999,71.2061775964,6496,0.00487057622059,808,0.0288888888889,3,2,94,6,0.0686600221484,0.0466321243523,0.0725388601036,0.0103626943005,0.336787564767,0.0310880829016,117.630363593,2207,808,0.0333333333333,10,59,0.0588235294118,0.0766488413547,0.017825311943,0.565062388592,0.156862745098,0.105169340463,101.34546847899999,1457,0.0046101159114899995,608,216,568.51,-0.102344916606,6,0,5,4,2,0.0588235294118,0.0,0.0490196078431,0.0392156862745,0.019607843137299998,0.323529411765,0.0,1457,1
0.0051253071078100005,588.86,-0.052433068930800006,0.557984490964,0.00447334179241,5.37708269959,1171.37134635,109.0,670.99,0.185762655026,0.04625,10.7465261133,1.1535600261399999,618.04890355,189.40876242099998,0.011754683475200001,0.00119721267797,1.7122235453999999,127.49006629,37.0554765292,564.86,-0.28367417321,1.08182972499,0.007555575762220001,633.37,0.135341662364,1.2939337080600002,11.8191861104,116.553656124,0.0697621366384,1.29418943292,116.127298238,12.2248562629,1.61804116083,0.00447785720154,998,656.38,0.168376105832,0.02,570.94,0,109,5,0,3,0.0492321589883,0.13953488372099998,0.0387596899225,0.240310077519,0.0,0.42635658914700003,0.131782945736,0.023255813953499998,-1.0,18628,752985,0.00421280043208,0.0,675,0.023333333333299996,569.81,1,1,3,0.284210526316,0.0105263157895,0.18947368421100003,0.0105263157895,0.326315789474,0.147368421053,0.0315789473684,115.000225861,0.0010565987767200001,15988,0.0,625,0.15968283123500002,0.01875,582.19,-0.195002772321,0,41,1,364,5,0,0,0.19105691056899998,0.09975669099760001,0.00243309002433,0.0121654501217,61.695552775100005,425,1.1810163433e-05,700,0.170114760752,0.035,0,852,5,1,0.414634146341,0.0,0.939360529217,0.0518191841235,67.2360301577,883,0.00429242119383,591,0.015,2,0,62,2,0.0433604336043,0.115942028986,0.115942028986,0.0,0.289855072464,0.0144927536232,0.0,-1,816,0.015625,5,23,0.08312958435210001,0.132029339853,0.0122249388753,0.555012224939,0.15158924205399998,0.05623471882640001,103.193063639,14905,0.0056363636363599996,408,177,569.01,-0.123717920626,1,0,6,1,1,0.027027027026999998,0.0,0.162162162162,0.027027027026999998,0.027027027026999998,0.21621621621599998,67.5270316244,15372,0
0.00541266248359,582.08,-0.0261224272046,0.493598469222,0.0037619966414099994,7.157706494610001,796.283308138,108.0,619.8,0.264226165927,0.0925,9.087596688460001,1.4478000594,584.412273335,215.374896093,-0.0043733702058299994,0.0018226325136700002,1.4153821537399998,150.375946439,45.6884103863,503.54,-0.19549243986499998,0.976023343743,0.005258270603100001,612.25,0.0389035597988,1.3448523378600001,11.9714418613,114.34014219,0.03740994395180001,1.26546530871,107.116961581,15.832149870599999,1.2504042836799998,0.00342178320098,1399,610.69,0.264226165927,0.025,544.58,0,53,2,2,3,0.022028262676599998,0.267857142857,0.035714285714300006,0.25,0.035714285714300006,0.303571428571,0.0535714285714,0.0535714285714,-1.0,14549,971485,0.00381617844665,0.0,1074,0.0188888888889,-1.0,1,2,0,0.297297297297,0.013513513513499999,0.135135135135,0.027027027026999998,0.337837837838,0.18918918918900002,0.0,-1.0,0.00189847484187,-1,0.0,750,0.13114972740800002,0.02375,504.77,-0.110807433535,0,73,2,296,6,0,2,0.165419783874,0.192612137203,0.00527704485488,0.0158311345646,103.29722832899999,350,0.0,1557,0.165931069294,0.04375,2,1119,5,0,0.515378221114,0.0016694490818,0.9340567612690001,0.057595993322199994,101.506620609,600,0.00376637247737,774,0.025,1,1,45,0,0.0278470490441,0.08,0.09,0.01,0.36,0.0,0.0,13699,924,0.025,5,8,0.110619469027,0.106194690265,0.0221238938053,0.517699115044,0.199115044248,0.0353982300885,0.0,13191,0.0037674919268000004,924,265,600.0,-1.0,0,0,0,0,1,0.0,0.0,0.0,0.0,0.0588235294118,0.294117647059,0.0,-1,0
0.00613686440711,573.34,0.0548563506123,0.66926433825,0.0046013899421499995,6.939920874789999,1044.33992763,125.0,630.68,0.37817145498000004,0.07,9.66981414476,1.34170976807,561.397431901,181.37937898099997,0.0792346461636,0.00158965081901,1.39858041474,121.515146567,41.5884955752,489.27,-0.25866132635,0.980656367294,0.0063585577965,564.98,0.30632365400899997,1.29365657971,23.382551938000002,134.39498544100002,0.0603351669885,1.23360287339,111.232659503,14.9435604992,1.29013433455,0.00550396494157,508,624.72,0.27039975352400003,0.03625,492.03,0,211,22,9,4,0.08399681528660001,0.12133891213400001,0.092050209205,0.326359832636,0.0376569037657,0.284518828452,0.12133891213400001,0.0167364016736,87.834232398,15473,996143,0.0049475628026899995,0.0,791,0.02625,494.41,6,5,3,0.316455696203,0.0379746835443,0.215189873418,0.0316455696203,0.272151898734,0.107594936709,0.018987341772200003,116.51557592299999,0.0014947938612499998,15914,0.0,666,0.303057844874,0.0625,490.85,-0.137826388354,2,64,2,357,15,4,1,0.178343949045,0.143820224719,0.00449438202247,0.033707865168499995,79.4914906875,375,0.0,558,0.330817222522,0.04,4,839,20,0,0.38017515923600004,0.00421496311907,0.884088514226,0.0632244467861,75.06766339810001,1965,0.0051098620337299994,500,0.02,3,1,79,3,0.0597133757962,0.113300492611,0.18226600985199998,0.00492610837438,0.28078817734,0.014778325123199999,0.0,15664,666,0.04125,7,21,0.10018903591700001,0.14366729678600001,0.013232514177700001,0.52741020794,0.15122873345899998,0.039697542533100004,91.07557158899999,15664,0.00499397279146,666,200,505.42,-0.0496495417084,3,0,2,1,3,0.0857142857143,0.0,0.0571428571429,0.0285714285714,0.0857142857143,0.28571428571400004,0.0,16222,1
0.0046244598313,620.86,0.0747324818778,0.36283749015699995,0.0034996137876399996,9.78798590285,1885.31045981,300.0,691.49,0.291745771488,0.09875,14.0240386201,1.3267057316500002,635.384341684,164.460557769,0.0382521249909,0.00324698948619,1.5327291325,159.556422152,47.1998556999,431.87,-0.293156713842,1.24544434581,0.005321219287659999,638.16,0.107801173628,1.2352039828599999,6.3996706224,110.41691208299999,0.043602506743199994,1.16962136577,143.96616008200002,26.234786066999998,1.2673511885200002,0.0069440392134,508,678.33,0.182205730066,0.035,618.86,0,119,5,3,15,0.0316069057105,0.025,0.03125,0.21875,0.01875,0.44375,0.16875,0.09375,69.4193227631,33901,1669522,0.00555984555985,0.0,575,0.02875,619.48,3,1,8,0.322222222222,0.0333333333333,0.133333333333,0.011111111111099999,0.3,0.111111111111,0.0888888888889,97.47285646,0.00327053736179,20777,0.0,583,0.240075940628,0.045,611.1,-0.185683465654,0,97,3,839,17,6,1,0.264541832669,0.100726895119,0.00311526479751,0.0176531671859,76.4860942464,866,0.0,550,0.291745771488,0.09875,2,1030,11,3,0.30969455511300004,0.00172265288544,0.887166236003,0.0921619293712,77.44584706399999,10684,0.00616323354765,600,0.03625,6,2,255,4,0.0799468791501,0.0251450676983,0.0464216634429,0.00386847195358,0.411992263056,0.00773694390716,88.5585305509,31469,791,0.04,13,90,0.031746031746,0.052631578947400004,0.0108604845447,0.6048454469510001,0.210526315789,0.07518796992480001,103.877714696,20669,0.0043871161273400005,791,227,618.66,-0.12367966862299999,5,2,7,2,10,0.0257731958763,0.0103092783505,0.036082474226800006,0.0103092783505,0.0515463917526,0.345360824742,142.712938301,26564,1
0.00370809488878,637.79,0.127657240466,0.371027535117,0.00334841304391,9.46835926218,992.0546918160001,92.0,680.97,0.5454633308,0.145555555556,12.543261472100001,1.1104947638200002,612.252876059,278.664819945,0.106619605947,0.0007075989926389999,1.5080734015000001,109.642510836,34.0628070925,540.56,-0.45783022391500006,1.04823024692,0.005021676733810001,605.42,0.17516696311299998,1.32696713642,23.050527745900002,119.528688518,0.039898971520800006,1.35515216731,109.499878472,11.3043892723,1.6160691703799999,0.0036491199774200006,1133,648.24,0.257610305352,0.023125,558.75,0,181,2,4,6,0.0334256694367,0.123287671233,0.009132420091319999,0.328767123288,0.0182648401826,0.33333333333299997,0.159817351598,0.027397260274,142.997338748,75023,2418295,0.00398878305855,0.0,666,0.026875,-1.0,4,5,4,0.272727272727,0.020202020201999998,0.13636363636399998,0.025252525252499998,0.37878787878799997,0.14646464646500001,0.020202020201999998,-1.0,0.00108347670903,-1,0.0,1099,0.24084216794799998,0.04,543.69,-0.00788520355526,2,126,0,937,13,5,0,0.206094182825,0.116343490305,0.0,0.012003693444100001,123.264057221,450,5.550979081689999e-07,2007,0.226868720111,0.085,2,2067,7,0,0.42363804247500003,0.0009090909090910001,0.939545454545,0.055,156.576546782,1124,0.0032269217471500005,1357,0.03,5,0,176,5,0.0465373961219,0.0871794871795,0.09230769230769999,0.0,0.34358974359,0.0128205128205,0.0,75523,1357,0.03,11,61,0.0667765869744,0.0626545754328,0.00906842539159,0.65539983512,0.146743610882,0.050288540807900003,166.073502043,75523,0.0033951053897300003,824,294,557.89,0.0396245190914,5,0,3,0,5,0.0434782608696,0.0,0.0260869565217,0.0,0.0434782608696,0.339130434783,0.0,82335,0
0.004238661713880001,606.55,0.013016261675,0.44019718898000004,0.0038030551396300003,6.96302412463,915.006226095,167.0,655.04,0.334140865299,0.0675,9.22727782976,1.1186599973,613.426795732,230.593765341,0.0305610980156,0.0013890800708399999,1.68538344165,119.632960554,37.652704577,580.96,-0.37946936497699996,1.00814413245,0.00636240729285,644.42,0.11385248986600001,1.25601101077,9.8738728128,117.51088953700001,0.0580697619419,1.28285398566,113.51634683399999,15.4955077996,1.32757409045,0.00392827972463,1282,641.11,0.28915239426,0.024444444444400002,588.25,0,303,6,7,1,0.0743740795287,0.08333333333330001,0.017857142857099998,0.443452380952,0.020833333333299998,0.303571428571,0.12797619047599998,0.0029761904761900003,159.20216020700002,37291,1466417,0.0037914902108600003,0.0,1058,0.0675,585.96,9,2,1,0.282828282828,0.0454545454545,0.166666666667,0.010101010100999999,0.32323232323199996,0.166666666667,0.00505050505051,153.099045219,0.00151645520242,39132,8.96111146458e-07,1083,0.309319639898,0.0211111111111,586.96,-0.134359764143,2,68,4,585,20,2,2,0.16912125675,0.09956076134700001,0.00585651537335,0.029282576866799997,116.46863661100001,442,0.0,1974,0.21313739147,0.0475,0,1542,15,0,0.40525282277900004,0.0,0.9379562043799999,0.0462287104623,108.901623663,2615,0.0034105252937199995,1566,0.051875,7,0,177,4,0.06897398134510001,0.09903381642510001,0.11835748792300001,0.0,0.328502415459,0.009661835748790001,0.0,39540,1566,0.05875,10,23,0.08278145695360001,0.11368653421599999,0.011037527593799999,0.537527593819,0.208609271523,0.0253863134658,161.843307549,37466,0.00427872860636,833,233,608.0,-0.10488455897900001,0,0,7,1,6,0.0,0.0,0.166666666667,0.0238095238095,0.14285714285700002,0.190476190476,0.0,37466,1
0.00579424976585,513.68,-0.0509045210874,0.592058792678,0.0044282563686099995,5.666261073609999,878.267219504,117.0,603.12,0.181023490224,0.0811111111111,11.487085421300002,1.31819325666,554.700641428,185.41887905599998,0.026506333357899998,0.0012916883680599998,1.34034582852,139.126853564,40.9071472205,469.87,-0.338758435836,0.977001466757,0.0058478522529,589.62,0.13825662289,1.32958096727,26.251629443000002,117.007589002,0.0419151559,1.27609058296,114.004331307,13.1609810421,1.54733733127,0.0063365407181400005,358,603.12,0.181023490224,0.02625,504.71,0,81,5,3,1,0.0398230088496,0.139784946237,0.05376344086019999,0.290322580645,0.0322580645161,0.344086021505,0.12903225806500002,0.010752688172,-1.0,19095,756227,0.0054405196914300005,0.0,450,0.0166666666667,518.77,1,1,2,0.297619047619,0.011904761904799999,0.107142857143,0.011904761904799999,0.369047619048,0.17857142857099997,0.0238095238095,-1.0,0.0012607457943,18196,0.0,691,0.159640056557,0.04125,469.87,-0.128213858191,0,68,1,369,2,1,0,0.222713864307,0.154195011338,0.0022675736961500002,0.00453514739229,0.0,17,0.0,625,0.148125899967,0.07375,0,902,3,0,0.489675516224,0.0,0.9213483146070001,0.073544433095,79.6976762396,3931,0.00516535855638,674,0.025,2,0,47,2,0.03785644051130001,0.0873786407767,0.15533980582499998,0.0,0.26213592233000005,0.0194174757282,0.0,18637,674,0.0811111111111,2,12,0.101265822785,0.160337552743,0.0084388185654,0.48945147679300005,0.172995780591,0.050632911392400004,97.6088617851,17930,0.00517976843388,425,193,505.11,-0.11012018355,1,1,3,0,2,0.047619047619,0.047619047619,0.14285714285700002,0.0,0.0952380952381,0.14285714285700002,0.0,28222,1
0.00438861360924,637.8,0.207880364259,0.34522139723899997,0.00362059999903,8.906639708239998,1109.32192046,142.0,644.03,0.419451765642,0.0425,11.612033634400001,1.21620452058,626.002436127,243.61387024599998,0.132673104263,0.00115697151717,1.47224855586,114.72071908299999,35.1932819383,611.8,-0.151791018092,1.05868224236,0.0052946484681099994,623.61,0.17518296586399998,1.30722210653,6.28100885704,102.30059991,0.07783201123360001,1.30515035452,108.843038724,13.3562330258,1.39170981007,0.00339556313084,1782,636.89,0.41560501289000007,0.0275,614.26,0,255,1,1,2,0.057046979865800006,0.123333333333,0.0033333333333300003,0.37,0.0033333333333300003,0.326666666667,0.166666666667,0.00666666666667,199.771483624,53354,1520136,0.00289448989572,0.0,1191,0.03375,614.74,1,0,4,0.286231884058,0.0036231884058,0.144927536232,0.0,0.34782608695699996,0.20289855072500002,0.0144927536232,-1.0,0.00113890949333,81110,0.0,1182,0.419451765642,0.02875,612.05,-0.10178323231000001,0,85,2,736,6,0,0,0.19239373601799997,0.102533172497,0.0024125452352199996,0.00723763570567,110.741042887,391,0.0,1149,0.33482320508900004,0.032222222222199996,1,1475,10,0,0.35883668903800003,0.000630914826498,0.930599369085,0.0586750788644,0.0,19878,0.00336998763039,3156,0.0425,3,1,240,4,0.0774049217002,0.08445297504799999,0.09404990403069999,0.00191938579655,0.345489443378,0.0076775431861800005,257.698616239,55061,3156,0.0425,9,53,0.075117370892,0.0758998435055,0.00704225352113,0.615023474178,0.17527386541499998,0.0414710485133,198.09775217700002,46476,0.0039573412033,1282,252,615.55,-0.07870271579589999,4,1,5,0,0,0.0454545454545,0.0113636363636,0.056818181818199996,0.0,0.0,0.352272727273,183.80757366900002,49690,0
0.0053646582149799995,603.18,0.09002326934260002,0.528371036672,0.00424031659266,7.42007441344,746.258240163,117.0,630.6,0.325660652568,0.095,10.9757544873,1.27260304271,602.845622534,192.855637924,0.037550528014599995,0.00167500747349,1.59390932301,124.073066405,37.645660586,583.58,-0.47101811929,0.888949936646,0.00667956957424,611.0,0.243908907367,1.2390894426299999,5.6378028937,127.15585187200001,0.0666202131445,1.19610794545,107.65110619200001,13.9000833311,1.3914060363799998,0.00446237545082,958,630.59,0.205437497861,0.095,-1.0,0,146,8,2,5,0.0569644947327,0.155688622754,0.0479041916168,0.377245508982,0.0119760479042,0.28143712574900004,0.0958083832335,0.0299401197605,152.187089941,-1,1023349,0.00488758553275,0.0,958,0.04,-1.0,5,3,1,0.39766081871299996,0.0292397660819,0.111111111111,0.017543859649099998,0.309941520468,0.12865497076,0.0058479532163699995,132.691787197,0.0020949056460499997,-1,1.3955331774100001e-06,691,0.325660652568,0.045,600.0,-1.0,3,62,2,316,14,5,0,0.16035895435,0.154228855721,0.00497512437811,0.034825870646800004,0.0,-1,1.3955331774100001e-06,683,0.311233874003,0.045,3,770,17,0,0.341786968396,0.00346020761246,0.888119953864,0.07266435986160001,76.66927117729999,-1,0.00462878213342,766,0.035,5,2,115,2,0.0690596956691,0.09469696969699999,0.08333333333330001,0.00757575757576,0.352272727273,0.00757575757576,126.92627154799999,-1,1008,0.07875,8,30,0.08176100628930001,0.08647798742139999,0.0125786163522,0.5613207547169999,0.19025157232700002,0.0471698113208,132.30744381899999,-1,0.00565948750197,350,176,600.0,-1.0,4,2,4,0,0,0.0909090909091,0.0454545454545,0.0909090909091,0.0,0.0,0.227272727273,0.0,-1,1
0.0043194934436899994,610.05,0.0152791553621,0.391082547879,0.00362057057855,7.56894364835,1151.59744356,141.0,711.75,0.167733213835,0.06625,10.6104459511,1.19964330639,603.702549256,239.94350697,-0.019966635739099996,0.0016781236272100002,1.64613818329,115.895352747,36.799741044499996,555.93,-0.266923037981,0.836443791605,0.0058943693116799995,602.46,0.112590256515,1.29327365957,25.2156238817,116.214209273,0.0568236320393,1.27978494772,112.537917702,14.445135914000002,1.42056108405,0.004780389619729999,958,625.21,0.0898843329127,0.01625,577.14,0,133,3,1,4,0.048789435069699995,0.130136986301,0.0205479452055,0.486301369863,0.00684931506849,0.239726027397,0.0890410958904,0.027397260274,139.39661641,34951,956352,0.00403493781449,0.0,849,0.01625,577.05,2,0,0,0.477272727273,0.022727272727299998,0.25,0.0,0.170454545455,0.0795454545455,0.0,157.550105409,0.0011561343722200001,34643,0.0,891,0.14502729023299998,0.0422222222222,555.93,-0.20204897054600002,2,69,2,339,6,1,1,0.15920763022700002,0.164285714286,0.0047619047619,0.0142857142857,119.71990019799999,424,0.0,1299,0.15800210372,0.06625,1,1187,6,0,0.472120322817,0.000787401574803,0.934645669291,0.0551181102362,143.088619508,3756,0.0036845671692399993,741,0.0544444444444,3,1,61,1,0.031914893617,0.0729927007299,0.0729927007299,0.0072992700729899995,0.372262773723,0.0072992700729899995,0.0,37241,841,0.0544444444444,4,16,0.06472491909389999,0.106796116505,0.0129449838188,0.53074433657,0.20388349514600002,0.0517799352751,0.0,36358,0.0039637599094,550,252,576.79,-0.127443792995,0,1,2,1,2,0.0,0.0322580645161,0.0645161290323,0.0322580645161,0.0645161290323,0.290322580645,0.0,41205,1
0.005414027793169999,534.16,0.106084163884,0.551888932218,0.00457784223469,7.840392606160001,717.578118582,117.0,596.97,0.26467711385299997,0.0425,8.13802058093,1.1908608428799998,556.8557118059999,204.155647383,0.0982875790408,0.000938421772418,1.5384751304299997,113.787897017,36.6892405063,520.61,-0.12028355102800001,0.9708751433499999,0.0069458868364,585.29,0.186058386518,1.31516496798,15.896159112100001,112.087254695,0.0530332117299,1.3040882785299999,94.8274618927,11.9357159587,1.3367576603,0.0049395606602099995,716,588.28,0.24570017966899999,0.012777777777799999,533.82,0,123,4,2,1,0.0564738292011,0.07092198581560001,0.0283687943262,0.368794326241,0.0141843971631,0.33333333333299997,0.177304964539,0.00709219858156,-1.0,20128,775510,0.0053862412217899995,0.0,583,0.022222222222199998,-1.0,0,2,0,0.28260869565200003,0.0,0.14130434782600002,0.0217391304348,0.336956521739,0.217391304348,0.0,-1.0,0.00104455156678,-1,0.0,1407,0.222656759588,0.02875,522.39,-0.0619972531764,0,66,2,241,2,1,1,0.146923783287,0.210862619808,0.006389776357830001,0.006389776357830001,105.81045631,599,0.0,799,0.26467711385299997,0.0325,3,962,7,0,0.484848484848,0.0028846153846199996,0.925,0.0538461538462,92.5424457501,200,0.00392596747056,1299,0.02625,4,1,131,3,0.0835629017447,0.0639730639731,0.09427609427610001,0.0033670033669999998,0.373737373737,0.010101010100999999,0.0,20369,1299,0.03625,5,9,0.08,0.104444444444,0.011111111111099999,0.482222222222,0.284444444444,0.02,0.0,20369,0.00631458094145,283,158,600.0,-1.0,1,0,1,0,1,0.07142857142860001,0.0,0.07142857142860001,0.0,0.07142857142860001,0.14285714285700002,0.0,-1,0
0.00516235252554,648.74,0.0367384277471,0.51595806618,0.00405763213094,7.66679516735,911.2891747489999,133.0,703.36,0.209845211096,0.07875,12.9330278883,1.27875957236,632.294591365,184.23220339,-0.006480132862080001,0.0023640389158000002,1.5010103372999999,142.579864982,39.367898510799996,476.74,-0.182022891869,1.15631574616,0.00602860999953,623.68,0.055761151191999994,1.26949316014,24.2527538198,126.962088583,0.0355348984326,1.2140496672499999,121.729681317,15.392646313699998,1.6052187162600002,0.00571961055236,591,698.41,0.137558862005,0.04375,593.26,0,178,19,10,2,0.0603389830508,0.0765550239234,0.0909090909091,0.35885167464100004,0.047846889952199996,0.272727272727,0.143540669856,0.00956937799043,93.4919858193,26756,1152518,0.005456940350000001,0.0,866,0.03125,-1.0,11,1,0,0.26,0.11,0.17,0.01,0.3,0.15,0.0,128.473325437,0.0019374916446,-1,1.21279302595e-06,608,0.16799521951699997,0.0775,476.74,-0.163000168424,2,102,11,536,15,3,2,0.23186440678000003,0.152011922504,0.016393442623,0.022354694485800002,81.7680360106,482,2.4255860519099997e-06,750,0.209845211096,0.07875,11,1056,19,0,0.41593220339000003,0.008994276369580001,0.8634505314799998,0.09321340964839998,86.99506370649999,3830,0.0049407869604,650,0.032222222222199996,12,2,134,4,0.0657627118644,0.0596026490066,0.08609271523180001,0.00662251655629,0.350993377483,0.0132450331126,103.543713079,22726,675,0.044375,8,28,0.0521327014218,0.0995260663507,0.0126382306477,0.5466034755129999,0.211690363349,0.044233807267000005,104.677998325,158,0.005369345916039999,525,186,600.0,-1.0,2,1,2,2,6,0.0392156862745,0.019607843137299998,0.0392156862745,0.0392156862745,0.117647058824,0.254901960784,0.0,-1,0
0.00480032037806,551.24,0.0591647190101,0.47484042545500005,0.0037438093205399998,6.643889175959999,573.726437614,117.0,626.9,0.220759336261,0.05875,8.69282481233,1.28782091975,559.381153185,234.76585224,0.0898165817767,0.0012689051026500001,1.34330079018,130.03804903,41.8657017839,523.85,-0.5328155620080001,0.894230994489,0.00498517840583,626.9,0.038365411839199996,1.3951254649899998,19.7594232812,99.09413191200001,0.0432932017319,1.34931798396,95.8309874064,12.502005428499999,1.3431919418599998,0.0030581039755400003,516,606.93,0.110363013585,0.005,561.53,0,7,1,1,1,0.0020360674810899998,0.0,0.125,0.25,0.125,0.375,0.0,0.125,-1.0,-1,362166,0.00362796833773,0.0,433,0.05625,564.63,1,0,0,0.33333333333299997,0.08333333333330001,0.08333333333330001,0.0,0.416666666667,0.08333333333330001,0.0,110.37979887600001,0.00314941942094,11501,0.0,725,0.19836008238400002,0.03,524.96,-0.08323053777530001,0,126,0,558,4,1,0,0.206806282723,0.182873730044,0.0,0.005805515239479999,89.3914401801,375,0.0,1691,0.220759336261,0.035,0,1992,17,2,0.639325189063,0.0,0.9317118802619999,0.05659494855,128.379279548,841,0.00453001132503,508,0.00777777777778,3,1,7,1,0.00349040139616,0.0588235294118,0.0,0.0588235294118,0.235294117647,0.0588235294118,136.054467703,26424,1782,0.01875,6,11,0.0789473684211,0.013157894736799998,0.0789473684211,0.40789473684199995,0.09210526315789999,0.144736842105,0.0,11717,0.0039637599094,600,252,545.49,-0.0416319234335,0,1,0,1,0,0.0,0.0454545454545,0.0,0.0454545454545,0.0,0.363636363636,149.074581231,11925,1
0.00462116433005,600.0,0.0953040935034,0.41485993010600003,0.00354512412904,11.5981600694,789.779274925,133.0,661.98,0.31191273886,0.06,9.95001655268,1.31272817091,569.329622156,192.23971962599998,0.020994913007000002,0.00296211621408,1.5646946650799998,133.666913158,42.3250249252,539.92,-0.19486975216400002,0.936124969497,0.00546927461345,607.13,0.283304049851,1.2710573900700002,11.0367304605,114.364228731,0.053243996305099996,1.1851396042,108.807365325,19.0632428359,1.34053733177,0.0046825506128599995,816,609.63,0.15047799373600002,0.05625,-1.0,0,68,3,1,3,0.0317757009346,0.202702702703,0.0405405405405,0.351351351351,0.013513513513499999,0.256756756757,0.09459459459460001,0.0405405405405,108.929800755,-1,1080943,0.00408935010113,0.0,1091,0.0225,-1.0,4,0,1,0.46601941747599995,0.038834951456300004,0.11650485436899999,0.0,0.242718446602,0.126213592233,0.00970873786408,159.03301544,0.0018914060761400001,-1,0.0,558,0.27513013870499997,0.06,600.0,-1.0,0,66,2,257,4,0,0,0.161214953271,0.20060790273600002,0.0060790273556199995,0.012158054711200001,94.9561251193,-1,0.0,916,0.31191273886,0.04875,0,874,8,0,0.457943925234,0.0,0.912317327766,0.07515657620039999,91.9296206798,-1,0.00430954872868,675,0.0288888888889,0,1,46,1,0.0327102803738,0.118811881188,0.0990099009901,0.00990099009901,0.306930693069,0.00990099009901,0.0,-1,916,0.04625,2,9,0.0972222222222,0.08333333333330001,0.006944444444439999,0.618055555556,0.145833333333,0.03125,136.469893649,-1,0.00428790199081,625,233,600.0,-1.0,1,0,3,0,0,0.052631578947400004,0.0,0.157894736842,0.0,0.0,0.263157894737,174.122194052,-1,1
0.00554829276971,670.26,0.0291898808413,0.483811949012,0.00381639881368,8.03275157911,1056.60314353,108.0,681.68,0.16291685549,0.06625,12.365444976,1.46242598474,660.4390824430001,222.08411949700002,-0.0062121824477,0.0019158467596400003,1.4491321072499999,149.494419094,40.4248554913,621.22,-0.40753871990999996,1.18381242719,0.005465248294899999,671.02,-0.009743288993149999,1.19267677254,8.8582360848,135.603824849,0.031263104027299995,1.1266174194299998,135.416699174,16.001422927100002,1.62536203179,0.00499708758699,716,680.19,0.154453122917,0.03375,625.57,0,326,4,3,26,0.128144654088,0.100985221675,0.00985221674877,0.29802955664999997,0.00738916256158,0.374384236453,0.14532019704399998,0.06403940886699999,102.31324449899999,1008,1475318,0.00467371211329,0.0,924,0.0488888888889,628.9,2,2,11,0.34250764526,0.006116207951069999,0.125382262997,0.006116207951069999,0.33944954128399996,0.146788990826,0.033639143730900004,100.888747271,0.00208052874298,8353,0.0,908,0.14429664383,0.06625,621.22,-0.102844347293,2,11,3,144,16,0,1,0.0778301886792,0.0621468926554,0.0169491525424,0.09039548022600001,0.0,5063,0.0,708,0.0630448111321,0.04,2,170,1,0,0.08333333333330001,0.010752688172,0.913978494624,0.0645161290323,0.0,15906,0.00408267687158,866,0.05625,2,2,261,11,0.150550314465,0.0876897133221,0.106239460371,0.0033726812816199997,0.340640809444,0.0185497470489,130.685596494,5388,1174,0.05666666666669999,17,166,0.06529625151150001,0.09431680773880001,0.0102781136638,0.5665054413539999,0.160822249093,0.100362756953,120.934207179,575,0.004131651256539999,1174,242,641.61,-0.116386319409,11,0,18,4,12,0.033033033032999995,0.0,0.0540540540541,0.012012012012,0.036036036036,0.351351351351,157.66430841,23901,0
0.00427661606499,594.58,0.0353652486161,0.33097588788000004,0.00384591483145,9.71203750272,961.97231782,100.0,635.14,0.356807975888,0.1275,16.5857296176,1.11579833227,582.911016725,230.077605826,0.05878966739440001,0.00125076620196,1.65796469213,92.15359080700001,32.585518102399995,532.59,-0.38197751883599995,0.9208036460340001,0.0063328562407399995,594.65,0.17921530888700002,1.2304822901899999,9.69576324638,109.163543549,0.051956040045800005,1.23035991144,103.30017413,12.825269313,1.3762376566299999,0.00452803337807,866,612.78,0.24670052234700002,0.0825,551.43,0,280,2,1,19,0.0637232589895,0.0893371757925,0.005763688760810001,0.365994236311,0.0028818443804000003,0.340057636888,0.14121037464000002,0.054755043227699994,128.75119792700002,33969,1759663,0.004009682366639999,0.0,1133,0.0625,-1.0,3,0,11,0.341911764706,0.0110294117647,0.136029411765,0.0,0.308823529412,0.16176470588199998,0.0404411764706,-1.0,0.00226324128994,-1,0.0,1466,0.317737589148,0.04875,533.96,-0.154658905075,1,98,2,1014,4,0,0,0.260582612654,0.0875781948168,0.0017873100983,0.0035746201966,131.64189411700002,333,0.0,1890,0.216509768957,0.0575,2,1164,5,0,0.303368229404,0.00156494522692,0.910798122066,0.0805946791862,136.407315441,10177,0.00319049673426,2074,0.0625,2,2,221,5,0.0723714155667,0.09980039920160001,0.0858283433134,0.00399201596806,0.355289421158,0.00998003992016,248.375879036,36667,2074,0.1275,5,127,0.0702446724546,0.08839779005519999,0.00394632991318,0.554853985793,0.171270718232,0.100236779795,189.611228377,28905,0.0039119562257100005,941,255,600.0,-1.0,10,0,14,1,7,0.0383141762452,0.0,0.05363984674330001,0.00383141762452,0.026819923371599996,0.371647509579,179.078622025,-1,1
0.004734700389279999,673.7,0.0654746465398,0.47691605301000006,0.00372286464046,9.15601167553,928.434305586,158.0,722.88,0.559326033805,0.0875,10.775385408800002,1.27660329961,660.704200873,190.94318753099998,0.023422825954299998,0.00284092499942,1.53445433206,125.22485059,37.366190900999996,534.21,-0.335050494313,0.7892103646140001,0.00566948458538,612.9,0.100471988944,1.19151064814,19.191926168,143.54111568,0.05796033451069999,1.13396623774,127.176481955,17.2404363321,1.44795252662,0.005104791427989999,1224,708.42,0.30851174657200003,0.0475,613.48,0,303,33,10,9,0.07616892911010001,0.145714285714,0.0942857142857,0.32857142857099997,0.0285714285714,0.262857142857,0.114285714286,0.0257142857143,138.78084347799998,31812,1786853,0.005045881325979999,0.0,766,0.0633333333333,-1.0,24,6,6,0.326007326007,0.0879120879121,0.12087912087899999,0.021978021978,0.30036630036600004,0.12087912087899999,0.021978021978,133.637300055,0.0025479406041399996,-1,2.37301220677e-06,1024,0.267681513766,0.0725,553.85,-0.33116190071199997,4,130,5,516,24,11,5,0.174710910005,0.18705035971200001,0.00719424460432,0.034532374100699995,115.604712567,1033,7.91004068925e-07,2432,0.36878494738000006,0.0725,18,1294,47,2,0.38964303670199996,0.0116504854369,0.837540453074,0.0815533980583,134.996662082,33,0.00478515489157,1074,0.0475,21,6,222,6,0.08647561588739999,0.057034220532300006,0.115969581749,0.011406844106499999,0.342205323194,0.011406844106499999,155.423384892,30696,1116,0.0875,19,47,0.071921182266,0.11921182266,0.0187192118227,0.491625615764,0.215763546798,0.0463054187192,147.142858404,27948,0.00429834120354,958,232,600.0,-1.0,3,1,10,1,3,0.029702970297,0.00990099009901,0.0990099009901,0.00990099009901,0.029702970297,0.277227722772,0.0,-1,0
0.00342833462274,654.2,-0.0239634134002,0.30790264716,0.00280945817065,10.6716862553,881.29208455,150.0,694.25,0.20551227310400003,0.12125,11.750561127300001,1.22632820176,653.616115116,322.95990798599996,-0.021167492171400005,0.00161837457967,1.6562377723100001,121.357338144,35.9266164221,630.69,-0.37888580852700005,1.06537654461,0.00460725695875,653.11,0.162676811624,1.23930544973,8.944826380930001,121.867317892,0.0396070527809,1.21363518784,119.212804728,14.6778559055,1.5347925975999999,0.00335378692173,991,673.26,0.106072808952,0.0675,631.47,0,223,3,5,6,0.07328294446269999,0.11985018726600001,0.011235955056200002,0.374531835206,0.0187265917603,0.31086142322099997,0.142322097378,0.022471910112400004,175.31202556099998,5063,1419006,0.0033270514878699997,0.0,1316,0.01875,630.69,4,7,6,0.266666666667,0.022222222222199998,0.19444444444400003,0.0388888888889,0.3,0.14444444444399998,0.0333333333333,-1.0,0.00127077438053,600,0.0,2173,0.14890827043299998,0.04,633.16,-0.15399963575300002,6,50,4,501,17,4,0,0.195202103188,0.08591065292099999,0.00687285223368,0.0292096219931,223.608807563,766,0.0,2540,0.104542971042,0.08625,3,857,16,3,0.307262569832,0.0032154340836,0.918542336549,0.0503751339764,225.59294224099997,1074,0.0030989509968000002,1066,0.03625,5,10,101,0,0.0614525139665,0.111538461538,0.153846153846,0.0384615384615,0.288461538462,0.0,174.391584462,6112,1457,0.03625,25,65,0.0632258064516,0.109677419355,0.0322580645161,0.547096774194,0.147096774194,0.08387096774189999,180.204030439,2024,0.0031639389086400003,1457,316,634.3,-0.127992391282,0,1,3,3,4,0.0,0.00757575757576,0.022727272727299998,0.022727272727299998,0.030303030303,0.356060606061,0.0,2024,0
0.00424364004988,544.01,0.0297136716114,0.37878889825199996,0.0035879269547800003,7.943095753810001,959.5523147719999,133.0,710.56,0.376564592575,0.035,9.99166808447,1.18678570811,596.651718593,252.307674892,0.0398585081605,0.00115664279953,1.5850131662600002,108.745581933,34.9266716381,497.87,-0.23352140233399998,0.825875308176,0.00564828630013,610.83,-0.008997368674719999,1.3025033500499998,30.4875105372,113.04543378700001,0.05521045847659999,1.31016477709,104.04137623,12.8049026396,1.37131079908,0.0038288398492899996,1208,677.2,0.231011081099,0.02375,550.73,0,313,9,4,7,0.07086257640930001,0.103174603175,0.0238095238095,0.33862433862400004,0.010582010582000001,0.34126984127,0.164021164021,0.0185185185185,164.706586436,47925,1777714,0.00396685635902,0.0,708,0.024375,555.54,8,3,3,0.381322957198,0.031128404669300003,0.140077821012,0.011673151751000001,0.264591439689,0.15953307393,0.011673151751000001,117.87745287700001,0.00106961543861,48349,0.0,1157,0.21862354820799998,0.0325,546.83,-0.23352140233399998,0,72,3,770,10,1,2,0.19651347068100003,0.0839160839161,0.0034965034964999997,0.011655011654999999,115.187020086,466,0.0,1207,0.232559522711,0.035,4,1417,13,1,0.346841747793,0.00264725347452,0.9377895433490001,0.0410324288551,125.844226851,11308,0.00349187982975,1324,0.03,3,4,228,6,0.0765225266018,0.0661478599222,0.120622568093,0.00778210116732,0.344357976654,0.011673151751000001,164.843203982,55736,1324,0.03,16,81,0.053738317757,0.10514018691600001,0.01246105919,0.589563862928,0.171339563863,0.0630841121495,153.593890938,48524,0.00416334484897,733,240,560.01,-0.129775814367,6,2,7,2,5,0.039735099337699996,0.0132450331126,0.046357615894,0.0132450331126,0.0331125827815,0.344370860927,129.605854109,48524,1
0.00480256944504,602.28,-0.0444630629204,0.359455629428,0.00413254842669,9.81149125211,891.729157381,125.0,686.51,0.23737511883600002,0.11125,11.698950396199999,1.16609266358,605.13101164,211.921892687,-0.0243094512579,0.00199018188904,1.7364815614400002,95.8802509466,33.0316434161,584.44,-0.31575115231199996,0.951552180676,0.00712735454221,610.38,0.0851523575667,1.24990241464,11.227844581600001,98.4782447979,0.0477677650371,1.2134314724,88.7766091865,13.046156438199999,1.23991744114,0.00456322244032,791,647.46,0.140917131497,0.01875,585.6,0,272,2,6,4,0.0615802580937,0.14826498422700002,0.006309148264979999,0.425867507886,0.018927444794999998,0.255520504732,0.13249211356499999,0.01261829653,113.168766635,68053,1958083,0.00438082310113,0.0,1074,0.02,584.44,2,2,0,0.464743589744,0.00641025641026,0.147435897436,0.00641025641026,0.240384615385,0.134615384615,0.0,132.089620503,0.00136996121182,71817,0.0,816,0.23737511883600002,0.08333333333330001,585.48,-0.31575115231199996,1,115,1,816,8,2,0,0.222322843559,0.121951219512,0.0010604453870599999,0.0084835630965,114.985227079,342,0.0,1191,0.21778209015799999,0.07,0,1256,2,0,0.328729907177,0.0,0.917457998539,0.0781592403214,122.93842906,7604,0.00390261029263,1124,0.03,4,2,191,4,0.0654290242246,0.115909090909,0.0818181818182,0.00454545454545,0.34545454545500004,0.00909090909091,164.571001648,67870,1124,0.03,4,28,0.08387096774189999,0.09354838709680001,0.00430107526882,0.574193548387,0.20752688172000003,0.0301075268817,143.538645866,9,0.00672410170204,300,148,590.25,-0.168049859199,1,0,8,0,0,0.023255813953499998,0.0,0.18604651162799998,0.0,0.0,0.27906976744199996,0.0,-1,1
0.00510728992681,636.33,0.231848847419,0.544605329511,0.00416924103911,6.339163178200001,1009.47988072,125.0,643.81,0.35593289190399996,0.035,12.5731478774,1.2323368025,634.262025734,197.838696861,0.09893833221719998,0.0014415414147500001,1.54466669866,160.81288782200002,39.3716148445,620.5,-0.219529343387,1.0032450794499999,0.00636332870013,630.84,0.231848847419,1.2732192841299999,3.24732886408,133.155936581,0.0559355116956,1.22994190686,146.92006409200002,15.582028602000001,1.93541977983,0.00515845795034,1108,641.4,0.251630361758,0.03,-1.0,0,188,9,9,2,0.07469209376239999,0.101851851852,0.0416666666667,0.33333333333299997,0.0416666666667,0.342592592593,0.12962962963,0.00925925925926,125.43905779,-1,958026,0.0052804744303199995,0.0,475,0.01,-1.0,6,7,2,0.354609929078,0.0425531914894,0.127659574468,0.049645390070900006,0.28368794326200003,0.127659574468,0.0141843971631,79.0469882829,0.00122635870089,-1,0.0,999,0.35593289190399996,0.026666666666700003,600.0,-1.0,2,63,6,317,11,2,0,0.168057210965,0.15710723192,0.014962593516200001,0.0274314214464,91.21760607889999,-1,0.0,841,0.301983307345,0.025,4,632,17,1,0.303138657132,0.005555555555560001,0.8777777777779999,0.0763888888889,96.0059668421,-1,0.00494323255517,650,0.0175,2,2,97,2,0.0615812475169,0.07798165137610001,0.165137614679,0.009174311926610001,0.284403669725,0.009174311926610001,101.543925624,-1,1016,0.02625,13,29,0.0679886685552,0.109065155807,0.0184135977337,0.610481586402,0.1388101983,0.041076487252099995,108.158371019,-1,0.0042764678687,766,233,600.0,-1.0,0,0,4,0,6,0.0,0.0,0.07272727272730001,0.0,0.109090909091,0.23636363636399998,0.0,-1,0
0.0037644266579499996,555.51,-0.0228473021052,0.368666469528,0.0037149936094,8.560693412080001,837.7813967430001,141.0,707.3,0.162971899462,0.1425,8.65392127586,1.01569435781,543.2654251509999,234.952037618,-0.08275550864930001,0.00191967677222,1.8635192511400003,113.130930368,37.1191182705,504.07,-0.525840658071,0.8784469230069999,0.00689040899561,590.03,0.010792380937099999,1.20958373603,13.926651317100001,114.162551866,0.0349872571976,1.21461062861,111.615680308,15.455222687400001,1.3744807832400001,0.0041831792162,833,591.18,0.0652566296722,0.06,518.81,0,266,10,3,6,0.041692789968699996,0.09032258064519999,0.0322580645161,0.435483870968,0.00967741935484,0.28064516129,0.132258064516,0.0193548387097,136.976378627,533,2431983,0.00417646176162,0.0,824,0.024444444444400002,-1.0,13,4,3,0.365591397849,0.0698924731183,0.145161290323,0.021505376344099998,0.274193548387,0.10752688172000001,0.0161290322581,144.381418389,0.0017247935427199999,-1,0.0,1765,0.10210009205199999,0.03,504.89,-0.218277841684,4,195,7,882,16,9,0,0.175078369906,0.17520215633400002,0.0062893081761,0.0143755615454,141.058288875,683,5.39553594938e-07,1641,0.162971899462,0.10625,9,2707,27,3,0.470062695925,0.00302724520686,0.910528086108,0.0676084762866,120.971834697,2907,0.0037807804845999995,966,0.075,15,5,261,8,0.05407523510969999,0.04339622641509999,0.0584905660377,0.00943396226415,0.352830188679,0.0150943396226,0.0,39331,1957,0.1425,15,91,0.0396825396825,0.0555555555556,0.010822510822499999,0.620490620491,0.183982683983,0.0656565656566,154.69751020799998,38773,0.00420992397613,591,237,521.76,-0.192647606985,2,2,4,0,10,0.011764705882399999,0.011764705882399999,0.0235294117647,0.0,0.0588235294118,0.341176470588,0.0,42887,0
0.005318907210060001,533.6,-0.08213968136639999,0.48204680252800003,0.00433035643386,7.6286329534899995,894.142614563,91.0,648.38,0.10660342640900002,0.05625,10.772802585099999,1.2339407467899999,550.9601182619999,210.02933985299998,-0.08929388388869999,0.00108734929539,1.64413285745,108.73402708200001,34.259857303800004,489.21,-0.22175787068000002,0.86710820155,0.0070544030459,607.39,-0.05628446112319999,1.28509551844,31.4031794239,119.34194599700001,0.0484409152551,1.26457319273,100.973123215,11.5002397444,1.4632406070500001,0.00465235392036,1216,624.7,0.0885047722387,0.01125,497.4,0,218,6,7,6,0.0666259168704,0.09236947791160001,0.0240963855422,0.373493975904,0.028112449799200002,0.33734939759000004,0.120481927711,0.0240963855422,149.589053051,4796,1200691,0.00460114040535,0.0,683,0.02125,-1.0,11,3,7,0.40112994350299996,0.0621468926554,0.186440677966,0.0169491525424,0.231638418079,0.0621468926554,0.0395480225989,108.309256584,0.0009262967674960001,-1,0.0,1174,0.0704061180685,0.00875,493.15,-0.208830260558,1,88,5,421,16,0,0,0.16748166259199998,0.165725047081,0.00941619585687,0.030131826741999997,110.07137455,1207,0.0,1191,0.0729916400928,0.012222222222200001,7,1069,14,2,0.37316625916900004,0.005882352941180001,0.898319327731,0.0756302521008,112.270764628,266,0.00448189315167,1199,0.0075,2,2,105,3,0.0458435207824,0.062200956937800006,0.105263157895,0.00956937799043,0.296650717703,0.0143540669856,0.0,6404,1199,0.03,8,49,0.0731102850062,0.09169764560100001,0.00991325898389,0.628252788104,0.126394052045,0.0607187112763,112.716215186,5021,0.00476935688203,991,209,498.91,-0.185560562339,5,1,8,1,2,0.056818181818199996,0.0113636363636,0.0909090909091,0.0113636363636,0.022727272727299998,0.272727272727,0.0,6229,1
0.00497526162608,621.03,-0.016390578319899998,0.5293678495149999,0.0037688024445500005,7.004512307180001,1216.78822843,167.0,647.27,0.148795736771,0.04,13.2259590047,1.33982062912,617.7004947519999,217.36862745099998,0.016220728596,0.0012859230310599999,1.58606612537,175.082531508,40.3775510204,584.91,-0.160928604025,1.06331624925,0.0058017590113799995,611.8,0.122516095734,1.2842524422900001,5.03817283112,146.806390201,0.037479590831800004,1.24012172051,167.450403735,16.996816052899998,2.0393101968700003,0.00582665695557,650,626.45,0.08497375139519998,0.01,-1.0,0,32,3,0,2,0.0313725490196,0.03125,0.09375,0.3125,0.0,0.40625,0.09375,0.0625,-1.0,-1,491933,0.00455927051672,0.0,450,0.00666666666667,610.16,1,3,0,0.117647058824,0.0588235294118,0.0,0.176470588235,0.35294117647100004,0.294117647059,0.0,-1.0,0.0009997429640960002,-1,0.0,700,0.148795736771,0.04,584.91,-0.09522950143169999,1,39,1,277,14,4,1,0.351960784314,0.115727002967,0.00296735905045,0.0415430267062,98.84551458809999,383,0.0,583,0.148795736771,0.0311111111111,0,272,4,0,0.34705882352899997,0.0,0.834355828221,0.14417177914100002,90.7608537747,17454,0.0036897750656399997,750,0.012222222222200001,4,2,32,0,0.0509803921569,0.08,0.08,0.026666666666700003,0.33333333333299997,0.0,0.0,-1,750,0.0125,9,7,0.046357615894,0.09933774834439998,0.0596026490066,0.4635761589399999,0.23178807946999996,0.046357615894,0.0,5446,0.00444609114487,450,224,600.0,-1.0,0,0,0,2,1,0.0,0.0,0.0,0.133333333333,0.06666666666669999,0.2,0.0,-1,0
0.0051566605712700005,600.0,0.106065486014,0.638633119547,0.00414766177134,7.861323560910001,985.089923193,158.0,620.68,0.35285859934299996,0.18,10.5072737563,1.25273102048,578.091671565,179.108257805,0.140570315383,0.00217768569615,1.4656577728,156.319763365,44.3135371179,529.24,-0.292046032568,1.00331050121,0.00598722412327,564.22,0.324036045961,1.30002210458,12.1799306761,138.990612214,0.055090496035,1.2489641275399999,131.15853410399998,17.3540477175,1.55408895815,0.00522683446666,641,598.25,0.318631817202,0.024444444444400002,537.3,0,103,9,1,3,0.051863041288999996,0.0940170940171,0.0769230769231,0.264957264957,0.00854700854701,0.393162393162,0.13675213675200001,0.025641025641,-1.0,29862,676789,0.00530759951749,0.0,408,0.03,537.69,3,1,1,0.22972972973,0.0405405405405,0.14864864864900001,0.013513513513499999,0.405405405405,0.14864864864900001,0.013513513513499999,79.1762396371,0.0021522782310300003,29663,0.0,858,0.342050141825,0.03125,540.87,-0.027238823375200002,0,59,4,251,9,3,0,0.168177240685,0.18098159509199999,0.0122699386503,0.0276073619632,97.12514758959999,483,1.9184173824e-06,724,0.31142617885699997,0.04375,2,672,19,2,0.39425981873099997,0.0026075619296,0.876140808344,0.0782268578879,79.4520878964,11009,0.00486482175612,450,0.0288888888889,2,3,77,1,0.0614300100705,0.078313253012,0.120481927711,0.0180722891566,0.301204819277,0.00602409638554,88.2452442939,58,658,0.03,8,23,0.0669642857143,0.109375,0.017857142857099998,0.5558035714289999,0.17857142857099997,0.051339285714300006,0.0,58,0.005617977528089999,425,178,566.98,-0.038047280893300006,1,0,2,1,3,0.022727272727299998,0.0,0.0454545454545,0.022727272727299998,0.06818181818180001,0.25,71.74523893850001,26681,0
0.0038170189603299997,642.61,0.10052872020999999,0.362905879368,0.00333185151258,8.11847353073,1140.12251586,141.0,654.38,0.352585298064,0.0675,10.5566899617,1.15143420988,631.778381549,264.559636119,0.056452806981,0.0016510439771300002,1.68639762055,122.58432238700001,37.361915797600005,598.58,-0.17992859881200002,1.02533230611,0.00556203239482,608.9,0.0969786275637,1.2935430577200002,6.602478394219999,115.525685234,0.0643515098007,1.28804705362,116.89810867799999,14.763408294100001,1.40122686647,0.00467109698546,508,647.92,0.24608251868900002,0.05375,-1.0,0,97,9,4,5,0.0326819407008,0.06557377049180001,0.0737704918033,0.286885245902,0.032786885245900003,0.327868852459,0.17213114754099998,0.0409836065574,102.03420586600001,-1,1289336,0.00423609149958,0.0,491,0.0125,-1.0,4,3,0,0.32978723404300003,0.0425531914894,0.09574468085110001,0.031914893617,0.287234042553,0.212765957447,0.0,-1.0,0.00123585606873,-1,0.0,1807,0.281583445147,0.024375,600.0,-1.0,0,66,3,637,15,5,1,0.244272237197,0.0907840440165,0.0041265474553,0.0206327372765,156.10838333700002,-1,1.09334785299e-06,1607,0.285133537793,0.04125,7,1194,19,2,0.43766846361199996,0.00542215336948,0.924864446166,0.0449264136328,171.01505398700002,-1,0.00363425188738,1207,0.01625,10,7,131,2,0.0653638814016,0.0677966101695,0.0779661016949,0.0237288135593,0.345762711864,0.00677966101695,0.0,-1,2482,0.0525,18,39,0.047619047619,0.072249589491,0.029556650246299998,0.535303776683,0.22331691297200001,0.06403940886699999,169.446958988,-1,0.00388654593567,741,257,600.0,-1.0,1,0,2,0,7,0.0128205128205,0.0,0.025641025641,0.0,0.0897435897436,0.307692307692,0.0,-1,1
0.00552365078587,577.99,0.176603813432,0.588077643249,0.00425085907227,5.669225257560001,1021.8732568,141.0,638.75,0.266854674121,0.08,9.6140252726,1.30598260673,594.772526504,193.755778894,0.08262376194110001,0.00141446648187,1.41673825428,146.282132769,40.994,546.35,-0.150973384626,1.0075642759899999,0.005961828483729999,617.82,0.12145050967700001,1.32268566472,14.3888385391,116.639768335,0.035284647648199996,1.28086794929,112.820584412,12.9107644675,1.5131484322100002,0.0050731403672600005,666,630.29,0.163233315552,0.0166666666667,564.69,0,163,11,3,6,0.054606365159099994,0.121052631579,0.057894736842099996,0.284210526316,0.0157894736842,0.363157894737,0.126315789474,0.0315789473684,96.22931074739999,34226,1063685,0.00487952110267,0.0,575,0.008125,-1.0,15,5,4,0.280373831776,0.140186915888,0.18691588785,0.046728971962599994,0.233644859813,0.0747663551402,0.0373831775701,101.550531346,0.00105866967456,-1,0.0,616,0.263512049651,0.0275,546.35,-0.0674077728763,1,68,2,511,13,4,1,0.203350083752,0.113333333333,0.0033333333333300003,0.021666666666700002,74.08597048770001,741,0.0,508,0.266854674121,0.06,4,1221,21,1,0.452596314908,0.00298953662182,0.912556053812,0.0538116591928,65.09934857729999,591,0.0039937131225700005,1474,0.0275,7,3,94,1,0.0519262981575,0.08407079646019999,0.137168141593,0.013274336283200001,0.314159292035,0.0044247787610600005,0.0,34626,1566,0.035,10,33,0.0642361111111,0.133680555556,0.0173611111111,0.515625,0.184027777778,0.05729166666669999,161.274837974,33960,0.0049570389953699995,475,201,576.98,-0.0506946505264,0,2,8,1,5,0.0,0.030303030303,0.121212121212,0.0151515151515,0.0757575757576,0.242424242424,0.0,33960,1
0.00399375214338,627.08,0.0588933394608,0.374220047135,0.0032745881145100006,13.083315864600001,831.418890956,192.0,680.12,0.23370115830899998,0.07111111111110001,8.91873599647,1.2249439908600002,620.26824139,150.232106636,0.0357716472159,0.0028974099796999996,1.49946615678,138.117954032,44.5121681416,455.44,-0.23647159583500002,1.06929440617,0.00486744960953,601.06,0.143283320974,1.17623303112,10.5094812545,128.84027688700002,0.037575313869599995,1.0994368459200001,113.941958823,26.4414325148,1.1841715593000002,0.005861919235779999,641,663.75,0.161366888441,0.0377777777778,551.14,0,189,11,1,6,0.054766734279899996,0.100917431193,0.050458715596300004,0.403669724771,0.0045871559633,0.293577981651,0.11926605504599999,0.0275229357798,115.877503186,33543,1536542,0.005987730061350001,0.0,733,0.02125,601.48,6,2,2,0.34645669291299996,0.047244094488199995,0.236220472441,0.0157480314961,0.259842519685,0.0787401574803,0.0157480314961,101.85344356899999,0.00212690813472,35900,0.0,683,0.23370115830899998,0.05625,550.78,-0.15610018487,2,105,1,465,18,5,1,0.193277310924,0.175879396985,0.0016750418760499998,0.030150753768799998,81.52079268279999,208,3.58540524939e-06,616,0.181459741182,0.05125,4,1057,9,0,0.377861489423,0.0033528918692399996,0.886001676446,0.09555741827330001,77.1353675501,8794,0.00636802810716,633,0.035,2,3,103,0,0.0420168067227,0.0724637681159,0.0917874396135,0.0144927536232,0.314009661836,0.0,0.0,33860,633,0.04875,11,26,0.0692913385827,0.0992125984252,0.0173228346457,0.607874015748,0.151181102362,0.0409448818898,104.14748337,29871,0.00606901335183,475,164,602.44,-0.0676916328087,1,0,4,1,1,0.0192307692308,0.0,0.0769230769231,0.0192307692308,0.0192307692308,0.346153846154,0.0,29871,1
0.00470353039676,640.33,0.0607434951736,0.573928984572,0.00426744903232,5.631959015900001,842.318267835,83.0,652.27,0.145051142911,0.05125,11.2942829998,1.11149161216,621.566952822,201.13560267900002,-0.00877954003218,0.0009819046389530001,1.5209556295,150.66682838,37.5261593341,613.16,-0.153857789977,1.03323807579,0.006381941020580001,621.4,0.0116917728534,1.30667707024,4.09368924893,121.61203623700001,0.0343100601882,1.3351421821,126.41510920200001,10.9087216303,1.8626479232700002,0.0045722010178100006,924,646.05,0.0837364900112,0.021875,613.23,0,115,2,9,6,0.0641741071429,0.04,0.013333333333299998,0.25333333333299995,0.06,0.386666666667,0.206666666667,0.04,-1.0,16114,611934,0.00461162853784,0.0,625,0.0177777777778,613.24,1,0,2,0.26229508196699997,0.016393442623,0.21311475409800001,0.0,0.34426229508199996,0.131147540984,0.032786885245900003,-1.0,0.000886793956842,16980,0.0,866,0.12205814807399999,0.0225,615.5,-0.0956088697219,0,66,1,284,13,1,0,0.21484375,0.180821917808,0.0027397260274,0.03561643835619999,86.18530182110001,5205,0.0,716,0.126656747041,0.05,1,546,3,0,0.369977678571,0.00161812297735,0.883495145631,0.10355987055,70.4038201037,4264,0.00482041961358,408,0.008125,2,0,80,3,0.0680803571429,0.048128342246,0.16577540107,0.0,0.331550802139,0.0160427807487,0.0,-1,641,0.03,4,14,0.058524173028,0.145038167939,0.0101781170483,0.547073791349,0.195928753181,0.035623409669199996,86.3382001789,15689,0.00435816164818,591,229,600.0,-1.0,1,0,1,0,4,0.03125,0.0,0.03125,0.0,0.125,0.28125,0.0,-1,0
0.00451564517292,651.4,0.08815975784600001,0.44741797922399995,0.00404060528143,6.645074178530001,700.5730381989999,175.0,706.41,0.39640979163900003,0.065,7.0057303819899985,1.13063237701,602.730206752,194.29738058599997,-0.0108054931714,0.0016571465405799998,1.80625904732,113.045095375,39.8834661355,510.57,-0.273941185465,1.01665951356,0.007129696182609999,602.63,0.09001668576039999,1.24212664264,30.479000223899998,116.48158696200001,0.12748455518,1.23172537862,103.885916453,19.3641023587,1.10847343197,0.00486128572626,1382,642.65,0.207003144368,0.04125,571.85,0,58,1,0,1,0.0446841294299,0.0161290322581,0.0161290322581,0.532258064516,0.0,0.322580645161,0.09677419354839999,0.0161290322581,188.974750007,41929,287383,0.00383969282457,0.0,541,0.015,572.55,0,0,0,0.470588235294,0.0,0.294117647059,0.0,0.176470588235,0.0588235294118,0.0,135.522445865,0.0014821308755599998,44627,0.0,783,0.39640979163900003,0.065,553.05,-0.264656545892,0,49,0,206,1,0,0,0.208782742681,0.19140625,0.0,0.00390625,0.0,807,0.0,799,0.39269593581,0.05625,0,606,4,0,0.527734976888,0.0,0.9181818181820001,0.07121212121210001,85.7498742604,491,0.00453571878544,999,0.02,2,0,24,3,0.027734976887500002,0.0363636363636,0.0909090909091,0.0,0.34545454545500004,0.0545454545455,189.829472347,42220,999,0.0355555555556,3,11,0.045161290322599995,0.116129032258,0.0193548387097,0.561290322581,0.174193548387,0.0709677419355,0.0,42220,0.00475435816165,491,210,580.21,-0.268370401721,0,0,2,1,1,0.0,0.0,0.105263157895,0.052631578947400004,0.052631578947400004,0.315789473684,104.425702165,-1,1
0.00526098851217,617.82,0.153868651548,0.5406083237579999,0.00424168613043,8.146082920580001,935.2649054780001,116.0,630.47,0.363986708466,0.1225,11.0128665281,1.2458895523,557.0435655809999,197.968329848,0.09879034178160001,0.0016897554796600001,1.5572681643700002,136.144726064,39.325882878899996,464.71,-0.369645829247,0.9133087771639999,0.0065462365348,592.24,0.125378067559,1.2658055893,38.032086094200004,126.38916512799999,0.0571150930567,1.22384248421,126.22277407600001,14.648588363599998,1.64507266037,0.00507196984884,916,628.35,0.356864062469,0.04,499.48,0,253,16,4,3,0.07559008066930001,0.146179401993,0.0531561461794,0.325581395349,0.013289036544899999,0.295681063123,0.15614617940199998,0.00996677740864,-1.0,30779,1337440,0.00462536767182,0.0,991,0.05333333333330001,-1.0,20,4,1,0.37021276595700003,0.08510638297869999,0.195744680851,0.0170212765957,0.20851063829799998,0.11914893617000001,0.00425531914894,139.812086431,0.00233617887593,-1,0.0,666,0.278514956499,0.022222222222199998,464.71,-0.0633720513667,1,89,4,363,11,5,0,0.143710785778,0.18816067653299998,0.00845665961945,0.023255813953499998,96.1661431239,875,0.0,749,0.287418263996,0.0325,6,1207,25,1,0.40812668060999996,0.00442151805453,0.8894620486370001,0.0670596904937,82.2788789387,1158,0.004125854303800001,1016,0.035,7,6,167,4,0.07827905587089999,0.109090909091,0.106493506494,0.015584415584400001,0.306493506494,0.0103896103896,125.729076853,31612,1141,0.06666666666669999,8,35,0.08180708180710002,0.111111111111,0.00976800976801,0.539682539683,0.194139194139,0.042735042735,119.338153901,30238,0.0054817048101999995,758,182,513.02,-0.0170748523848,1,2,6,0,3,0.0192307692308,0.0384615384615,0.115384615385,0.0,0.05769230769230001,0.23076923076900002,0.0,30238,0
0.0035255452775300004,667.17,-0.0134949886954,0.42975478316699994,0.00354160634663,7.011692618169999,964.955319745,125.0,695.98,0.169313118575,0.03,8.93477147912,1.0003720242799998,625.0251891219999,245.048724657,-0.0143526097789,0.0015907860129000001,1.6420057733000002,127.085004606,39.8470588235,571.39,-0.255592211837,1.07367294933,0.00575828766177,623.2,0.0606164061439,1.24011698192,22.7220149112,129.556765699,0.035737832502599994,1.29294296283,128.412049068,17.5407095084,1.3224119911299999,0.00392729202601,833,685.18,0.0984955635061,0.0125,583.75,0,148,9,7,4,0.04839764551990001,0.07647058823530001,0.052941176470599996,0.405882352941,0.0411764705882,0.294117647059,0.105882352941,0.0235294117647,129.49827304299998,35200,1307522,0.0035239672228600002,0.0,1557,0.012222222222200001,-1.0,8,0,3,0.274725274725,0.0879120879121,0.131868131868,0.0,0.351648351648,0.12087912087899999,0.032967032967,228.79077672,0.00114227110161,-1,0.0,1599,0.136374720868,0.019375,571.39,-0.14030781986500002,0,81,4,443,10,3,1,0.18247220405499998,0.149446494465,0.0073800738007399995,0.0184501845018,106.256160451,632,0.0,1557,0.169313118575,0.03,3,1028,29,2,0.39110529758,0.00258397932817,0.885443583118,0.0689061154177,99.42859341399999,2465,0.00335203058938,1091,0.02125,16,1,141,3,0.0650752125572,0.04983388704319999,0.0664451827243,0.00332225913621,0.348837209302,0.00996677740864,0.0,36557,1166,0.02125,10,38,0.0514138817481,0.0706940874036,0.012853470437000001,0.597686375321,0.188946015424,0.0488431876607,158.80458034,34775,0.00353695379854,808,282,600.0,-1.0,8,0,4,0,4,0.109589041096,0.0,0.0547945205479,0.0,0.0547945205479,0.301369863014,0.0,-1,1
0.0044242161083,650.84,0.022581847648200003,0.378364410901,0.0036793520572099996,7.4267865103499995,925.87325259,125.0,658.23,0.22050091493500001,0.03125,10.1396740344,1.20889292957,638.028032549,241.69772404,0.0164623185788,0.0012792382013499999,1.66733665157,116.045369901,35.3885496183,612.48,-0.185233173003,0.992805050711,0.0060692699059499994,634.95,0.0869055445164,1.30127649281,5.8447780539,104.64333263399999,0.0337197438524,1.28665446837,108.612949335,13.3278118076,1.42876637185,0.0037133148862299997,3040,655.33,0.10504812568399999,0.01,624.74,0,259,3,4,4,0.09210526315789999,0.127450980392,0.00980392156863,0.415032679739,0.013071895424799999,0.28104575163400003,0.14052287581700001,0.013071895424799999,259.261832275,29879,1214880,0.00367929619152,0.0,841,0.0188888888889,624.99,1,1,6,0.37410071942400003,0.00359712230216,0.14028776978399998,0.00359712230216,0.28057553956799997,0.176258992806,0.0215827338129,139.234738841,0.000969971017437,32477,0.0,616,0.128138683534,0.0211111111111,616.58,-0.089572290481,1,37,0,441,5,1,0,0.17425320056899998,0.0762886597938,0.0,0.0103092783505,99.62253915030001,449,0.0,941,0.22050091493500001,0.03125,1,918,2,0,0.346017069701,0.00103519668737,0.950310559006,0.042443064182199994,114.74530303200001,308,0.00317000626174,2423,0.0211111111111,0,0,144,2,0.08641536273119999,0.10863509749299999,0.1643454039,0.0,0.320334261838,0.005571030640670001,261.76884794,30778,2423,0.0211111111111,3,48,0.10039630118899999,0.12021136063400001,0.003963011889039999,0.513870541612,0.18890356671100003,0.0634081902246,208.913278407,27447,0.0041328103110100005,1133,241,625.48,-0.0565857792665,6,3,5,0,5,0.06666666666669999,0.0333333333333,0.0555555555556,0.0,0.0555555555556,0.3,179.321758589,27447,0
0.006246185344939999,491.67,-0.045654543885900005,0.616383832725,0.004454466072,5.2182853979,978.7683843289999,183.0,595.65,0.19904941922000002,0.05666666666669999,10.2885718725,1.4120405655700001,471.69112101,169.250124069,-0.01617913398,0.00236683837963,1.47620416986,147.184825259,45.2698412698,417.87,-0.278123308837,0.800836869904,0.0064843268793400004,595.65,0.0766974376672,1.2929838022799998,13.6053259748,120.972613612,0.0388559574786,1.2352845010100002,118.365107127,16.7530712131,1.4724164275100002,0.005340244237640001,475,595.65,0.109324632748,0.0275,431.83,0,136,6,1,7,0.0674937965261,0.10691823899399999,0.0377358490566,0.28301886792500003,0.0062893081761,0.383647798742,0.138364779874,0.0440251572327,76.0450646121,13808,802225,0.005002900232020001,0.0,508,0.025,-1.0,4,0,4,0.295180722892,0.0240963855422,0.16265060240999998,0.0,0.325301204819,0.16867469879500002,0.0240963855422,85.5682593448,0.00196469806461,-1,0.0,708,0.12155983090299999,0.035,431.02,-0.151692927899,0,51,1,286,10,1,2,0.179652605459,0.14529914529899998,0.0028490028490000003,0.02849002849,56.818708635200004,517,0.0,383,0.133795029059,0.04875,3,650,1,0,0.361786600496,0.004243281471,0.919377652051,0.07213578500710001,54.454979388699996,317,0.00493949768706,683,0.0525,0,1,114,3,0.09379652605460001,0.13475177305,0.120567375887,0.00354609929078,0.326241134752,0.0106382978723,88.13363282,13982,683,0.05666666666669999,7,39,0.105175292154,0.100166944908,0.0116861435726,0.49081803005,0.220367278798,0.0651085141903,80.91496228310001,13558,0.0052910052910100005,516,189,417.87,-0.106830534662,5,0,6,1,6,0.05952380952380001,0.0,0.07142857142860001,0.011904761904799999,0.07142857142860001,0.28571428571400004,0.0,-1,1
0.0037059027425900004,592.28,-0.09642962514730001,0.36204748534599995,0.00352525894418,6.65598568666,726.1770936060001,117.0,606.02,0.0374326526087,0.04,7.99083399282,1.07240866385,587.15765143,236.613157895,-0.0668568178611,0.00162162590872,1.9098142180200002,122.54392683200001,40.3139880952,551.16,-0.327501414131,1.05543128509,0.00646682953588,585.49,0.0326518569745,1.1667149700900001,6.57539150732,105.412723218,0.021824608095299996,1.1748542194,110.792651083,16.754328511199997,1.3453356998500001,0.008,125,595.71,-0.0502152673506,0.006875,-1.0,0,1,0,1,0,0.0013157894736799999,0.0,0.0,0.0,1.0,0.0,0.0,0.0,0.0,-1,370875,0.0,0.0,-1,0.00166666666667,-1.0,0,0,0,0.0,0.0,0.0,0.0,0.0,0.0,0.0,0.0,0.00029462782549400003,-1,0.0,666,0.0214966671615,0.036666666666699994,553.97,-0.21913671309,0,41,0,191,4,1,0,0.325,0.172995780591,0.0,0.0168776371308,104.340670928,2631,0.0,683,0.013528674438,0.04,0,346,3,0,0.546052631579,0.0,0.887179487179,0.1,97.36701571270001,932,0.00500500500501,333,0.00388888888889,4,0,0,0,0.00657894736842,0.0,0.0,0.0,0.0,0.0,0.0,-1,333,0.01,0,0,0.0,0.111111111111,0.0,0.33333333333299997,0.111111111111,0.0,0.0,-1,0.0,-1,0,600.0,-1.0,0,0,0,0,0,0.0,0.0,0.0,0.0,0.0,0.0,0.0,-1,0
0.00575160882436,608.64,0.0782342158247,0.48518851423500003,0.00415987122691,7.08195435656,866.291832543,133.0,625.06,0.297064038225,0.03875,12.8033744862,1.38854979738,605.5994575880001,200.16680851099997,0.0692997280469,0.00152481276331,1.50626328587,117.47678122,34.7875216638,587.48,-0.259957327884,1.00543774485,0.00621253482386,613.21,0.21550019533000003,1.30681092569,4.08938035483,107.13424711200001,0.0641485385292,1.26023364145,100.984527663,12.4662199705,1.53436436787,0.004412122118569999,1582,622.76,0.297064038225,0.0177777777778,595.0,0,236,6,2,2,0.06695035460990001,0.135416666667,0.020833333333299998,0.32638888888900003,0.006944444444439999,0.336805555556,0.166666666667,0.006944444444439999,144.510074743,34210,1228567,0.00421198549797,0.0,983,0.02625,592.75,3,4,3,0.34285714285700003,0.0107142857143,0.175,0.0142857142857,0.3,0.14642857142899998,0.0107142857143,127.964126991,0.0012843393673,31320,0.0,1058,0.225447005439,0.0325,590.55,-0.15651050275,1,59,2,551,16,4,2,0.18297872340399998,0.0929133858268,0.0031496062992099998,0.0251968503937,87.930228905,342,0.0,883,0.233404453526,0.03875,8,1091,17,0,0.34099290780100006,0.006688963210699999,0.91220735786,0.0518394648829,78.54339000350001,16097,0.00423892100193,1449,0.0188888888889,21,4,215,0,0.09049645390069999,0.07083333333330001,0.08125,0.008333333333329999,0.347916666667,0.0,158.00406013399999,30795,1574,0.0375,11,53,0.0785907859079,0.07588075880760001,0.00993676603433,0.57091237579,0.188798554652,0.0478771454381,145.64940881799998,42,0.00541749075587,541,184,600.0,-1.0,2,1,5,0,5,0.0212765957447,0.0106382978723,0.0531914893617,0.0,0.0531914893617,0.29787234042599997,82.6489857089,-1,0
0.0042490310052099994,537.48,0.16851659179099998,0.404268248366,0.0039939031125100005,6.75161074646,886.2549525589999,134.0,614.76,0.25364031702,0.08625,9.20639931992,1.0697963547,569.65812402,212.11762536900002,0.11051614344900001,0.0014050864645999998,1.76389007232,113.374381675,36.866580866599996,488.19,-0.353833540301,0.927090727065,0.0069668767795000005,613.47,0.193666783336,1.28526062054,16.8715395797,111.630115904,0.04390378749419999,1.31602062607,114.302260266,15.129647254000002,1.35498676732,0.00509648167024,1216,601.79,0.22268623511900001,0.055,535.19,0,145,1,0,3,0.0534660766962,0.163522012579,0.0062893081761,0.40251572327,0.0,0.314465408805,0.09433962264149999,0.0188679245283,123.045525676,30688,1074612,0.00494062188378,0.0,849,0.08625,534.03,2,2,1,0.38842975206600006,0.0165289256198,0.198347107438,0.0165289256198,0.280991735537,0.0909090909091,0.00826446280992,-1.0,0.00248852044206,30530,0.0,774,0.234294015832,0.04,488.19,-0.11200477544399999,0,64,0,519,3,1,1,0.219395280236,0.108843537415,0.0,0.00510204081633,112.285635649,425,0.0,1174,0.243967166426,0.0425,0,1008,3,0,0.40191740413000004,0.0,0.9368029739779999,0.057620817843899996,108.033545788,225,0.00479449069433,916,0.07111111111110001,1,0,76,6,0.0405604719764,0.0606060606061,0.121212121212,0.0,0.315151515152,0.0363636363636,0.0,32512,1782,0.07111111111110001,3,56,0.05872193436959999,0.08808290155439999,0.005181347150260001,0.616580310881,0.129533678756,0.0967184801382,135.009886711,30971,0.0043881735127,683,227,532.35,0.0021384015688,2,0,4,1,0,0.021505376344099998,0.0,0.043010752688199996,0.010752688172,0.0,0.354838709677,0.0,30971,0
0.003915569203820001,578.97,0.08806559078849999,0.37435180994499995,0.00364881635795,7.110118582969999,1059.38078259,166.0,643.21,0.156719825006,0.05375,9.62345530777,1.07899424298,596.8651658690001,230.85558384900003,0.013986812218200001,0.00192265533405,1.71538286551,124.478956557,39.428255093000004,568.68,-0.234401266902,1.00079059351,0.00619081094424,642.87,0.131754648927,1.30646863347,13.0384992622,106.241153706,0.0341858787475,1.3308512012,113.14268905700001,16.0722901328,1.32939696963,0.00517216947711,425,611.37,0.119272060888,0.01,570.45,0,73,2,0,1,0.026555110949400003,0.10843373494000001,0.0240963855422,0.42168674698799996,0.0,0.313253012048,0.120481927711,0.0120481927711,-1.0,39015,1121034,0.0052571753339,0.0,358,0.00875,570.8,3,2,1,0.22916666666700003,0.0625,0.104166666667,0.0416666666667,0.33333333333299997,0.20833333333299997,0.020833333333299998,65.647205238,0.00129470355694,40314,0.0,1224,0.156719825006,0.05375,570.2,-0.0929319357863,0,85,1,572,3,0,0,0.245180065478,0.128593040847,0.0015128593040799998,0.00453857791225,114.56123417,417,2.62269284988e-06,1266,0.144237236967,0.05125,2,1287,4,0,0.510003637686,0.0014482259232399999,0.931933381608,0.0615496017379,117.89823398200001,10518,0.00434743635712,558,0.012777777777799999,3,1,65,1,0.0352855583849,0.05,0.107142857143,0.00714285714286,0.34285714285700003,0.00714285714286,0.0,35468,741,0.01375,4,21,0.043604651162800004,0.078488372093,0.0116279069767,0.59011627907,0.200581395349,0.06104651162790001,0.0,35468,0.00414150129422,741,241,574.43,-0.0554841716674,1,0,0,0,4,0.0243902439024,0.0,0.0,0.0,0.0975609756098,0.317073170732,0.0,36067,0
0.00415787110228,615.76,0.0723115456088,0.392020370247,0.0039925341457,7.0617265505299995,938.8779426360001,159.0,633.35,0.258051224045,0.02125,11.494686480799999,1.04624780873,603.914990111,220.68073959900002,0.043828532573,0.00115575315452,1.7330688889900001,112.59509232799999,33.5655218406,587.79,-0.140235921467,1.06533942802,0.0068553675015099996,610.3,0.212095014947,1.30385499083,6.9034402173,108.583125208,0.0539834187725,1.35307463736,106.563434877,11.3725040141,1.62546990588,0.0044820357117,483,632.1,0.238902803587,0.0175,593.24,0,124,3,2,6,0.038212634822800004,0.047297297297300006,0.0202702702703,0.412162162162,0.013513513513499999,0.331081081081,0.135135135135,0.0405405405405,88.1180841143,44911,1215533,0.0039997948823099995,0.0,749,0.008888888888889999,593.13,2,2,3,0.358695652174,0.0217391304348,0.0978260869565,0.0217391304348,0.315217391304,0.15217391304300001,0.0326086956522,-1.0,0.00106812856405,38857,0.0,824,0.202520804718,0.02,587.93,-0.138321079422,0,81,0,646,6,2,0,0.231741140216,0.110204081633,0.0,0.00816326530612,97.2378718831,308,1.21895326046e-06,1016,0.21975438313,0.02125,0,1366,3,0,0.45423728813600006,0.0,0.936899862826,0.0582990397805,98.690994643,525,0.0038886770873000002,1357,0.012222222222200001,2,1,148,1,0.0628659476117,0.05919003115259999,0.0872274143302,0.00311526479751,0.380062305296,0.00311526479751,0.0,38341,1799,0.01375,5,52,0.0521609538003,0.0760059612519,0.00745156482861,0.548435171386,0.233979135618,0.0774962742176,0.0,38341,0.0034992662828800002,1799,285,593.7,-0.117257816918,1,0,1,1,5,0.00952380952381,0.0,0.00952380952381,0.00952380952381,0.047619047619,0.371428571429,294.701905516,39515,0
0.005362141262029999,456.96,-0.06476611828130001,0.434606370069,0.00391761030212,9.042885232669999,737.56155988,125.0,633.32,0.271918079137,0.1125,9.83415413173,1.3765280775400002,569.722503069,220.93804306799998,-0.025562724603,0.00197341895685,1.37372091079,110.669011551,36.1654526535,432.65,-0.42638988587899995,0.885286801242,0.005320709200750001,614.92,0.137867889424,1.31281243915,27.926922877600003,114.549370578,0.0763169552231,1.23734049612,97.86495974110001,13.6514846381,1.36512820296,0.00459112023334,483,609.52,0.21892149250700002,0.0475,443.37,0,85,1,5,4,0.032111824707200004,0.07920792079210001,0.00990099009901,0.25742574257399997,0.049504950495,0.415841584158,0.148514851485,0.039603960396,-1.0,47134,1430292,0.00451374640952,0.0,616,0.04,454.62,2,2,0,0.322580645161,0.0322580645161,0.09677419354839999,0.0322580645161,0.387096774194,0.12903225806500002,0.0,-1.0,0.0025648468339000002,50440,9.88706988774e-07,1049,0.24541978582199997,0.03875,435.57,-0.28922224989399997,3,96,3,406,5,1,2,0.19833774083900002,0.18604651162799998,0.00581395348837,0.00968992248062,111.802716104,691,1.97741397755e-06,1099,0.254772124639,0.1075,1,921,7,0,0.392142047601,0.000971817298348,0.895043731778,0.0932944606414,117.790589398,24000,0.00398084888913,750,0.041111111111099996,4,0,111,1,0.055912353607900006,0.05833333333330001,0.07083333333330001,0.0,0.3875,0.00416666666667,0.0,150,750,0.06625,4,33,0.0416666666667,0.0778985507246,0.007246376811590001,0.58152173913,0.215579710145,0.0597826086957,124.97413776,150,0.00510725229826,500,195,600.0,-1.0,1,0,3,1,1,0.0161290322581,0.0,0.04838709677419999,0.0161290322581,0.0161290322581,0.338709677419,112.31023881899999,-1,0
0.00363979465013,635.66,0.054311461256200004,0.35783615728,0.0032138810163499995,9.29000049013,877.8025991330001,109.0,644.53,0.362847423998,0.05375,9.74877284691,1.13905693671,616.4258994769999,270.071510516,0.0531578758255,0.0015224085980899999,1.61502801445,121.336648328,38.801015228400004,575.76,-0.351192946919,0.940144778273,0.00513096094101,612.36,0.0719420876986,1.24096323445,8.79144518439,114.804197535,0.049149465537,1.2303254473,112.676240902,14.7740386614,1.3757735562399998,0.00391887040804,1332,640.66,0.179488908997,0.0125,604.12,0,131,4,1,2,0.050095602294500004,0.0828025477707,0.0254777070064,0.382165605096,0.0063694267515899995,0.31847133758,0.171974522293,0.0127388535032,-1.0,26881,1209736,0.0037495313085900003,0.0,741,0.0166666666667,-1.0,0,1,0,0.23076923076900002,0.0,0.14285714285700002,0.010989010989,0.38461538461499994,0.23076923076900002,0.0,-1.0,0.00112143567073,-1,0.0,1324,0.362847423998,0.04625,575.76,-0.20309568480300003,1,81,2,446,8,1,1,0.209942638623,0.15,0.0037037037036999998,0.014814814814799999,163.310421577,3364,0.0,1133,0.2553006027,0.03625,2,1060,4,0,0.44665391969400003,0.0017331022530299998,0.918544194107,0.0719237435009,148.91446104899998,466,0.00341778018074,1041,0.02625,5,5,121,3,0.06768642447420001,0.07407407407410001,0.0777777777778,0.0185185185185,0.35185185185199996,0.011111111111099999,175.736146486,27581,1041,0.0325,10,29,0.0606653620352,0.0919765166341,0.0195694716243,0.518590998043,0.232876712329,0.0567514677104,165.851652589,27581,0.0039564787339299995,733,252,605.85,-0.0162110445134,1,1,1,1,3,0.0204081632653,0.0204081632653,0.0204081632653,0.0204081632653,0.061224489795900006,0.28571428571400004,151.73767686600002,29596,0
0.004783478771489999,502.11,-0.0565764290808,0.423546380702,0.00391952596686,10.0129006563,1013.33970228,175.0,585.86,0.24334494759,0.07375,10.9780690448,1.22569990223,518.42775217,157.865671642,-0.0363512487335,0.00300585574984,1.5354150329700003,129.002868901,43.3350035791,452.64,-0.335617203578,0.936395951295,0.00596627849094,553.38,-0.048983482836,1.2746105181999998,18.8667205891,127.838630342,0.047241472136199995,1.23524132471,111.88959350399999,21.8651313118,1.3192757601,0.00708455897585,366,555.82,0.173110194825,0.0475,470.94,0,171,10,3,4,0.0490815154994,0.113300492611,0.0492610837438,0.33004926108399996,0.014778325123199999,0.315270935961,0.15763546798,0.0197044334975,-1.0,44820,1617428,0.00658047985092,1.60898456984e-05,383,0.04375,470.96,7,1,1,0.357723577236,0.05691056910569999,0.18699186991900002,0.008130081300810001,0.292682926829,0.0894308943089,0.008130081300810001,70.0714558759,0.00300610325693,1533,0.0,775,0.233853764784,0.03875,456.91,-0.274873633619,0,86,4,469,12,0,1,0.180826636051,0.15034965035,0.00699300699301,0.020979020979,81.0527120482,1266,0.0,733,0.230057291661,0.0544444444444,5,1138,18,1,0.389494833525,0.00395882818686,0.901029295329,0.06888361045130001,84.28101260390001,17439,0.0059411288144700005,591,0.0422222222222,9,0,248,4,0.08840413318029999,0.021400778210100002,0.068093385214,0.0,0.40272373540899997,0.00778210116732,0.0,8453,858,0.07375,12,69,0.032319391635,0.06368821292780001,0.011406844106499999,0.569391634981,0.23954372623599998,0.06558935361219999,0.0,317,0.00550369235056,741,181,460.86,-0.138200601213,0,0,3,3,5,0.0,0.0,0.0225563909774,0.0225563909774,0.037593984962400004,0.383458646617,0.0,49099,1
