BEGIN TRANSACTION;
CREATE TABLE "rule_task" (
	`rule_name`	TEXT NOT NULL,
	`task`	INTEGER
);
INSERT INTO `rule_task` (rule_name,task) VALUES ('ref_100_rule',3);
INSERT INTO `rule_task` (rule_name,task) VALUES ('ref_101_rule',3);
INSERT INTO `rule_task` (rule_name,task) VALUES ('ref_102_rule',3);
INSERT INTO `rule_task` (rule_name,task) VALUES ('ref_103_rule',3);
INSERT INTO `rule_task` (rule_name,task) VALUES ('ref_104_rule',3);
INSERT INTO `rule_task` (rule_name,task) VALUES ('ref_105_rule',3);
INSERT INTO `rule_task` (rule_name,task) VALUES ('ref_100_rule',5);
INSERT INTO `rule_task` (rule_name,task) VALUES ('ref_101_rule',5);
INSERT INTO `rule_task` (rule_name,task) VALUES ('ref_102_rule',5);
INSERT INTO `rule_task` (rule_name,task) VALUES ('ref_103_rule',5);
INSERT INTO `rule_task` (rule_name,task) VALUES ('ref_104_rule',5);
INSERT INTO `rule_task` (rule_name,task) VALUES ('ref_105_rule',5);
INSERT INTO `rule_task` (rule_name,task) VALUES ('ref_106_rule',5);
INSERT INTO `rule_task` (rule_name,task) VALUES ('ref_107_rule',5);
INSERT INTO `rule_task` (rule_name,task) VALUES ('ref_108_rule',5);
INSERT INTO `rule_task` (rule_name,task) VALUES ('ref_109_rule',5);
INSERT INTO `rule_task` (rule_name,task) VALUES ('ref_110_rule',5);
INSERT INTO `rule_task` (rule_name,task) VALUES ('ref_100_rule',9);
INSERT INTO `rule_task` (rule_name,task) VALUES ('ref_101_rule',9);
INSERT INTO `rule_task` (rule_name,task) VALUES ('ref_100_rule',11);
INSERT INTO `rule_task` (rule_name,task) VALUES ('ref_101_rule',11);
INSERT INTO `rule_task` (rule_name,task) VALUES ('20_ref_100_rule',20);
INSERT INTO `rule_task` (rule_name,task) VALUES ('20_ref_101_rule',20);
INSERT INTO `rule_task` (rule_name,task) VALUES ('20_ref_102_rule',20);
INSERT INTO `rule_task` (rule_name,task) VALUES ('20_ref_103_rule',20);
INSERT INTO `rule_task` (rule_name,task) VALUES ('60_ref_100_rule',60);
INSERT INTO `rule_task` (rule_name,task) VALUES ('60_ref_101_rule',60);
INSERT INTO `rule_task` (rule_name,task) VALUES ('62_ref_102_rule',62);
INSERT INTO `rule_task` (rule_name,task) VALUES ('62_ref_100_rule',62);
INSERT INTO `rule_task` (rule_name,task) VALUES ('62_ref_101_rule',62);
INSERT INTO `rule_task` (rule_name,task) VALUES ('76_ref_100_rule',76);
INSERT INTO `rule_task` (rule_name,task) VALUES ('66_ref_100_rule',66);
INSERT INTO `rule_task` (rule_name,task) VALUES ('66_ref_101_rule',66);
INSERT INTO `rule_task` (rule_name,task) VALUES ('72_ref_100_rule',72);
INSERT INTO `rule_task` (rule_name,task) VALUES ('72_ref_101_rule',72);
INSERT INTO `rule_task` (rule_name,task) VALUES ('72_ref_102_rule',72);
INSERT INTO `rule_task` (rule_name,task) VALUES ('74_ref_100_rule',74);
INSERT INTO `rule_task` (rule_name,task) VALUES ('74_ref_101_rule',74);
INSERT INTO `rule_task` (rule_name,task) VALUES ('30_ref_100_rule',30);
INSERT INTO `rule_task` (rule_name,task) VALUES ('30_ref_101_rule',30);
INSERT INTO `rule_task` (rule_name,task) VALUES ('30_ref_102_rule',30);
INSERT INTO `rule_task` (rule_name,task) VALUES ('28_ref_100_rule',28);
INSERT INTO `rule_task` (rule_name,task) VALUES ('28_ref_101_rule',28);
INSERT INTO `rule_task` (rule_name,task) VALUES ('28_ref_102_rule',28);
INSERT INTO `rule_task` (rule_name,task) VALUES ('28_ref_103_rule',28);
INSERT INTO `rule_task` (rule_name,task) VALUES ('28_ref_104_rule',28);
INSERT INTO `rule_task` (rule_name,task) VALUES ('27_ref_100_rule',27);
INSERT INTO `rule_task` (rule_name,task) VALUES ('27_ref_101_rule',27);
INSERT INTO `rule_task` (rule_name,task) VALUES ('27_ref_103_rule',27);
INSERT INTO `rule_task` (rule_name,task) VALUES ('27_ref_102_rule',27);
INSERT INTO `rule_task` (rule_name,task) VALUES ('27_ref_104_rule',27);
INSERT INTO `rule_task` (rule_name,task) VALUES ('18_ref_100_rule',18);
INSERT INTO `rule_task` (rule_name,task) VALUES ('18_ref_101_rule',18);
INSERT INTO `rule_task` (rule_name,task) VALUES ('18_ref_102_rule',18);
INSERT INTO `rule_task` (rule_name,task) VALUES ('18_ref_103_rule',18);
INSERT INTO `rule_task` (rule_name,task) VALUES ('11_ref_100_rule',11);
INSERT INTO `rule_task` (rule_name,task) VALUES ('11_ref_101_rule',11);
INSERT INTO `rule_task` (rule_name,task) VALUES ('9_ref_100_rule',9);
INSERT INTO `rule_task` (rule_name,task) VALUES ('9_ref_101_rule',9);
INSERT INTO `rule_task` (rule_name,task) VALUES ('5_ref_100_rule',5);
INSERT INTO `rule_task` (rule_name,task) VALUES ('5_ref_101_rule',5);
INSERT INTO `rule_task` (rule_name,task) VALUES ('5_ref_102_rule',5);
INSERT INTO `rule_task` (rule_name,task) VALUES ('5_ref_103_rule',5);
INSERT INTO `rule_task` (rule_name,task) VALUES ('5_ref_104_rule',5);
INSERT INTO `rule_task` (rule_name,task) VALUES ('5_ref_105_rule',5);
INSERT INTO `rule_task` (rule_name,task) VALUES ('5_ref_106_rule',5);
INSERT INTO `rule_task` (rule_name,task) VALUES ('5_ref_107_rule',5);
INSERT INTO `rule_task` (rule_name,task) VALUES ('5_ref_108_rule',5);
INSERT INTO `rule_task` (rule_name,task) VALUES ('5_ref_109_rule',5);
INSERT INTO `rule_task` (rule_name,task) VALUES ('5_ref_110_rule',5);
INSERT INTO `rule_task` (rule_name,task) VALUES ('3_ref_100_rule',3);
INSERT INTO `rule_task` (rule_name,task) VALUES ('3_ref_101_rule',3);
INSERT INTO `rule_task` (rule_name,task) VALUES ('3_ref_102_rule',3);
INSERT INTO `rule_task` (rule_name,task) VALUES ('3_ref_103_rule',3);
INSERT INTO `rule_task` (rule_name,task) VALUES ('3_ref_104_rule',3);
INSERT INTO `rule_task` (rule_name,task) VALUES ('3_ref_105_rule',3);
CREATE TABLE "rule_removal_trigger" (
	`rule_name`	TEXT NOT NULL,
	`removal_trigger_event`	TEXT
);
INSERT INTO `rule_removal_trigger` (rule_name,removal_trigger_event) VALUES ('72_ref_101_rule','ref_100_fix');
INSERT INTO `rule_removal_trigger` (rule_name,removal_trigger_event) VALUES ('72_ref_102_rule','ref_100_fix');
INSERT INTO `rule_removal_trigger` (rule_name,removal_trigger_event) VALUES ('72_ref_100_rule','ref_101_fix');
INSERT INTO `rule_removal_trigger` (rule_name,removal_trigger_event) VALUES ('72_ref_100_rule','ref_102_fix');
INSERT INTO `rule_removal_trigger` (rule_name,removal_trigger_event) VALUES ('60_ref_101_rule','ref_100_fix');
INSERT INTO `rule_removal_trigger` (rule_name,removal_trigger_event) VALUES ('60_ref_102_rule','ref_100_fix');
INSERT INTO `rule_removal_trigger` (rule_name,removal_trigger_event) VALUES ('30_ref_100_rule','ref_101_fix');
INSERT INTO `rule_removal_trigger` (rule_name,removal_trigger_event) VALUES ('30_ref_100_rule','ref_102_fix');
INSERT INTO `rule_removal_trigger` (rule_name,removal_trigger_event) VALUES ('30_ref_101_rule','ref_102_fix');
INSERT INTO `rule_removal_trigger` (rule_name,removal_trigger_event) VALUES ('30_ref_101_rule','ref_100_fix');
INSERT INTO `rule_removal_trigger` (rule_name,removal_trigger_event) VALUES ('30_ref_102_rule','ref_100_fix');
INSERT INTO `rule_removal_trigger` (rule_name,removal_trigger_event) VALUES ('30_ref_102_rule','ref_101_fix');
INSERT INTO `rule_removal_trigger` (rule_name,removal_trigger_event) VALUES ('28_ref_100_rule','ref_101_fix');
INSERT INTO `rule_removal_trigger` (rule_name,removal_trigger_event) VALUES ('28_ref_100_rule','ref_102_fix');
INSERT INTO `rule_removal_trigger` (rule_name,removal_trigger_event) VALUES ('28_ref_100_rule','ref_103_fix');
INSERT INTO `rule_removal_trigger` (rule_name,removal_trigger_event) VALUES ('28_ref_100_rule','ref_104_fix');
INSERT INTO `rule_removal_trigger` (rule_name,removal_trigger_event) VALUES ('28_ref_101_rule','ref_100_fix');
INSERT INTO `rule_removal_trigger` (rule_name,removal_trigger_event) VALUES ('28_ref_101_rule','ref_102_fix');
INSERT INTO `rule_removal_trigger` (rule_name,removal_trigger_event) VALUES ('28_ref_101_rule','ref_103_fix');
INSERT INTO `rule_removal_trigger` (rule_name,removal_trigger_event) VALUES ('28_ref_101_rule','ref_104_fix');
INSERT INTO `rule_removal_trigger` (rule_name,removal_trigger_event) VALUES ('28_ref_102_rule','ref_100_fix');
INSERT INTO `rule_removal_trigger` (rule_name,removal_trigger_event) VALUES ('28_ref_102_rule','ref_101_fix');
INSERT INTO `rule_removal_trigger` (rule_name,removal_trigger_event) VALUES ('28_ref_102_rule','ref_103_fix');
INSERT INTO `rule_removal_trigger` (rule_name,removal_trigger_event) VALUES ('28_ref_102_rule','ref_104_fix');
INSERT INTO `rule_removal_trigger` (rule_name,removal_trigger_event) VALUES ('28_ref_103_rule','ref_100_fix');
INSERT INTO `rule_removal_trigger` (rule_name,removal_trigger_event) VALUES ('28_ref_103_rule','ref_101_fix');
INSERT INTO `rule_removal_trigger` (rule_name,removal_trigger_event) VALUES ('28_ref_103_rule','ref_102_fix');
INSERT INTO `rule_removal_trigger` (rule_name,removal_trigger_event) VALUES ('28_ref_104_rule','ref_100_fix');
INSERT INTO `rule_removal_trigger` (rule_name,removal_trigger_event) VALUES ('28_ref_104_rule','ref_101_fix');
INSERT INTO `rule_removal_trigger` (rule_name,removal_trigger_event) VALUES ('28_ref_104_rule','ref_102_fix');
INSERT INTO `rule_removal_trigger` (rule_name,removal_trigger_event) VALUES ('27_ref_100_rule','ref_101_fix');
INSERT INTO `rule_removal_trigger` (rule_name,removal_trigger_event) VALUES ('27_ref_100_rule','ref_102_fix');
INSERT INTO `rule_removal_trigger` (rule_name,removal_trigger_event) VALUES ('27_ref_100_rule','ref_103_fix');
INSERT INTO `rule_removal_trigger` (rule_name,removal_trigger_event) VALUES ('27_ref_104_rule','ref_101_fix');
INSERT INTO `rule_removal_trigger` (rule_name,removal_trigger_event) VALUES ('27_ref_104_rule','ref_102_fix');
INSERT INTO `rule_removal_trigger` (rule_name,removal_trigger_event) VALUES ('27_ref_104_rule','ref_103_fix');
INSERT INTO `rule_removal_trigger` (rule_name,removal_trigger_event) VALUES ('27_ref_101_rule','ref_100_fix');
INSERT INTO `rule_removal_trigger` (rule_name,removal_trigger_event) VALUES ('27_ref_101_rule','ref_102_fix');
INSERT INTO `rule_removal_trigger` (rule_name,removal_trigger_event) VALUES ('27_ref_101_rule','ref_103_fix');
INSERT INTO `rule_removal_trigger` (rule_name,removal_trigger_event) VALUES ('27_ref_102_rule','ref_104_fix');
INSERT INTO `rule_removal_trigger` (rule_name,removal_trigger_event) VALUES ('27_ref_102_rule','ref_100_fix');
INSERT INTO `rule_removal_trigger` (rule_name,removal_trigger_event) VALUES ('27_ref_102_rule','ref_101_fix');
INSERT INTO `rule_removal_trigger` (rule_name,removal_trigger_event) VALUES ('27_ref_102_rule','ref_103_fix');
INSERT INTO `rule_removal_trigger` (rule_name,removal_trigger_event) VALUES ('27_ref_103_rule','ref_100_fix');
INSERT INTO `rule_removal_trigger` (rule_name,removal_trigger_event) VALUES ('27_ref_103_rule','ref_101_fix');
INSERT INTO `rule_removal_trigger` (rule_name,removal_trigger_event) VALUES ('27_ref_103_rule','ref_102_fix');
INSERT INTO `rule_removal_trigger` (rule_name,removal_trigger_event) VALUES ('27_ref_103_rule','ref_104_fix');
INSERT INTO `rule_removal_trigger` (rule_name,removal_trigger_event) VALUES ('20_ref_100_rule','ref_101_fix');
INSERT INTO `rule_removal_trigger` (rule_name,removal_trigger_event) VALUES ('20_ref_100_rule','ref_102_fix');
INSERT INTO `rule_removal_trigger` (rule_name,removal_trigger_event) VALUES ('20_ref_101_rule','ref_100_fix');
INSERT INTO `rule_removal_trigger` (rule_name,removal_trigger_event) VALUES ('20_ref_101_rule','ref_103_fix');
INSERT INTO `rule_removal_trigger` (rule_name,removal_trigger_event) VALUES ('20_ref_102_rule','ref_100_fix');
INSERT INTO `rule_removal_trigger` (rule_name,removal_trigger_event) VALUES ('20_ref_102_rule','ref_103_fix');
INSERT INTO `rule_removal_trigger` (rule_name,removal_trigger_event) VALUES ('20_ref_103_rule','ref_101_fix');
INSERT INTO `rule_removal_trigger` (rule_name,removal_trigger_event) VALUES ('20_ref_103_rule','ref_102_fix');
INSERT INTO `rule_removal_trigger` (rule_name,removal_trigger_event) VALUES ('18_ref_100_rule','ref_102_fix');
INSERT INTO `rule_removal_trigger` (rule_name,removal_trigger_event) VALUES ('18_ref_100_rule','ref_103_fix');
INSERT INTO `rule_removal_trigger` (rule_name,removal_trigger_event) VALUES ('18_ref_101_rule','ref_103_fix');
INSERT INTO `rule_removal_trigger` (rule_name,removal_trigger_event) VALUES ('18_ref_101_rule','ref_102_fix');
INSERT INTO `rule_removal_trigger` (rule_name,removal_trigger_event) VALUES ('18_ref_102_rule','ref_100_fix');
INSERT INTO `rule_removal_trigger` (rule_name,removal_trigger_event) VALUES ('18_ref_102_rule','ref_101_fix');
INSERT INTO `rule_removal_trigger` (rule_name,removal_trigger_event) VALUES ('18_ref_102_rule','ref_103_fix');
INSERT INTO `rule_removal_trigger` (rule_name,removal_trigger_event) VALUES ('18_ref_103_rule','ref_100_fix');
INSERT INTO `rule_removal_trigger` (rule_name,removal_trigger_event) VALUES ('18_ref_103_rule','ref_101_fix');
INSERT INTO `rule_removal_trigger` (rule_name,removal_trigger_event) VALUES ('18_ref_103_rule','ref_102_fix');
INSERT INTO `rule_removal_trigger` (rule_name,removal_trigger_event) VALUES ('11_ref_100_rule','ref_101_fix');
INSERT INTO `rule_removal_trigger` (rule_name,removal_trigger_event) VALUES ('11_ref_101_rule','ref_100_fix');
INSERT INTO `rule_removal_trigger` (rule_name,removal_trigger_event) VALUES ('5_ref_100_rule','ref_101_fix');
INSERT INTO `rule_removal_trigger` (rule_name,removal_trigger_event) VALUES ('5_ref_100_rule','ref_103_fix');
INSERT INTO `rule_removal_trigger` (rule_name,removal_trigger_event) VALUES ('5_ref_100_rule','ref_104_fix');
INSERT INTO `rule_removal_trigger` (rule_name,removal_trigger_event) VALUES ('5_ref_100_rule','ref_105_fix');
INSERT INTO `rule_removal_trigger` (rule_name,removal_trigger_event) VALUES ('5_ref_100_rule','ref_106_fix');
INSERT INTO `rule_removal_trigger` (rule_name,removal_trigger_event) VALUES ('5_ref_100_rule','ref_107_fix');
INSERT INTO `rule_removal_trigger` (rule_name,removal_trigger_event) VALUES ('5_ref_100_rule','ref_108_fix');
INSERT INTO `rule_removal_trigger` (rule_name,removal_trigger_event) VALUES ('5_ref_100_rule','ref_109_fix');
INSERT INTO `rule_removal_trigger` (rule_name,removal_trigger_event) VALUES ('5_ref_100_rule','ref_110_fix');
INSERT INTO `rule_removal_trigger` (rule_name,removal_trigger_event) VALUES ('5_ref_101_rule','ref_100_fix');
INSERT INTO `rule_removal_trigger` (rule_name,removal_trigger_event) VALUES ('5_ref_101_rule','ref_102_fix');
INSERT INTO `rule_removal_trigger` (rule_name,removal_trigger_event) VALUES ('5_ref_101_rule','ref_103_fix');
INSERT INTO `rule_removal_trigger` (rule_name,removal_trigger_event) VALUES ('5_ref_101_rule','ref_104_fix');
INSERT INTO `rule_removal_trigger` (rule_name,removal_trigger_event) VALUES ('5_ref_101_rule','ref_105_fix');
INSERT INTO `rule_removal_trigger` (rule_name,removal_trigger_event) VALUES ('5_ref_101_rule','ref_106_fix');
INSERT INTO `rule_removal_trigger` (rule_name,removal_trigger_event) VALUES ('5_ref_101_rule','ref_107_fix');
INSERT INTO `rule_removal_trigger` (rule_name,removal_trigger_event) VALUES ('5_ref_101_rule','ref_108_fix');
INSERT INTO `rule_removal_trigger` (rule_name,removal_trigger_event) VALUES ('5_ref_101_rule','ref_109_fix');
INSERT INTO `rule_removal_trigger` (rule_name,removal_trigger_event) VALUES ('5_ref_101_rule','ref_110_fix');
INSERT INTO `rule_removal_trigger` (rule_name,removal_trigger_event) VALUES ('5_ref_102_rule','ref_101_fix');
INSERT INTO `rule_removal_trigger` (rule_name,removal_trigger_event) VALUES ('5_ref_102_rule','ref_103_fix');
INSERT INTO `rule_removal_trigger` (rule_name,removal_trigger_event) VALUES ('5_ref_102_rule','ref_104_fix');
INSERT INTO `rule_removal_trigger` (rule_name,removal_trigger_event) VALUES ('5_ref_102_rule','ref_105_fix');
INSERT INTO `rule_removal_trigger` (rule_name,removal_trigger_event) VALUES ('5_ref_102_rule','ref_106_fix');
INSERT INTO `rule_removal_trigger` (rule_name,removal_trigger_event) VALUES ('5_ref_102_rule','ref_107_fix');
INSERT INTO `rule_removal_trigger` (rule_name,removal_trigger_event) VALUES ('5_ref_102_rule','ref_108_fix');
INSERT INTO `rule_removal_trigger` (rule_name,removal_trigger_event) VALUES ('5_ref_102_rule','ref_109_fix');
INSERT INTO `rule_removal_trigger` (rule_name,removal_trigger_event) VALUES ('5_ref_102_rule','ref_110_fix');
INSERT INTO `rule_removal_trigger` (rule_name,removal_trigger_event) VALUES ('5_ref_103_rule','ref_100_fix');
INSERT INTO `rule_removal_trigger` (rule_name,removal_trigger_event) VALUES ('5_ref_103_rule','ref_101_fix');
INSERT INTO `rule_removal_trigger` (rule_name,removal_trigger_event) VALUES ('5_ref_103_rule','ref_102_fix');
INSERT INTO `rule_removal_trigger` (rule_name,removal_trigger_event) VALUES ('5_ref_103_rule','ref_104_fix');
INSERT INTO `rule_removal_trigger` (rule_name,removal_trigger_event) VALUES ('5_ref_103_rule','ref_105_fix');
INSERT INTO `rule_removal_trigger` (rule_name,removal_trigger_event) VALUES ('5_ref_103_rule','ref_106_fix');
INSERT INTO `rule_removal_trigger` (rule_name,removal_trigger_event) VALUES ('5_ref_103_rule','ref_107_fix');
INSERT INTO `rule_removal_trigger` (rule_name,removal_trigger_event) VALUES ('5_ref_103_rule','ref_108_fix');
INSERT INTO `rule_removal_trigger` (rule_name,removal_trigger_event) VALUES ('5_ref_103_rule','ref_109_fix');
INSERT INTO `rule_removal_trigger` (rule_name,removal_trigger_event) VALUES ('5_ref_103_rule','ref_110_fix');
INSERT INTO `rule_removal_trigger` (rule_name,removal_trigger_event) VALUES ('5_ref_104_rule','ref_100_fix');
INSERT INTO `rule_removal_trigger` (rule_name,removal_trigger_event) VALUES ('5_ref_104_rule','ref_101_fix');
INSERT INTO `rule_removal_trigger` (rule_name,removal_trigger_event) VALUES ('5_ref_104_rule','ref_102_fix');
INSERT INTO `rule_removal_trigger` (rule_name,removal_trigger_event) VALUES ('5_ref_104_rule','ref_103_fix');
INSERT INTO `rule_removal_trigger` (rule_name,removal_trigger_event) VALUES ('5_ref_104_rule','ref_105_fix');
INSERT INTO `rule_removal_trigger` (rule_name,removal_trigger_event) VALUES ('5_ref_104_rule','ref_106_fix');
INSERT INTO `rule_removal_trigger` (rule_name,removal_trigger_event) VALUES ('5_ref_104_rule','ref_107_fix');
INSERT INTO `rule_removal_trigger` (rule_name,removal_trigger_event) VALUES ('5_ref_104_rule','ref_108_fix');
INSERT INTO `rule_removal_trigger` (rule_name,removal_trigger_event) VALUES ('5_ref_104_rule','ref_109_fix');
INSERT INTO `rule_removal_trigger` (rule_name,removal_trigger_event) VALUES ('5_ref_104_rule','ref_110_fix');
INSERT INTO `rule_removal_trigger` (rule_name,removal_trigger_event) VALUES ('5_ref_105_rule','ref_100_fix');
INSERT INTO `rule_removal_trigger` (rule_name,removal_trigger_event) VALUES ('5_ref_105_rule','ref_101_fix');
INSERT INTO `rule_removal_trigger` (rule_name,removal_trigger_event) VALUES ('5_ref_105_rule','ref_102_fix');
INSERT INTO `rule_removal_trigger` (rule_name,removal_trigger_event) VALUES ('5_ref_105_rule','ref_103_fix');
INSERT INTO `rule_removal_trigger` (rule_name,removal_trigger_event) VALUES ('5_ref_105_rule','ref_104_fix');
INSERT INTO `rule_removal_trigger` (rule_name,removal_trigger_event) VALUES ('5_ref_105_rule','ref_106_fix');
INSERT INTO `rule_removal_trigger` (rule_name,removal_trigger_event) VALUES ('5_ref_105_rule','ref_107_fix');
INSERT INTO `rule_removal_trigger` (rule_name,removal_trigger_event) VALUES ('5_ref_105_rule','ref_108_fix');
INSERT INTO `rule_removal_trigger` (rule_name,removal_trigger_event) VALUES ('5_ref_105_rule','ref_110_fix');
INSERT INTO `rule_removal_trigger` (rule_name,removal_trigger_event) VALUES ('5_ref_106_rule','ref_100_fix');
INSERT INTO `rule_removal_trigger` (rule_name,removal_trigger_event) VALUES ('5_ref_106_rule','ref_101_fix');
INSERT INTO `rule_removal_trigger` (rule_name,removal_trigger_event) VALUES ('5_ref_106_rule','ref_103_fix');
INSERT INTO `rule_removal_trigger` (rule_name,removal_trigger_event) VALUES ('5_ref_106_rule','ref_104_fix');
INSERT INTO `rule_removal_trigger` (rule_name,removal_trigger_event) VALUES ('5_ref_106_rule','ref_105_fix');
INSERT INTO `rule_removal_trigger` (rule_name,removal_trigger_event) VALUES ('5_ref_106_rule','ref_108_fix');
INSERT INTO `rule_removal_trigger` (rule_name,removal_trigger_event) VALUES ('5_ref_106_rule','ref_109_fix');
INSERT INTO `rule_removal_trigger` (rule_name,removal_trigger_event) VALUES ('5_ref_106_rule','ref_110_fix');
INSERT INTO `rule_removal_trigger` (rule_name,removal_trigger_event) VALUES ('5_ref_106_rule','ref_102_fix');
INSERT INTO `rule_removal_trigger` (rule_name,removal_trigger_event) VALUES ('5_ref_107_rule','ref_100_fix');
INSERT INTO `rule_removal_trigger` (rule_name,removal_trigger_event) VALUES ('5_ref_107_rule','ref_101_fix');
INSERT INTO `rule_removal_trigger` (rule_name,removal_trigger_event) VALUES ('5_ref_107_rule','ref_102_fix');
INSERT INTO `rule_removal_trigger` (rule_name,removal_trigger_event) VALUES ('5_ref_107_rule','ref_103_fix');
INSERT INTO `rule_removal_trigger` (rule_name,removal_trigger_event) VALUES ('5_ref_107_rule','ref_104_fix');
INSERT INTO `rule_removal_trigger` (rule_name,removal_trigger_event) VALUES ('5_ref_107_rule','ref_105_fix');
INSERT INTO `rule_removal_trigger` (rule_name,removal_trigger_event) VALUES ('5_ref_107_rule','ref_108_fix');
INSERT INTO `rule_removal_trigger` (rule_name,removal_trigger_event) VALUES ('5_ref_107_rule','ref_109_fix');
INSERT INTO `rule_removal_trigger` (rule_name,removal_trigger_event) VALUES ('5_ref_107_rule','ref_110_fix');
INSERT INTO `rule_removal_trigger` (rule_name,removal_trigger_event) VALUES ('5_ref_108_rule','ref_100_fix');
INSERT INTO `rule_removal_trigger` (rule_name,removal_trigger_event) VALUES ('5_ref_108_rule','ref_101_fix');
INSERT INTO `rule_removal_trigger` (rule_name,removal_trigger_event) VALUES ('5_ref_108_rule','ref_102_fix');
INSERT INTO `rule_removal_trigger` (rule_name,removal_trigger_event) VALUES ('5_ref_108_rule','ref_103_fix');
INSERT INTO `rule_removal_trigger` (rule_name,removal_trigger_event) VALUES ('5_ref_108_rule','ref_104_fix');
INSERT INTO `rule_removal_trigger` (rule_name,removal_trigger_event) VALUES ('5_ref_108_rule','ref_105_fix');
INSERT INTO `rule_removal_trigger` (rule_name,removal_trigger_event) VALUES ('5_ref_108_rule','ref_106_fix');
INSERT INTO `rule_removal_trigger` (rule_name,removal_trigger_event) VALUES ('5_ref_108_rule','ref_107_fix');
INSERT INTO `rule_removal_trigger` (rule_name,removal_trigger_event) VALUES ('5_ref_108_rule','ref_109_fix');
INSERT INTO `rule_removal_trigger` (rule_name,removal_trigger_event) VALUES ('5_ref_109_rule','ref_100_fix');
INSERT INTO `rule_removal_trigger` (rule_name,removal_trigger_event) VALUES ('5_ref_109_rule','ref_101_fix');
INSERT INTO `rule_removal_trigger` (rule_name,removal_trigger_event) VALUES ('5_ref_109_rule','ref_102_fix');
INSERT INTO `rule_removal_trigger` (rule_name,removal_trigger_event) VALUES ('5_ref_109_rule','ref_103_fix');
INSERT INTO `rule_removal_trigger` (rule_name,removal_trigger_event) VALUES ('5_ref_109_rule','ref_104_fix');
INSERT INTO `rule_removal_trigger` (rule_name,removal_trigger_event) VALUES ('5_ref_109_rule','ref_106_fix');
INSERT INTO `rule_removal_trigger` (rule_name,removal_trigger_event) VALUES ('5_ref_109_rule','ref_107_fix');
INSERT INTO `rule_removal_trigger` (rule_name,removal_trigger_event) VALUES ('5_ref_109_rule','ref_108_fix');
INSERT INTO `rule_removal_trigger` (rule_name,removal_trigger_event) VALUES ('5_ref_109_rule','ref_110_fix');
INSERT INTO `rule_removal_trigger` (rule_name,removal_trigger_event) VALUES ('5_ref_110_rule','ref_100_fix');
INSERT INTO `rule_removal_trigger` (rule_name,removal_trigger_event) VALUES ('5_ref_110_rule','ref_101_fix');
INSERT INTO `rule_removal_trigger` (rule_name,removal_trigger_event) VALUES ('5_ref_110_rule','ref_102_fix');
INSERT INTO `rule_removal_trigger` (rule_name,removal_trigger_event) VALUES ('5_ref_110_rule','ref_103_fix');
INSERT INTO `rule_removal_trigger` (rule_name,removal_trigger_event) VALUES ('5_ref_110_rule','ref_104_fix');
INSERT INTO `rule_removal_trigger` (rule_name,removal_trigger_event) VALUES ('5_ref_110_rule','ref_105_fix');
INSERT INTO `rule_removal_trigger` (rule_name,removal_trigger_event) VALUES ('5_ref_110_rule','ref_106_fix');
INSERT INTO `rule_removal_trigger` (rule_name,removal_trigger_event) VALUES ('5_ref_110_rule','ref_107_fix');
INSERT INTO `rule_removal_trigger` (rule_name,removal_trigger_event) VALUES ('5_ref_110_rule','ref_109_fix');
INSERT INTO `rule_removal_trigger` (rule_name,removal_trigger_event) VALUES ('3_ref_100_rule','ref_102_fix');
INSERT INTO `rule_removal_trigger` (rule_name,removal_trigger_event) VALUES ('3_ref_100_rule','ref_103_fix');
INSERT INTO `rule_removal_trigger` (rule_name,removal_trigger_event) VALUES ('3_ref_100_rule','ref_104_fix');
INSERT INTO `rule_removal_trigger` (rule_name,removal_trigger_event) VALUES ('3_ref_100_rule','ref_105_fix');
INSERT INTO `rule_removal_trigger` (rule_name,removal_trigger_event) VALUES ('3_ref_101_rule','ref_102_fix');
INSERT INTO `rule_removal_trigger` (rule_name,removal_trigger_event) VALUES ('3_ref_101_rule','ref_103_fix');
INSERT INTO `rule_removal_trigger` (rule_name,removal_trigger_event) VALUES ('3_ref_101_rule','ref_104_fix');
INSERT INTO `rule_removal_trigger` (rule_name,removal_trigger_event) VALUES ('3_ref_101_rule','ref_105_fix');
INSERT INTO `rule_removal_trigger` (rule_name,removal_trigger_event) VALUES ('3_ref_102_rule','ref_100_fix');
INSERT INTO `rule_removal_trigger` (rule_name,removal_trigger_event) VALUES ('3_ref_102_rule','ref_101_fix');
INSERT INTO `rule_removal_trigger` (rule_name,removal_trigger_event) VALUES ('3_ref_102_rule','ref_104_fix');
INSERT INTO `rule_removal_trigger` (rule_name,removal_trigger_event) VALUES ('3_ref_102_rule','ref_105_fix');
INSERT INTO `rule_removal_trigger` (rule_name,removal_trigger_event) VALUES ('3_ref_103_rule','ref_100_fix');
INSERT INTO `rule_removal_trigger` (rule_name,removal_trigger_event) VALUES ('3_ref_103_rule','ref_101_fix');
INSERT INTO `rule_removal_trigger` (rule_name,removal_trigger_event) VALUES ('3_ref_103_rule','ref_104_fix');
INSERT INTO `rule_removal_trigger` (rule_name,removal_trigger_event) VALUES ('3_ref_103_rule','ref_105_fix');
INSERT INTO `rule_removal_trigger` (rule_name,removal_trigger_event) VALUES ('3_ref_104_rule','ref_100_fix');
INSERT INTO `rule_removal_trigger` (rule_name,removal_trigger_event) VALUES ('3_ref_104_rule','ref_101_fix');
INSERT INTO `rule_removal_trigger` (rule_name,removal_trigger_event) VALUES ('3_ref_104_rule','ref_102_fix');
INSERT INTO `rule_removal_trigger` (rule_name,removal_trigger_event) VALUES ('3_ref_104_rule','ref_103_fix');
INSERT INTO `rule_removal_trigger` (rule_name,removal_trigger_event) VALUES ('3_ref_104_rule','ref_105_fix');
INSERT INTO `rule_removal_trigger` (rule_name,removal_trigger_event) VALUES ('3_ref_105_rule','ref_100_fix');
INSERT INTO `rule_removal_trigger` (rule_name,removal_trigger_event) VALUES ('3_ref_105_rule','ref_101_fix');
INSERT INTO `rule_removal_trigger` (rule_name,removal_trigger_event) VALUES ('3_ref_105_rule','ref_102_fix');
INSERT INTO `rule_removal_trigger` (rule_name,removal_trigger_event) VALUES ('3_ref_105_rule','ref_103_fix');
INSERT INTO `rule_removal_trigger` (rule_name,removal_trigger_event) VALUES ('3_ref_105_rule','ref_104_fix');
CREATE TABLE "rule_intervention_payload" (
	`rule_name` TEXT NOT NULL,
	`intervention_name` TEXT
);
INSERT INTO `rule_intervention_payload` (rule_name,intervention_name) VALUES ('62_ref_100_rule','62_bar_3_intervention');
INSERT INTO `rule_intervention_payload` (rule_name,intervention_name) VALUES ('62_ref_101_rule','62_bar_5_intervention');
INSERT INTO `rule_intervention_payload` (rule_name,intervention_name) VALUES ('62_ref_102_rule','62_bar_1_intervention');
INSERT INTO `rule_intervention_payload` (rule_name,intervention_name) VALUES ('62_ref_102_rule','62_bar_2_intervention');
INSERT INTO `rule_intervention_payload` (rule_name,intervention_name) VALUES ('62_ref_101_rule','62_bar_6_intervention');
INSERT INTO `rule_intervention_payload` (rule_name,intervention_name) VALUES ('62_ref_100_rule','62_bar_4_intervention');
INSERT INTO `rule_intervention_payload` (rule_name,intervention_name) VALUES ('60_ref_100_rule','60_bar_3_intervention');
INSERT INTO `rule_intervention_payload` (rule_name,intervention_name) VALUES ('60_ref_100_rule','60_bar_4_intervention');
INSERT INTO `rule_intervention_payload` (rule_name,intervention_name) VALUES ('60_ref_100_rule','60_bar_5_intervention');
INSERT INTO `rule_intervention_payload` (rule_name,intervention_name) VALUES ('60_ref_100_rule','60_bar_6_intervention');
INSERT INTO `rule_intervention_payload` (rule_name,intervention_name) VALUES ('60_ref_100_rule','60_bar_7_intervention');
INSERT INTO `rule_intervention_payload` (rule_name,intervention_name) VALUES ('60_ref_100_rule','60_bar_8_intervention');
INSERT INTO `rule_intervention_payload` (rule_name,intervention_name) VALUES ('60_ref_100_rule','60_bar_9_intervention');
INSERT INTO `rule_intervention_payload` (rule_name,intervention_name) VALUES ('60_ref_100_rule','60_bar_10_intervention');
INSERT INTO `rule_intervention_payload` (rule_name,intervention_name) VALUES ('60_ref_101_rule','60_bar_1_intervention');
INSERT INTO `rule_intervention_payload` (rule_name,intervention_name) VALUES ('60_ref_101_rule','60_bar_2_intervention');
INSERT INTO `rule_intervention_payload` (rule_name,intervention_name) VALUES ('66_ref_100_rule','66_bar_3_intervention');
INSERT INTO `rule_intervention_payload` (rule_name,intervention_name) VALUES ('66_ref_100_rule','66_bar_4_intervention');
INSERT INTO `rule_intervention_payload` (rule_name,intervention_name) VALUES ('66_ref_101_rule','66_bar_1_intervention');
INSERT INTO `rule_intervention_payload` (rule_name,intervention_name) VALUES ('66_ref_101_rule','66_bar_2_intervention');
INSERT INTO `rule_intervention_payload` (rule_name,intervention_name) VALUES ('72_ref_100_rule','72_bar_1_intervention');
INSERT INTO `rule_intervention_payload` (rule_name,intervention_name) VALUES ('72_ref_101_rule','72_bar_2_intervention');
INSERT INTO `rule_intervention_payload` (rule_name,intervention_name) VALUES ('72_ref_102_rule','72_bar_3_intervention');
INSERT INTO `rule_intervention_payload` (rule_name,intervention_name) VALUES ('74_ref_100_rule','74_bar_2_intervention');
INSERT INTO `rule_intervention_payload` (rule_name,intervention_name) VALUES ('74_ref_100_rule','74_bar_3_intervention');
INSERT INTO `rule_intervention_payload` (rule_name,intervention_name) VALUES ('74_ref_101_rule','74_bar_1_intervention');
INSERT INTO `rule_intervention_payload` (rule_name,intervention_name) VALUES ('76_ref_100_rule','76_bar_1_intervention');
INSERT INTO `rule_intervention_payload` (rule_name,intervention_name) VALUES ('76_ref_100_rule','76_bar_2_intervention');
INSERT INTO `rule_intervention_payload` (rule_name,intervention_name) VALUES ('76_ref_100_rule','76_bar_3_intervention');
INSERT INTO `rule_intervention_payload` (rule_name,intervention_name) VALUES ('76_ref_100_rule','76_bar_4_intervention');
INSERT INTO `rule_intervention_payload` (rule_name,intervention_name) VALUES ('30_ref_100_rule','30_bar_2_intervention');
INSERT INTO `rule_intervention_payload` (rule_name,intervention_name) VALUES ('30_ref_101_rule','30_bar_3_intervention');
INSERT INTO `rule_intervention_payload` (rule_name,intervention_name) VALUES ('30_ref_101_rule','30_bar_4_intervention');
INSERT INTO `rule_intervention_payload` (rule_name,intervention_name) VALUES ('30_ref_100_rule','30_bar_1_intervention');
INSERT INTO `rule_intervention_payload` (rule_name,intervention_name) VALUES ('30_ref_101_rule','30_bar_5_intervention');
INSERT INTO `rule_intervention_payload` (rule_name,intervention_name) VALUES ('30_ref_101_rule','30_bar_6_intervention');
INSERT INTO `rule_intervention_payload` (rule_name,intervention_name) VALUES ('30_ref_102_rule','30_bar_1_intervention');
INSERT INTO `rule_intervention_payload` (rule_name,intervention_name) VALUES ('30_ref_102_rule','30_bar_2_intervention');
INSERT INTO `rule_intervention_payload` (rule_name,intervention_name) VALUES ('30_ref_102_rule','30_bar_3_intervention');
INSERT INTO `rule_intervention_payload` (rule_name,intervention_name) VALUES ('30_ref_102_rule','30_bar_4_intervention');
INSERT INTO `rule_intervention_payload` (rule_name,intervention_name) VALUES ('30_ref_102_rule','30_bar_5_intervention');
INSERT INTO `rule_intervention_payload` (rule_name,intervention_name) VALUES ('30_ref_102_rule','30_bar_6_intervention');
INSERT INTO `rule_intervention_payload` (rule_name,intervention_name) VALUES ('30_ref_102_rule','30_bar_7_intervention');
INSERT INTO `rule_intervention_payload` (rule_name,intervention_name) VALUES ('30_ref_102_rule','30_bar_8_intervention');
INSERT INTO `rule_intervention_payload` (rule_name,intervention_name) VALUES ('30_ref_102_rule','30_bar_9_intervention');
INSERT INTO `rule_intervention_payload` (rule_name,intervention_name) VALUES ('30_ref_102_rule','30_bar_10_intervention');
INSERT INTO `rule_intervention_payload` (rule_name,intervention_name) VALUES ('30_ref_102_rule','30_bar_11_intervention');
INSERT INTO `rule_intervention_payload` (rule_name,intervention_name) VALUES ('30_ref_102_rule','30_bar_12_intervention');
INSERT INTO `rule_intervention_payload` (rule_name,intervention_name) VALUES ('30_ref_102_rule','30_bar_13_intervention');
INSERT INTO `rule_intervention_payload` (rule_name,intervention_name) VALUES ('28_ref_100_rule','28_bar_1_intervention');
INSERT INTO `rule_intervention_payload` (rule_name,intervention_name) VALUES ('28_ref_100_rule','28_bar_2_intervention');
INSERT INTO `rule_intervention_payload` (rule_name,intervention_name) VALUES ('28_ref_101_rule','28_bar_3_intervention');
INSERT INTO `rule_intervention_payload` (rule_name,intervention_name) VALUES ('28_ref_101_rule','28_bar_4_intervention');
INSERT INTO `rule_intervention_payload` (rule_name,intervention_name) VALUES ('28_ref_102_rule','28_bar_5_intervention');
INSERT INTO `rule_intervention_payload` (rule_name,intervention_name) VALUES ('28_ref_102_rule','28_bar_6_intervention');
INSERT INTO `rule_intervention_payload` (rule_name,intervention_name) VALUES ('28_ref_102_rule','28_bar_7_intervention');
INSERT INTO `rule_intervention_payload` (rule_name,intervention_name) VALUES ('28_ref_102_rule','28_bar_8_intervention');
INSERT INTO `rule_intervention_payload` (rule_name,intervention_name) VALUES ('28_ref_102_rule','28_bar_9_intervention');
INSERT INTO `rule_intervention_payload` (rule_name,intervention_name) VALUES ('28_ref_102_rule','28_bar_10_intervention');
INSERT INTO `rule_intervention_payload` (rule_name,intervention_name) VALUES ('28_ref_102_rule','28_bar_11_intervention');
INSERT INTO `rule_intervention_payload` (rule_name,intervention_name) VALUES ('28_ref_102_rule','28_bar_12_intervention');
INSERT INTO `rule_intervention_payload` (rule_name,intervention_name) VALUES ('28_ref_102_rule','28_bar_13_intervention');
INSERT INTO `rule_intervention_payload` (rule_name,intervention_name) VALUES ('28_ref_102_rule','28_bar_14_intervention');
INSERT INTO `rule_intervention_payload` (rule_name,intervention_name) VALUES ('28_ref_103_rule','28_bar_11_intervention');
INSERT INTO `rule_intervention_payload` (rule_name,intervention_name) VALUES ('28_ref_103_rule','28_bar_9_intervention');
INSERT INTO `rule_intervention_payload` (rule_name,intervention_name) VALUES ('28_ref_103_rule','28_bar_12_intervention');
INSERT INTO `rule_intervention_payload` (rule_name,intervention_name) VALUES ('28_ref_103_rule','28_bar_7_intervention');
INSERT INTO `rule_intervention_payload` (rule_name,intervention_name) VALUES ('28_ref_103_rule','28_bar_8_intervention');
INSERT INTO `rule_intervention_payload` (rule_name,intervention_name) VALUES ('28_ref_103_rule','28_bar_15_intervention');
INSERT INTO `rule_intervention_payload` (rule_name,intervention_name) VALUES ('28_ref_103_rule','28_bar_10_intervention');
INSERT INTO `rule_intervention_payload` (rule_name,intervention_name) VALUES ('28_ref_103_rule','28_bar_5_intervention');
INSERT INTO `rule_intervention_payload` (rule_name,intervention_name) VALUES ('28_ref_104_rule','28_bar_13_intervention');
INSERT INTO `rule_intervention_payload` (rule_name,intervention_name) VALUES ('28_ref_104_rule','28_bar_14_intervention');
INSERT INTO `rule_intervention_payload` (rule_name,intervention_name) VALUES ('28_ref_104_rule','28_bar_6_intervention');
INSERT INTO `rule_intervention_payload` (rule_name,intervention_name) VALUES ('27_ref_100_rule','27_bar_1_intervention');
INSERT INTO `rule_intervention_payload` (rule_name,intervention_name) VALUES ('27_ref_100_rule','27_bar_2_intervention');
INSERT INTO `rule_intervention_payload` (rule_name,intervention_name) VALUES ('27_ref_101_rule','27_bar_3_intervention');
INSERT INTO `rule_intervention_payload` (rule_name,intervention_name) VALUES ('27_ref_101_rule','27_bar_4_intervention');
INSERT INTO `rule_intervention_payload` (rule_name,intervention_name) VALUES ('27_ref_101_rule','27_bar_5_intervention');
INSERT INTO `rule_intervention_payload` (rule_name,intervention_name) VALUES ('27_ref_101_rule','27_bar_6_intervention');
INSERT INTO `rule_intervention_payload` (rule_name,intervention_name) VALUES ('27_ref_101_rule','27_bar_7_intervention');
INSERT INTO `rule_intervention_payload` (rule_name,intervention_name) VALUES ('27_ref_101_rule','27_bar_8_intervention');
INSERT INTO `rule_intervention_payload` (rule_name,intervention_name) VALUES ('27_ref_102_rule','27_bar_9_intervention');
INSERT INTO `rule_intervention_payload` (rule_name,intervention_name) VALUES ('27_ref_102_rule','27_bar_10_intervention');
INSERT INTO `rule_intervention_payload` (rule_name,intervention_name) VALUES ('27_ref_103_rule','27_bar_3_intervention');
INSERT INTO `rule_intervention_payload` (rule_name,intervention_name) VALUES ('27_ref_103_rule','27_bar_4_intervention');
INSERT INTO `rule_intervention_payload` (rule_name,intervention_name) VALUES ('27_ref_103_rule','27_bar_5_intervention');
INSERT INTO `rule_intervention_payload` (rule_name,intervention_name) VALUES ('27_ref_103_rule','27_bar_6_intervention');
INSERT INTO `rule_intervention_payload` (rule_name,intervention_name) VALUES ('27_ref_103_rule','27_bar_7_intervention');
INSERT INTO `rule_intervention_payload` (rule_name,intervention_name) VALUES ('27_ref_103_rule','27_bar_8_intervention');
INSERT INTO `rule_intervention_payload` (rule_name,intervention_name) VALUES ('27_ref_104_rule','27_bar_11_intervention');
INSERT INTO `rule_intervention_payload` (rule_name,intervention_name) VALUES ('27_ref_104_rule','27_bar_12_intervention');
INSERT INTO `rule_intervention_payload` (rule_name,intervention_name) VALUES ('27_ref_104_rule','27_bar_13_intervention');
INSERT INTO `rule_intervention_payload` (rule_name,intervention_name) VALUES ('27_ref_104_rule','27_bar_14_intervention');
INSERT INTO `rule_intervention_payload` (rule_name,intervention_name) VALUES ('27_ref_104_rule','27_bar_15_intervention');
INSERT INTO `rule_intervention_payload` (rule_name,intervention_name) VALUES ('27_ref_104_rule','27_bar_2_intervention');
INSERT INTO `rule_intervention_payload` (rule_name,intervention_name) VALUES ('27_ref_104_rule','27_bar_1_intervention');
INSERT INTO `rule_intervention_payload` (rule_name,intervention_name) VALUES ('20_ref_100_rule','20_bar_1_intervention');
INSERT INTO `rule_intervention_payload` (rule_name,intervention_name) VALUES ('20_ref_101_rule','20_bar_2_intervention');
INSERT INTO `rule_intervention_payload` (rule_name,intervention_name) VALUES ('20_ref_102_rule','20_bar_3_intervention');
INSERT INTO `rule_intervention_payload` (rule_name,intervention_name) VALUES ('20_ref_103_rule','20_bar_4_intervention');
INSERT INTO `rule_intervention_payload` (rule_name,intervention_name) VALUES ('18_ref_100_rule','18_bar_1_intervention');
INSERT INTO `rule_intervention_payload` (rule_name,intervention_name) VALUES ('18_ref_100_rule','18_bar_2_intervention');
INSERT INTO `rule_intervention_payload` (rule_name,intervention_name) VALUES ('18_ref_101_rule','18_bar_3_intervention');
INSERT INTO `rule_intervention_payload` (rule_name,intervention_name) VALUES ('18_ref_101_rule','18_bar_4_intervention');
INSERT INTO `rule_intervention_payload` (rule_name,intervention_name) VALUES ('18_ref_101_rule','18_bar_5_intervention');
INSERT INTO `rule_intervention_payload` (rule_name,intervention_name) VALUES ('18_ref_102_rule','18_bar_3_intervention');
INSERT INTO `rule_intervention_payload` (rule_name,intervention_name) VALUES ('18_ref_102_rule','18_bar_4_intervention');
INSERT INTO `rule_intervention_payload` (rule_name,intervention_name) VALUES ('18_ref_102_rule','18_bar_5_intervention');
INSERT INTO `rule_intervention_payload` (rule_name,intervention_name) VALUES ('18_ref_102_rule','18_bar_6_intervention');
INSERT INTO `rule_intervention_payload` (rule_name,intervention_name) VALUES ('18_ref_102_rule','18_bar_7_intervention');
INSERT INTO `rule_intervention_payload` (rule_name,intervention_name) VALUES ('18_ref_102_rule','18_bar_8_intervention');
INSERT INTO `rule_intervention_payload` (rule_name,intervention_name) VALUES ('18_ref_103_rule','18_bar_9_intervention');
INSERT INTO `rule_intervention_payload` (rule_name,intervention_name) VALUES ('11_ref_100_rule','11_bar_1_intervention');
INSERT INTO `rule_intervention_payload` (rule_name,intervention_name) VALUES ('11_ref_101_rule','11_bar_1_intervention');
INSERT INTO `rule_intervention_payload` (rule_name,intervention_name) VALUES ('11_ref_101_rule','11_bar_2_intervention');
INSERT INTO `rule_intervention_payload` (rule_name,intervention_name) VALUES ('9_ref_100_rule','9_bar_1_intervention');
INSERT INTO `rule_intervention_payload` (rule_name,intervention_name) VALUES ('9_ref_100_rule','9_bar_2_intervention');
INSERT INTO `rule_intervention_payload` (rule_name,intervention_name) VALUES ('9_ref_101_rule','9_bar_3_intervention');
INSERT INTO `rule_intervention_payload` (rule_name,intervention_name) VALUES ('9_ref_101_rule','9_bar_4_intervention');
INSERT INTO `rule_intervention_payload` (rule_name,intervention_name) VALUES ('5_ref_100_rule','5_bar_1_intervention');
INSERT INTO `rule_intervention_payload` (rule_name,intervention_name) VALUES ('5_ref_101_rule','5_bar_2_intervention');
INSERT INTO `rule_intervention_payload` (rule_name,intervention_name) VALUES ('5_ref_102_rule','5_bar_3_intervention');
INSERT INTO `rule_intervention_payload` (rule_name,intervention_name) VALUES ('5_ref_103_rule','5_bar_4_intervention');
INSERT INTO `rule_intervention_payload` (rule_name,intervention_name) VALUES ('5_ref_103_rule','5_bar_5_intervention');
INSERT INTO `rule_intervention_payload` (rule_name,intervention_name) VALUES ('5_ref_103_rule','5_bar_6_intervention');
INSERT INTO `rule_intervention_payload` (rule_name,intervention_name) VALUES ('5_ref_103_rule','5_bar_7_intervention');
INSERT INTO `rule_intervention_payload` (rule_name,intervention_name) VALUES ('5_ref_103_rule','5_bar_8_intervention');
INSERT INTO `rule_intervention_payload` (rule_name,intervention_name) VALUES ('5_ref_103_rule','5_bar_9_intervention');
INSERT INTO `rule_intervention_payload` (rule_name,intervention_name) VALUES ('5_ref_103_rule','5_bar_10_intervention');
INSERT INTO `rule_intervention_payload` (rule_name,intervention_name) VALUES ('5_ref_103_rule','5_bar_11_intervention');
INSERT INTO `rule_intervention_payload` (rule_name,intervention_name) VALUES ('5_ref_103_rule','5_bar_12_intervention');
INSERT INTO `rule_intervention_payload` (rule_name,intervention_name) VALUES ('5_ref_104_rule','5_bar_13_intervention');
INSERT INTO `rule_intervention_payload` (rule_name,intervention_name) VALUES ('5_ref_104_rule','5_bar_14_intervention');
INSERT INTO `rule_intervention_payload` (rule_name,intervention_name) VALUES ('5_ref_104_rule','5_bar_15_intervention');
INSERT INTO `rule_intervention_payload` (rule_name,intervention_name) VALUES ('5_ref_104_rule','5_bar_16_intervention');
INSERT INTO `rule_intervention_payload` (rule_name,intervention_name) VALUES ('5_ref_104_rule','5_bar_17_intervention');
INSERT INTO `rule_intervention_payload` (rule_name,intervention_name) VALUES ('5_ref_104_rule','5_bar_18_intervention');
INSERT INTO `rule_intervention_payload` (rule_name,intervention_name) VALUES ('5_ref_104_rule','5_bar_19_intervention');
INSERT INTO `rule_intervention_payload` (rule_name,intervention_name) VALUES ('5_ref_104_rule','5_bar_20_intervention');
INSERT INTO `rule_intervention_payload` (rule_name,intervention_name) VALUES ('5_ref_104_rule','5_bar_21_intervention');
INSERT INTO `rule_intervention_payload` (rule_name,intervention_name) VALUES ('5_ref_104_rule','5_bar_22_intervention');
INSERT INTO `rule_intervention_payload` (rule_name,intervention_name) VALUES ('5_ref_105_rule','5_bar_13_intervention');
INSERT INTO `rule_intervention_payload` (rule_name,intervention_name) VALUES ('5_ref_106_rule','5_bar_16_intervention');
INSERT INTO `rule_intervention_payload` (rule_name,intervention_name) VALUES ('5_ref_107_rule','5_bar_15_intervention');
INSERT INTO `rule_intervention_payload` (rule_name,intervention_name) VALUES ('5_ref_108_rule','5_bar_20_intervention');
INSERT INTO `rule_intervention_payload` (rule_name,intervention_name) VALUES ('5_ref_108_rule','5_bar_18_intervention');
INSERT INTO `rule_intervention_payload` (rule_name,intervention_name) VALUES ('5_ref_109_rule','5_bar_14_intervention');
INSERT INTO `rule_intervention_payload` (rule_name,intervention_name) VALUES ('5_ref_110_rule','5_bar_17_intervention');
INSERT INTO `rule_intervention_payload` (rule_name,intervention_name) VALUES ('5_ref_110_rule','5_bar_19_intervention');
INSERT INTO `rule_intervention_payload` (rule_name,intervention_name) VALUES ('3_ref_100_rule','3_bar_1_intervention');
INSERT INTO `rule_intervention_payload` (rule_name,intervention_name) VALUES ('3_ref_101_rule','3_bar_2_intervention');
INSERT INTO `rule_intervention_payload` (rule_name,intervention_name) VALUES ('3_ref_102_rule','3_bar_3_intervention');
INSERT INTO `rule_intervention_payload` (rule_name,intervention_name) VALUES ('3_ref_103_rule','3_bar_4_intervention');
INSERT INTO `rule_intervention_payload` (rule_name,intervention_name) VALUES ('3_ref_104_rule','3_bar_5_intervention');
INSERT INTO `rule_intervention_payload` (rule_name,intervention_name) VALUES ('3_ref_104_rule','3_bar_6_intervention');
INSERT INTO `rule_intervention_payload` (rule_name,intervention_name) VALUES ('3_ref_104_rule','3_bar_7_intervention');
INSERT INTO `rule_intervention_payload` (rule_name,intervention_name) VALUES ('3_ref_104_rule','3_bar_8_intervention');
INSERT INTO `rule_intervention_payload` (rule_name,intervention_name) VALUES ('3_ref_104_rule','3_bar_9_intervention');
INSERT INTO `rule_intervention_payload` (rule_name,intervention_name) VALUES ('3_ref_105_rule','3_bar_10_intervention');
INSERT INTO `rule_intervention_payload` (rule_name,intervention_name) VALUES ('3_ref_105_rule','3_bar_11_intervention');
CREATE TABLE "rule_delivery_trigger" (
	`rule_name`	TEXT NOT NULL,
	`delivery_trigger_event`	TEXT
);
INSERT INTO `rule_delivery_trigger` (rule_name,delivery_trigger_event) VALUES ('62_ref_100_rule','ref_100_fix');
INSERT INTO `rule_delivery_trigger` (rule_name,delivery_trigger_event) VALUES ('62_ref_101_rule','ref_101_fix');
INSERT INTO `rule_delivery_trigger` (rule_name,delivery_trigger_event) VALUES ('62_ref_102_rule','ref_102_fix');
INSERT INTO `rule_delivery_trigger` (rule_name,delivery_trigger_event) VALUES ('60_ref_100_rule','ref_100_fix');
INSERT INTO `rule_delivery_trigger` (rule_name,delivery_trigger_event) VALUES ('60_ref_101_rule','ref_101_fix');
INSERT INTO `rule_delivery_trigger` (rule_name,delivery_trigger_event) VALUES ('66_ref_101_rule','ref_101_fix');
INSERT INTO `rule_delivery_trigger` (rule_name,delivery_trigger_event) VALUES ('66_ref_100_rule','ref_100_fix');
INSERT INTO `rule_delivery_trigger` (rule_name,delivery_trigger_event) VALUES ('72_ref_102_rule','ref_102_fix');
INSERT INTO `rule_delivery_trigger` (rule_name,delivery_trigger_event) VALUES ('72_ref_101_rule','ref_101_fix');
INSERT INTO `rule_delivery_trigger` (rule_name,delivery_trigger_event) VALUES ('72_ref_100_rule','ref_100_fix');
INSERT INTO `rule_delivery_trigger` (rule_name,delivery_trigger_event) VALUES ('74_ref_100_rule','ref_100_fix');
INSERT INTO `rule_delivery_trigger` (rule_name,delivery_trigger_event) VALUES ('74_ref_101_rule','ref_101_fix');
INSERT INTO `rule_delivery_trigger` (rule_name,delivery_trigger_event) VALUES ('76_ref_100_rule','ref_100_fix');
INSERT INTO `rule_delivery_trigger` (rule_name,delivery_trigger_event) VALUES ('30_ref_100_rule','ref_100_fix');
INSERT INTO `rule_delivery_trigger` (rule_name,delivery_trigger_event) VALUES ('30_ref_101_rule','ref_101_fix');
INSERT INTO `rule_delivery_trigger` (rule_name,delivery_trigger_event) VALUES ('30_ref_102_rule','ref_102_fix');
INSERT INTO `rule_delivery_trigger` (rule_name,delivery_trigger_event) VALUES ('28_ref_100_rule','ref_100_fix');
INSERT INTO `rule_delivery_trigger` (rule_name,delivery_trigger_event) VALUES ('28_ref_102_rule','ref_102_fix');
INSERT INTO `rule_delivery_trigger` (rule_name,delivery_trigger_event) VALUES ('28_ref_103_rule','ref_103_fix');
INSERT INTO `rule_delivery_trigger` (rule_name,delivery_trigger_event) VALUES ('28_ref_104_rule','ref_104_fix');
INSERT INTO `rule_delivery_trigger` (rule_name,delivery_trigger_event) VALUES ('27_ref_100_rule','ref_100_fix');
INSERT INTO `rule_delivery_trigger` (rule_name,delivery_trigger_event) VALUES ('28_ref_101_rule','ref_101_fix');
INSERT INTO `rule_delivery_trigger` (rule_name,delivery_trigger_event) VALUES ('27_ref_101_rule','ref_101_fix');
INSERT INTO `rule_delivery_trigger` (rule_name,delivery_trigger_event) VALUES ('27_ref_102_rule','ref_102_fix');
INSERT INTO `rule_delivery_trigger` (rule_name,delivery_trigger_event) VALUES ('27_ref_103_rule','ref_103_fix');
INSERT INTO `rule_delivery_trigger` (rule_name,delivery_trigger_event) VALUES ('27_ref_104_rule','ref_104_fix');
INSERT INTO `rule_delivery_trigger` (rule_name,delivery_trigger_event) VALUES ('20_ref_100_rule','ref_100_fix');
INSERT INTO `rule_delivery_trigger` (rule_name,delivery_trigger_event) VALUES ('20_ref_101_rule','ref_101_fix');
INSERT INTO `rule_delivery_trigger` (rule_name,delivery_trigger_event) VALUES ('20_ref_102_rule','ref_102_fix');
INSERT INTO `rule_delivery_trigger` (rule_name,delivery_trigger_event) VALUES ('20_ref_103_rule','ref_103_fix');
INSERT INTO `rule_delivery_trigger` (rule_name,delivery_trigger_event) VALUES ('18_ref_100_rule','ref_100_fix');
INSERT INTO `rule_delivery_trigger` (rule_name,delivery_trigger_event) VALUES ('18_ref_101_rule','ref_101_fix');
INSERT INTO `rule_delivery_trigger` (rule_name,delivery_trigger_event) VALUES ('18_ref_102_rule','ref_102_fix');
INSERT INTO `rule_delivery_trigger` (rule_name,delivery_trigger_event) VALUES ('18_ref_103_rule','ref_103_fix');
INSERT INTO `rule_delivery_trigger` (rule_name,delivery_trigger_event) VALUES ('11_ref_100_rule','ref_100_fix');
INSERT INTO `rule_delivery_trigger` (rule_name,delivery_trigger_event) VALUES ('11_ref_101_rule','ref_101_fix');
INSERT INTO `rule_delivery_trigger` (rule_name,delivery_trigger_event) VALUES ('9_ref_100_rule','ref_100_fix');
INSERT INTO `rule_delivery_trigger` (rule_name,delivery_trigger_event) VALUES ('9_ref_101_rule','ref_101_fix');
INSERT INTO `rule_delivery_trigger` (rule_name,delivery_trigger_event) VALUES ('5_ref_100_rule','ref_100_fix');
INSERT INTO `rule_delivery_trigger` (rule_name,delivery_trigger_event) VALUES ('5_ref_101_rule','ref_101_fix');
INSERT INTO `rule_delivery_trigger` (rule_name,delivery_trigger_event) VALUES ('5_ref_102_rule','ref_102_fix');
INSERT INTO `rule_delivery_trigger` (rule_name,delivery_trigger_event) VALUES ('5_ref_103_rule','ref_103_fix');
INSERT INTO `rule_delivery_trigger` (rule_name,delivery_trigger_event) VALUES ('5_ref_104_rule','ref_104_fix');
INSERT INTO `rule_delivery_trigger` (rule_name,delivery_trigger_event) VALUES ('5_ref_105_rule','ref_105_fix');
INSERT INTO `rule_delivery_trigger` (rule_name,delivery_trigger_event) VALUES ('5_ref_107_rule','ref_107_fix');
INSERT INTO `rule_delivery_trigger` (rule_name,delivery_trigger_event) VALUES ('5_ref_106_rule','ref_106_fix');
INSERT INTO `rule_delivery_trigger` (rule_name,delivery_trigger_event) VALUES ('5_ref_108_rule','ref_108_fix');
INSERT INTO `rule_delivery_trigger` (rule_name,delivery_trigger_event) VALUES ('5_ref_109_rule','ref_109_fix');
INSERT INTO `rule_delivery_trigger` (rule_name,delivery_trigger_event) VALUES ('5_ref_110_rule','ref_110_fix');
INSERT INTO `rule_delivery_trigger` (rule_name,delivery_trigger_event) VALUES ('3_ref_100_rule','ref_100_fix');
INSERT INTO `rule_delivery_trigger` (rule_name,delivery_trigger_event) VALUES ('3_ref_101_rule','ref_101_fix');
INSERT INTO `rule_delivery_trigger` (rule_name,delivery_trigger_event) VALUES ('3_ref_102_rule','ref_102_fix');
INSERT INTO `rule_delivery_trigger` (rule_name,delivery_trigger_event) VALUES ('3_ref_103_rule','ref_103_fix');
INSERT INTO `rule_delivery_trigger` (rule_name,delivery_trigger_event) VALUES ('3_ref_104_rule','ref_104_fix');
INSERT INTO `rule_delivery_trigger` (rule_name,delivery_trigger_event) VALUES ('3_ref_105_rule','ref_105_fix');
CREATE TABLE "rule" (
	`name`	TEXT NOT NULL,
	`delivery_sql_condition`	BLOB,
	`removal_sql_condition`	BLOB,
	`max_repeat`	INTEGER,
	`active_retrigger`	INTEGER,
	PRIMARY KEY(`name`)
);
INSERT INTO `rule` (name,delivery_sql_condition,removal_sql_condition,max_repeat,active_retrigger) VALUES ('62_ref_100_rule','select 1 as result;','select 1 as result;',NULL,NULL);
INSERT INTO `rule` (name,delivery_sql_condition,removal_sql_condition,max_repeat,active_retrigger) VALUES ('62_ref_101_rule','select 1 as result;','select 1 as result',NULL,NULL);
INSERT INTO `rule` (name,delivery_sql_condition,removal_sql_condition,max_repeat,active_retrigger) VALUES ('62_ref_102_rule','select 1 as result;','select 1 as result',NULL,NULL);
INSERT INTO `rule` (name,delivery_sql_condition,removal_sql_condition,max_repeat,active_retrigger) VALUES ('60_ref_100_rule','select 1 as result;','select 1 as result;',NULL,NULL);
INSERT INTO `rule` (name,delivery_sql_condition,removal_sql_condition,max_repeat,active_retrigger) VALUES ('60_ref_101_rule','select 1 as result;','select 1 as result;',NULL,NULL);
INSERT INTO `rule` (name,delivery_sql_condition,removal_sql_condition,max_repeat,active_retrigger) VALUES ('66_ref_100_rule','select 1 as result;','select 1 as result;','','');
INSERT INTO `rule` (name,delivery_sql_condition,removal_sql_condition,max_repeat,active_retrigger) VALUES ('66_ref_101_rule','select 1 as result;','select 1 as result;',NULL,NULL);
INSERT INTO `rule` (name,delivery_sql_condition,removal_sql_condition,max_repeat,active_retrigger) VALUES ('72_ref_101_rule','select 1 as result;','select 1 as result;',NULL,NULL);
INSERT INTO `rule` (name,delivery_sql_condition,removal_sql_condition,max_repeat,active_retrigger) VALUES ('72_ref_100_rule','select 1 as result;','select 1 as result;',NULL,NULL);
INSERT INTO `rule` (name,delivery_sql_condition,removal_sql_condition,max_repeat,active_retrigger) VALUES ('72_ref_102_rule','select 1 as result;','select 1 as result;',NULL,NULL);
INSERT INTO `rule` (name,delivery_sql_condition,removal_sql_condition,max_repeat,active_retrigger) VALUES ('74_ref_100_rule','select 1 as result;','select 1 as result;',NULL,NULL);
INSERT INTO `rule` (name,delivery_sql_condition,removal_sql_condition,max_repeat,active_retrigger) VALUES ('74_ref_101_rule','select 1 as result;','select 1 as result;',NULL,NULL);
INSERT INTO `rule` (name,delivery_sql_condition,removal_sql_condition,max_repeat,active_retrigger) VALUES ('76_ref_100_rule','select 1 as result;','select 1 as result;',NULL,NULL);
INSERT INTO `rule` (name,delivery_sql_condition,removal_sql_condition,max_repeat,active_retrigger) VALUES ('30_ref_100_rule','select 1 as result;','select 1 as result;',NULL,NULL);
INSERT INTO `rule` (name,delivery_sql_condition,removal_sql_condition,max_repeat,active_retrigger) VALUES ('30_ref_101_rule','select 1 as result;','select 1 as result;',NULL,NULL);
INSERT INTO `rule` (name,delivery_sql_condition,removal_sql_condition,max_repeat,active_retrigger) VALUES ('30_ref_102_rule','select 1 as result;','select 1 as result;',NULL,NULL);
INSERT INTO `rule` (name,delivery_sql_condition,removal_sql_condition,max_repeat,active_retrigger) VALUES ('28_ref_100_rule','select 1 as result;','select 1 as result;',NULL,NULL);
INSERT INTO `rule` (name,delivery_sql_condition,removal_sql_condition,max_repeat,active_retrigger) VALUES ('28_ref_101_rule','select 1 as result;','select 1 as result;',NULL,NULL);
INSERT INTO `rule` (name,delivery_sql_condition,removal_sql_condition,max_repeat,active_retrigger) VALUES ('28_ref_102_rule','select 1 as result;','select 1 as result;',NULL,NULL);
INSERT INTO `rule` (name,delivery_sql_condition,removal_sql_condition,max_repeat,active_retrigger) VALUES ('28_ref_103_rule','select 1 as result;','select 1 as result;',NULL,NULL);
INSERT INTO `rule` (name,delivery_sql_condition,removal_sql_condition,max_repeat,active_retrigger) VALUES ('27_ref_100_rule','select 1 as result;','select 1 as result;',NULL,NULL);
INSERT INTO `rule` (name,delivery_sql_condition,removal_sql_condition,max_repeat,active_retrigger) VALUES ('27_ref_101_rule','select 1 as result;','select 1 as result;',NULL,NULL);
INSERT INTO `rule` (name,delivery_sql_condition,removal_sql_condition,max_repeat,active_retrigger) VALUES ('27_ref_102_rule','select 1 as result;','select 1 as result;',NULL,NULL);
INSERT INTO `rule` (name,delivery_sql_condition,removal_sql_condition,max_repeat,active_retrigger) VALUES ('27_ref_103_rule','select 1 as result;','select 1 as result;',NULL,NULL);
INSERT INTO `rule` (name,delivery_sql_condition,removal_sql_condition,max_repeat,active_retrigger) VALUES ('27_ref_104_rule','select 1 as result;','select 1 as result;',NULL,NULL);
INSERT INTO `rule` (name,delivery_sql_condition,removal_sql_condition,max_repeat,active_retrigger) VALUES ('20_ref_100_rule','select 1 as result;','select 1 as result;',NULL,NULL);
INSERT INTO `rule` (name,delivery_sql_condition,removal_sql_condition,max_repeat,active_retrigger) VALUES ('20_ref_101_rule','select 1 as result;','select 1 as result;',NULL,NULL);
INSERT INTO `rule` (name,delivery_sql_condition,removal_sql_condition,max_repeat,active_retrigger) VALUES ('20_ref_102_rule','select 1 as result;','select 1 as result;',NULL,NULL);
INSERT INTO `rule` (name,delivery_sql_condition,removal_sql_condition,max_repeat,active_retrigger) VALUES ('20_ref_103_rule','select 1 as result;','select 1 as result;',NULL,NULL);
INSERT INTO `rule` (name,delivery_sql_condition,removal_sql_condition,max_repeat,active_retrigger) VALUES ('18_ref_100_rule','select 1 as result;','select 1 as result;',NULL,NULL);
INSERT INTO `rule` (name,delivery_sql_condition,removal_sql_condition,max_repeat,active_retrigger) VALUES ('18_ref_101_rule','select 1 as result;','select 1 as result;',NULL,NULL);
INSERT INTO `rule` (name,delivery_sql_condition,removal_sql_condition,max_repeat,active_retrigger) VALUES ('18_ref_102_rule','select 1 as result;','select 1 as result;',NULL,NULL);
INSERT INTO `rule` (name,delivery_sql_condition,removal_sql_condition,max_repeat,active_retrigger) VALUES ('18_ref_103_rule','select 1 as result;','select 1 as result;',NULL,NULL);
INSERT INTO `rule` (name,delivery_sql_condition,removal_sql_condition,max_repeat,active_retrigger) VALUES ('11_ref_100_rule','select 1 as result;','select 1 as result;',NULL,NULL);
INSERT INTO `rule` (name,delivery_sql_condition,removal_sql_condition,max_repeat,active_retrigger) VALUES ('11_ref_101_rule','select 1 as result;','select 1 as result;',NULL,NULL);
INSERT INTO `rule` (name,delivery_sql_condition,removal_sql_condition,max_repeat,active_retrigger) VALUES ('9_ref_100_rule','select 1 as result;','select 1 as result;',NULL,NULL);
INSERT INTO `rule` (name,delivery_sql_condition,removal_sql_condition,max_repeat,active_retrigger) VALUES ('9_ref_101_rule','select 1 as result;','select 1 as result;',NULL,NULL);
INSERT INTO `rule` (name,delivery_sql_condition,removal_sql_condition,max_repeat,active_retrigger) VALUES ('5_ref_100_rule','select 1 as result;','select 1 as result;',NULL,NULL);
INSERT INTO `rule` (name,delivery_sql_condition,removal_sql_condition,max_repeat,active_retrigger) VALUES ('5_ref_101_rule','select 1 as result;','select 1 as result;',NULL,NULL);
INSERT INTO `rule` (name,delivery_sql_condition,removal_sql_condition,max_repeat,active_retrigger) VALUES ('5_ref_102_rule','select 1 as result;','select 1 as result;',NULL,NULL);
INSERT INTO `rule` (name,delivery_sql_condition,removal_sql_condition,max_repeat,active_retrigger) VALUES ('5_ref_103_rule','select 1 as result;','select 1 as result;',NULL,NULL);
INSERT INTO `rule` (name,delivery_sql_condition,removal_sql_condition,max_repeat,active_retrigger) VALUES ('5_ref_104_rule','select 1 as result;','select 1 as result;',NULL,NULL);
INSERT INTO `rule` (name,delivery_sql_condition,removal_sql_condition,max_repeat,active_retrigger) VALUES ('5_ref_105_rule','select 1 as result;','select 1 as result;',NULL,NULL);
INSERT INTO `rule` (name,delivery_sql_condition,removal_sql_condition,max_repeat,active_retrigger) VALUES ('5_ref_106_rule','select 1 as result;','select 1 as result;',NULL,NULL);
INSERT INTO `rule` (name,delivery_sql_condition,removal_sql_condition,max_repeat,active_retrigger) VALUES ('5_ref_107_rule','select 1 as result;','select 1 as result;',NULL,NULL);
INSERT INTO `rule` (name,delivery_sql_condition,removal_sql_condition,max_repeat,active_retrigger) VALUES ('5_ref_108_rule','select 1 as result;','select 1 as result;',NULL,NULL);
INSERT INTO `rule` (name,delivery_sql_condition,removal_sql_condition,max_repeat,active_retrigger) VALUES ('5_ref_109_rule','select 1 as result;','select 1 as result;',NULL,NULL);
INSERT INTO `rule` (name,delivery_sql_condition,removal_sql_condition,max_repeat,active_retrigger) VALUES ('5_ref_110_rule','select 1 as result;','select 1 as result;',NULL,NULL);
INSERT INTO `rule` (name,delivery_sql_condition,removal_sql_condition,max_repeat,active_retrigger) VALUES ('3_ref_100_rule','select 1 as result;','select 1 as result;',NULL,NULL);
INSERT INTO `rule` (name,delivery_sql_condition,removal_sql_condition,max_repeat,active_retrigger) VALUES ('3_ref_101_rule','select 1 as result;','select 1 as result;',NULL,NULL);
INSERT INTO `rule` (name,delivery_sql_condition,removal_sql_condition,max_repeat,active_retrigger) VALUES ('3_ref_102_rule','select 1 as result;','select 1 as result;',NULL,NULL);
INSERT INTO `rule` (name,delivery_sql_condition,removal_sql_condition,max_repeat,active_retrigger) VALUES ('3_ref_103_rule','select 1 as result;','select 1 as result;',NULL,NULL);
INSERT INTO `rule` (name,delivery_sql_condition,removal_sql_condition,max_repeat,active_retrigger) VALUES ('3_ref_104_rule','select 1 as result;','select 1 as result;',NULL,NULL);
INSERT INTO `rule` (name,delivery_sql_condition,removal_sql_condition,max_repeat,active_retrigger) VALUES ('3_ref_105_rule','select 1 as result;','select 1 as result;',NULL,NULL);
CREATE TABLE "intervention" (
	`name`	TEXT NOT NULL,
	`max_repeat`	INTEGER,
	`function`	BLOB NOT NULL,
	`arguments`	BLOB,
	`delivery_delay`	INTEGER,
	`transition_in`	INTEGER,
	`transition_out`	INTEGER,
	PRIMARY KEY(`name`)
);
INSERT INTO `intervention` (name,max_repeat,function,arguments,delivery_delay,transition_in,transition_out) VALUES ('62_bar_1_intervention','','highlightVisOnly','{"type": "reference", "id": 1, "bold": true, "bold_thickness": 1, "desat": true, "color": "green", "arrow": false}',0,500,500);
INSERT INTO `intervention` (name,max_repeat,function,arguments,delivery_delay,transition_in,transition_out) VALUES ('62_bar_2_intervention','','highlightVisOnly','{"type": "reference", "id":3, "bold": true, "bold_thickness": 1, "desat": true, "color": "green", "arrow": false}
',0,500,500);
INSERT INTO `intervention` (name,max_repeat,function,arguments,delivery_delay,transition_in,transition_out) VALUES ('62_bar_3_intervention','','highlightVisOnly','{"type": "reference", "id":2, "bold": true, "bold_thickness": 1, "desat": true, "color": "green", "arrow": false}',0,500,500);
INSERT INTO `intervention` (name,max_repeat,function,arguments,delivery_delay,transition_in,transition_out) VALUES ('62_bar_5_intervention','','highlightVisOnly','{"type": "reference", "id": 4, "bold": true, "bold_thickness": 1, "desat": true, "color": "green", "arrow": false}',0,500,500);
INSERT INTO `intervention` (name,max_repeat,function,arguments,delivery_delay,transition_in,transition_out) VALUES ('62_bar_4_intervention','','highlightVisOnly','{"type": "reference", "id": 5, "bold": true, "bold_thickness": 1, "desat": true, "color": "green", "arrow": false}',0,500,500);
INSERT INTO `intervention` (name,max_repeat,function,arguments,delivery_delay,transition_in,transition_out) VALUES ('62_bar_6_intervention','','highlightVisOnly','{"type": "reference", "id": 6, "bold": true, "bold_thickness": 1, "desat": true, "color": "green", "arrow": false}',0,500,500);
INSERT INTO `intervention` (name,max_repeat,function,arguments,delivery_delay,transition_in,transition_out) VALUES ('60_bar_1_intervention','','highlightVisOnly','{"type": "reference", "id": 3, "bold": true, "bold_thickness": 1, "desat": true, "color": "green", "arrow": false}',0,500,500);
INSERT INTO `intervention` (name,max_repeat,function,arguments,delivery_delay,transition_in,transition_out) VALUES ('60_bar_2_intervention','','highlightVisOnly','{"type": "reference", "id": 8, "bold": true, "bold_thickness": 1, "desat": true, "color": "green", "arrow": false}',0,500,500);
INSERT INTO `intervention` (name,max_repeat,function,arguments,delivery_delay,transition_in,transition_out) VALUES ('60_bar_3_intervention','','highlightVisOnly','{"type": "reference", "id": 4, "bold": true, "bold_thickness": 1, "desat": true, "color": "green", "arrow": false}',0,500,500);
INSERT INTO `intervention` (name,max_repeat,function,arguments,delivery_delay,transition_in,transition_out) VALUES ('60_bar_4_intervention','','highlightVisOnly','{"type": "reference", "id": 6, "bold": true, "bold_thickness": 1, "desat": true, "color": "green", "arrow": false}',0,500,500);
INSERT INTO `intervention` (name,max_repeat,function,arguments,delivery_delay,transition_in,transition_out) VALUES ('60_bar_5_intervention','','highlightVisOnly','{"type": "reference", "id": 1, "bold": true, "bold_thickness": 1, "desat": true, "color": "green", "arrow": false}',0,500,500);
INSERT INTO `intervention` (name,max_repeat,function,arguments,delivery_delay,transition_in,transition_out) VALUES ('60_bar_6_intervention','','highlightVisOnly','{"type": "reference", "id": 10, "bold": true, "bold_thickness": 1, "desat": true, "color": "green", "arrow": false}',0,500,500);
INSERT INTO `intervention` (name,max_repeat,function,arguments,delivery_delay,transition_in,transition_out) VALUES ('60_bar_7_intervention','','highlightVisOnly','{"type": "reference", "id": 2, "bold": true, "bold_thickness": 1, "desat": true, "color": "green", "arrow": false}',0,500,500);
INSERT INTO `intervention` (name,max_repeat,function,arguments,delivery_delay,transition_in,transition_out) VALUES ('60_bar_8_intervention','','highlightVisOnly','{"type": "reference", "id": 7, "bold": true, "bold_thickness": 1, "desat": true, "color": "green", "arrow": false}',0,500,500);
INSERT INTO `intervention` (name,max_repeat,function,arguments,delivery_delay,transition_in,transition_out) VALUES ('60_bar_9_intervention','','highlightVisOnly','{"type": "reference", "id": 5, "bold": true, "bold_thickness": 1, "desat": true, "color": "green", "arrow": false}',0,500,500);
INSERT INTO `intervention` (name,max_repeat,function,arguments,delivery_delay,transition_in,transition_out) VALUES ('60_bar_10_intervention',NULL,'highlightVisOnly','{"type": "reference", "id": 9, "bold": true, "bold_thickness": 1, "desat": true, "color": "green", "arrow": false}',0,500,500);
INSERT INTO `intervention` (name,max_repeat,function,arguments,delivery_delay,transition_in,transition_out) VALUES ('66_bar_1_intervention',NULL,'highlightVisOnly','{"type": "reference", "id": 1, "bold": true, "bold_thickness": 1, "desat": true, "color": "green", "arrow": false}',0,500,500);
INSERT INTO `intervention` (name,max_repeat,function,arguments,delivery_delay,transition_in,transition_out) VALUES ('66_bar_2_intervention',NULL,'highlightVisOnly','{"type": "reference", "id": 2, "bold": true, "bold_thickness": 1, "desat": true, "color": "green", "arrow": false}',0,500,500);
INSERT INTO `intervention` (name,max_repeat,function,arguments,delivery_delay,transition_in,transition_out) VALUES ('66_bar_3_intervention',NULL,'highlightVisOnly','{"type": "reference", "id": 7, "bold": true, "bold_thickness": 1, "desat": true, "color": "green", "arrow": false}',0,500,500);
INSERT INTO `intervention` (name,max_repeat,function,arguments,delivery_delay,transition_in,transition_out) VALUES ('66_bar_4_intervention',NULL,'highlightVisOnly','{"type": "reference", "id": 6, "bold": true, "bold_thickness": 1, "desat": true, "color": "green", "arrow": false}',0,500,500);
INSERT INTO `intervention` (name,max_repeat,function,arguments,delivery_delay,transition_in,transition_out) VALUES ('72_bar_1_intervention',NULL,'highlightVisOnly','{"type": "reference", "id": 2, "bold": true, "bold_thickness": 1, "desat": true, "color": "green", "arrow": false}',0,500,500);
INSERT INTO `intervention` (name,max_repeat,function,arguments,delivery_delay,transition_in,transition_out) VALUES ('72_bar_2_intervention',NULL,'highlightVisOnly','{"type": "reference", "id": 19, "bold": true, "bold_thickness": 1, "desat": true, "color": "green", "arrow": false}',0,500,500);
INSERT INTO `intervention` (name,max_repeat,function,arguments,delivery_delay,transition_in,transition_out) VALUES ('72_bar_3_intervention',NULL,'highlightVisOnly','{"type": "reference", "id": 22, "bold": true, "bold_thickness": 1, "desat": true, "color": "green", "arrow": false}',0,500,500);
INSERT INTO `intervention` (name,max_repeat,function,arguments,delivery_delay,transition_in,transition_out) VALUES ('74_bar_1_intervention','','highlightVisOnly','{"type": "reference", "id": 1, "bold": true, "bold_thickness": 1, "desat": true, "color": "green", "arrow": false}',0,500,500);
INSERT INTO `intervention` (name,max_repeat,function,arguments,delivery_delay,transition_in,transition_out) VALUES ('74_bar_2_intervention','','highlightVisOnly','{"type": "reference", "id": 2, "bold": true, "bold_thickness": 1, "desat": true, "color": "green", "arrow": false}',0,500,500);
INSERT INTO `intervention` (name,max_repeat,function,arguments,delivery_delay,transition_in,transition_out) VALUES ('74_bar_3_intervention','','highlightVisOnly','{"type": "reference", "id": 3, "bold": true, "bold_thickness": 1, "desat": true, "color": "green", "arrow": false}',0,500,500);
INSERT INTO `intervention` (name,max_repeat,function,arguments,delivery_delay,transition_in,transition_out) VALUES ('76_bar_1_intervention',NULL,'highlightVisOnly','{"type": "reference", "id": 5, "bold": true, "bold_thickness": 1, "desat": true, "color": "green", "arrow": false}',0,500,500);
INSERT INTO `intervention` (name,max_repeat,function,arguments,delivery_delay,transition_in,transition_out) VALUES ('76_bar_2_intervention',NULL,'highlightVisOnly','{"type": "reference", "id": 4, "bold": true, "bold_thickness": 1, "desat": true, "color": "green", "arrow": false}',0,500,500);
INSERT INTO `intervention` (name,max_repeat,function,arguments,delivery_delay,transition_in,transition_out) VALUES ('76_bar_3_intervention',NULL,'highlightVisOnly','{"type": "reference", "id": 2, "bold": true, "bold_thickness": 1, "desat": true, "color": "green", "arrow": false}',0,500,500);
INSERT INTO `intervention` (name,max_repeat,function,arguments,delivery_delay,transition_in,transition_out) VALUES ('76_bar_4_intervention',NULL,'highlightVisOnly','{"type": "reference", "id": 1, "bold": true, "bold_thickness": 1, "desat": true, "color": "green", "arrow": false}',0,500,500);
INSERT INTO `intervention` (name,max_repeat,function,arguments,delivery_delay,transition_in,transition_out) VALUES ('30_bar_1_intervention',NULL,'highlightVisOnly','{"type": "reference", "id": 32, "bold": true, "bold_thickness": 1, "desat": true, "color": "green", "arrow": false}',0,500,500);
INSERT INTO `intervention` (name,max_repeat,function,arguments,delivery_delay,transition_in,transition_out) VALUES ('30_bar_2_intervention',NULL,'highlightVisOnly','{"type": "reference", "id": 2, "bold": true, "bold_thickness": 1, "desat": true, "color": "green", "arrow": false}',0,500,500);
INSERT INTO `intervention` (name,max_repeat,function,arguments,delivery_delay,transition_in,transition_out) VALUES ('30_bar_3_intervention',NULL,'highlightVisOnly','{"type": "reference", "id": 34, "bold": true, "bold_thickness": 1, "desat": true, "color": "green", "arrow": false}',0,500,500);
INSERT INTO `intervention` (name,max_repeat,function,arguments,delivery_delay,transition_in,transition_out) VALUES ('30_bar_4_intervention',NULL,'highlightVisOnly','{"type": "reference", "id": 54, "bold": true, "bold_thickness": 1, "desat": true, "color": "green", "arrow": false}',0,500,500);
INSERT INTO `intervention` (name,max_repeat,function,arguments,delivery_delay,transition_in,transition_out) VALUES ('30_bar_5_intervention',NULL,'highlightVisOnly','{"type": "reference", "id": 46, "bold": true, "bold_thickness": 1, "desat": true, "color": "green", "arrow": false}',0,500,500);
INSERT INTO `intervention` (name,max_repeat,function,arguments,delivery_delay,transition_in,transition_out) VALUES ('30_bar_6_intervention',NULL,'highlightVisOnly','{"type": "reference", "id": 56, "bold": true, "bold_thickness": 1, "desat": true, "color": "green", "arrow": false}',0,500,500);
INSERT INTO `intervention` (name,max_repeat,function,arguments,delivery_delay,transition_in,transition_out) VALUES ('30_bar_7_intervention',NULL,'highlightVisOnly','{"type": "reference", "id": 5, "bold": true, "bold_thickness": 1, "desat": true, "color": "green", "arrow": false}',0,500,500);
INSERT INTO `intervention` (name,max_repeat,function,arguments,delivery_delay,transition_in,transition_out) VALUES ('30_bar_8_intervention',NULL,'highlightVisOnly','{"type": "reference", "id": 7, "bold": true, "bold_thickness": 1, "desat": true, "color": "green", "arrow": false}',0,500,500);
INSERT INTO `intervention` (name,max_repeat,function,arguments,delivery_delay,transition_in,transition_out) VALUES ('30_bar_9_intervention',NULL,'highlightVisOnly','{"type": "reference", "id": 9, "bold": true, "bold_thickness": 1, "desat": true, "color": "green", "arrow": false}',0,500,500);
INSERT INTO `intervention` (name,max_repeat,function,arguments,delivery_delay,transition_in,transition_out) VALUES ('30_bar_10_intervention',NULL,'highlightVisOnly','{"type": "reference", "id": 11, "bold": true, "bold_thickness": 1, "desat": true, "color": "green", "arrow": false}',0,500,500);
INSERT INTO `intervention` (name,max_repeat,function,arguments,delivery_delay,transition_in,transition_out) VALUES ('30_bar_11_intervention',NULL,'highlightVisOnly','{"type": "reference", "id": 36, "bold": true, "bold_thickness": 1, "desat": true, "color": "green", "arrow": false}',0,500,500);
INSERT INTO `intervention` (name,max_repeat,function,arguments,delivery_delay,transition_in,transition_out) VALUES ('30_bar_12_intervention',NULL,'highlightVisOnly','{"type": "reference", "id": 38, "bold": true, "bold_thickness": 1, "desat": true, "color": "green", "arrow": false}',0,500,500);
INSERT INTO `intervention` (name,max_repeat,function,arguments,delivery_delay,transition_in,transition_out) VALUES ('30_bar_13_intervention',NULL,'highlightVisOnly','{"type": "reference", "id": 40, "bold": true, "bold_thickness": 1, "desat": true, "color": "green", "arrow": false}',0,500,500);
INSERT INTO `intervention` (name,max_repeat,function,arguments,delivery_delay,transition_in,transition_out) VALUES ('28_bar_1_intervention',NULL,'highlightVisOnly','{"type": "reference", "id": 4, "bold": true, "bold_thickness": 1, "desat": true, "color": "green", "arrow": false}',0,500,500);
INSERT INTO `intervention` (name,max_repeat,function,arguments,delivery_delay,transition_in,transition_out) VALUES ('28_bar_2_intervention',NULL,'highlightVisOnly','{"type": "reference", "id": 1, "bold": true, "bold_thickness": 1, "desat": true, "color": "green", "arrow": false}',0,500,500);
INSERT INTO `intervention` (name,max_repeat,function,arguments,delivery_delay,transition_in,transition_out) VALUES ('28_bar_3_intervention',NULL,'highlightVisOnly','{"type": "reference", "id": 10, "bold": true, "bold_thickness": 1, "desat": true, "color": "green", "arrow": false}',0,500,500);
INSERT INTO `intervention` (name,max_repeat,function,arguments,delivery_delay,transition_in,transition_out) VALUES ('28_bar_4_intervention',NULL,'highlightVisOnly','{"type": "reference", "id": 7, "bold": true, "bold_thickness": 1, "desat": true, "color": "green", "arrow": false}',0,500,500);
INSERT INTO `intervention` (name,max_repeat,function,arguments,delivery_delay,transition_in,transition_out) VALUES ('28_bar_5_intervention',NULL,'highlightVisOnly','{"type": "reference", "id": 31, "bold": true, "bold_thickness": 1, "desat": true, "color": "green", "arrow": false}',0,500,500);
INSERT INTO `intervention` (name,max_repeat,function,arguments,delivery_delay,transition_in,transition_out) VALUES ('28_bar_6_intervention',NULL,'highlightVisOnly','{"type": "reference", "id": 41, "bold": true, "bold_thickness": 1, "desat": true, "color": "green", "arrow": false}',0,500,500);
INSERT INTO `intervention` (name,max_repeat,function,arguments,delivery_delay,transition_in,transition_out) VALUES ('28_bar_7_intervention',NULL,'highlightVisOnly','{"type": "reference", "id": 45, "bold": true, "bold_thickness": 1, "desat": true, "color": "green", "arrow": false}',0,500,500);
INSERT INTO `intervention` (name,max_repeat,function,arguments,delivery_delay,transition_in,transition_out) VALUES ('28_bar_8_intervention',NULL,'highlightVisOnly','{"type": "reference", "id": 50, "bold": true, "bold_thickness": 1, "desat": true, "color": "green", "arrow": false}',0,500,500);
INSERT INTO `intervention` (name,max_repeat,function,arguments,delivery_delay,transition_in,transition_out) VALUES ('28_bar_9_intervention',NULL,'highlightVisOnly','{"type": "reference", "id": 53, "bold": true, "bold_thickness": 1, "desat": true, "color": "green", "arrow": false}',0,500,500);
INSERT INTO `intervention` (name,max_repeat,function,arguments,delivery_delay,transition_in,transition_out) VALUES ('28_bar_10_intervention',NULL,'highlightVisOnly','{"type": "reference", "id": 56, "bold": true, "bold_thickness": 1, "desat": true, "color": "green", "arrow": false}',0,500,500);
INSERT INTO `intervention` (name,max_repeat,function,arguments,delivery_delay,transition_in,transition_out) VALUES ('28_bar_11_intervention',NULL,'highlightVisOnly','{"type": "reference", "id": 59, "bold": true, "bold_thickness": 1, "desat": true, "color": "green", "arrow": false}',0,500,500);
INSERT INTO `intervention` (name,max_repeat,function,arguments,delivery_delay,transition_in,transition_out) VALUES ('28_bar_12_intervention',NULL,'highlightVisOnly','{"type": "reference", "id": 62, "bold": true, "bold_thickness": 1, "desat": true, "color": "green", "arrow": false}',0,500,500);
INSERT INTO `intervention` (name,max_repeat,function,arguments,delivery_delay,transition_in,transition_out) VALUES ('28_bar_13_intervention',NULL,'highlightVisOnly','{"type": "reference", "id": 65, "bold": true, "bold_thickness": 1, "desat": true, "color": "green", "arrow": false}',0,500,500);
INSERT INTO `intervention` (name,max_repeat,function,arguments,delivery_delay,transition_in,transition_out) VALUES ('28_bar_14_intervention',NULL,'highlightVisOnly','{"type": "reference", "id": 72, "bold": true, "bold_thickness": 1, "desat": true, "color": "green", "arrow": false}',0,500,500);
INSERT INTO `intervention` (name,max_repeat,function,arguments,delivery_delay,transition_in,transition_out) VALUES ('28_bar_15_intervention',NULL,'highlightVisOnly','{"type": "reference", "id": 68, "bold": true, "bold_thickness": 1, "desat": true, "color": "green", "arrow": false}',0,500,500);
INSERT INTO `intervention` (name,max_repeat,function,arguments,delivery_delay,transition_in,transition_out) VALUES ('27_bar_1_intervention',NULL,'highlightVisOnly','{"type": "reference", "id": 92, "bold": true, "bold_thickness": 1, "desat": true, "color": "green", "arrow": false}',0,500,500);
INSERT INTO `intervention` (name,max_repeat,function,arguments,delivery_delay,transition_in,transition_out) VALUES ('27_bar_2_intervention',NULL,'highlightVisOnly','{"type": "reference", "id": 89, "bold": true, "bold_thickness": 1, "desat": true, "color": "green", "arrow": false}',0,500,500);
INSERT INTO `intervention` (name,max_repeat,function,arguments,delivery_delay,transition_in,transition_out) VALUES ('27_bar_3_intervention',NULL,'highlightVisOnly','{"type": "reference", "id": 5, "bold": true, "bold_thickness": 1, "desat": true, "color": "green", "arrow": false}',0,500,500);
INSERT INTO `intervention` (name,max_repeat,function,arguments,delivery_delay,transition_in,transition_out) VALUES ('27_bar_4_intervention',NULL,'highlightVisOnly','{"type": "reference", "id": 9, "bold": true, "bold_thickness": 1, "desat": true, "color": "green", "arrow": false}',0,500,500);
INSERT INTO `intervention` (name,max_repeat,function,arguments,delivery_delay,transition_in,transition_out) VALUES ('27_bar_5_intervention',NULL,'highlightVisOnly','{"type": "reference", "id": 13, "bold": true, "bold_thickness": 1, "desat": true, "color": "green", "arrow": false}',0,500,500);
INSERT INTO `intervention` (name,max_repeat,function,arguments,delivery_delay,transition_in,transition_out) VALUES ('27_bar_6_intervention',NULL,'highlightVisOnly','{"type": "reference", "id": 18, "bold": true, "bold_thickness": 1, "desat": true, "color": "green", "arrow": false}',0,500,500);
INSERT INTO `intervention` (name,max_repeat,function,arguments,delivery_delay,transition_in,transition_out) VALUES ('27_bar_7_intervention',NULL,'highlightVisOnly','{"type": "reference", "id": 21, "bold": true, "bold_thickness": 1, "desat": true, "color": "green", "arrow": false}',0,500,500);
INSERT INTO `intervention` (name,max_repeat,function,arguments,delivery_delay,transition_in,transition_out) VALUES ('27_bar_8_intervention',NULL,'highlightVisOnly','{"type": "reference", "id": 26, "bold": true, "bold_thickness": 1, "desat": true, "color": "green", "arrow": false}',0,500,500);
INSERT INTO `intervention` (name,max_repeat,function,arguments,delivery_delay,transition_in,transition_out) VALUES ('27_bar_9_intervention',NULL,'highlightVisOnly','{"type": "reference", "id": 30, "bold": true, "bold_thickness": 1, "desat": true, "color": "green", "arrow": false}',0,500,500);
INSERT INTO `intervention` (name,max_repeat,function,arguments,delivery_delay,transition_in,transition_out) VALUES ('27_bar_10_intervention',NULL,'highlightVisOnly','{"type": "reference", "id": 33, "bold": true, "bold_thickness": 1, "desat": true, "color": "green", "arrow": false}',0,500,500);
INSERT INTO `intervention` (name,max_repeat,function,arguments,delivery_delay,transition_in,transition_out) VALUES ('27_bar_11_intervention',NULL,'highlightVisOnly','{"type": "reference", "id": 57, "bold": true, "bold_thickness": 1, "desat": true, "color": "green", "arrow": false}',0,500,500);
INSERT INTO `intervention` (name,max_repeat,function,arguments,delivery_delay,transition_in,transition_out) VALUES ('27_bar_12_intervention',NULL,'highlightVisOnly','{"type": "reference", "id": 63, "bold": true, "bold_thickness": 1, "desat": true, "color": "green", "arrow": false}',0,500,500);
INSERT INTO `intervention` (name,max_repeat,function,arguments,delivery_delay,transition_in,transition_out) VALUES ('27_bar_13_intervention',NULL,'highlightVisOnly','{"type": "reference", "id": 68, "bold": true, "bold_thickness": 1, "desat": true, "color": "green", "arrow": false}',0,500,500);
INSERT INTO `intervention` (name,max_repeat,function,arguments,delivery_delay,transition_in,transition_out) VALUES ('27_bar_14_intervention',NULL,'highlightVisOnly','{"type": "reference", "id": 73, "bold": true, "bold_thickness": 1, "desat": true, "color": "green", "arrow": false}',0,500,500);
INSERT INTO `intervention` (name,max_repeat,function,arguments,delivery_delay,transition_in,transition_out) VALUES ('27_bar_15_intervention',NULL,'highlightVisOnly','{"type": "reference", "id": 76, "bold": true, "bold_thickness": 1, "desat": true, "color": "green", "arrow": false}',0,500,500);
INSERT INTO `intervention` (name,max_repeat,function,arguments,delivery_delay,transition_in,transition_out) VALUES ('20_bar_1_intervention',NULL,'highlightVisOnly','{"type": "reference", "id": 2, "bold": true, "bold_thickness": 1, "desat": true, "color": "green", "arrow": false}',0,500,500);
INSERT INTO `intervention` (name,max_repeat,function,arguments,delivery_delay,transition_in,transition_out) VALUES ('20_bar_2_intervention',NULL,'highlightVisOnly','{"type": "reference", "id": 4, "bold": true, "bold_thickness": 1, "desat": true, "color": "green", "arrow": false}',0,500,500);
INSERT INTO `intervention` (name,max_repeat,function,arguments,delivery_delay,transition_in,transition_out) VALUES ('20_bar_3_intervention',NULL,'highlightVisOnly','{"type": "reference", "id": 5, "bold": true, "bold_thickness": 1, "desat": true, "color": "green", "arrow": false}',0,500,500);
INSERT INTO `intervention` (name,max_repeat,function,arguments,delivery_delay,transition_in,transition_out) VALUES ('20_bar_4_intervention',NULL,'highlightVisOnly','{"type": "reference", "id": 3, "bold": true, "bold_thickness": 1, "desat": true, "color": "green", "arrow": false}',0,500,500);
INSERT INTO `intervention` (name,max_repeat,function,arguments,delivery_delay,transition_in,transition_out) VALUES ('18_bar_1_intervention',NULL,'highlightVisOnly','{"type": "reference", "id": 3, "bold": true, "bold_thickness": 1, "desat": true, "color": "green", "arrow": false}',0,500,500);
INSERT INTO `intervention` (name,max_repeat,function,arguments,delivery_delay,transition_in,transition_out) VALUES ('18_bar_2_intervention',NULL,'highlightVisOnly','{"type": "reference", "id": 6, "bold": true, "bold_thickness": 1, "desat": true, "color": "green", "arrow": false}',0,500,500);
INSERT INTO `intervention` (name,max_repeat,function,arguments,delivery_delay,transition_in,transition_out) VALUES ('18_bar_6_intervention',NULL,'highlightVisOnly','{"type": "reference", "id": 7, "bold": true, "bold_thickness": 1, "desat": true, "color": "green", "arrow": false}',0,500,500);
INSERT INTO `intervention` (name,max_repeat,function,arguments,delivery_delay,transition_in,transition_out) VALUES ('18_bar_3_intervention',NULL,'highlightVisOnly','{"type": "reference", "id": 10, "bold": true, "bold_thickness": 1, "desat": true, "color": "green", "arrow": false}',0,500,500);
INSERT INTO `intervention` (name,max_repeat,function,arguments,delivery_delay,transition_in,transition_out) VALUES ('18_bar_4_intervention',NULL,'highlightVisOnly','{"type": "reference", "id": 11, "bold": true, "bold_thickness": 1, "desat": true, "color": "green", "arrow": false}',0,500,500);
INSERT INTO `intervention` (name,max_repeat,function,arguments,delivery_delay,transition_in,transition_out) VALUES ('18_bar_5_intervention',NULL,'highlightVisOnly','{"type": "reference", "id": 12, "bold": true, "bold_thickness": 1, "desat": true, "color": "green", "arrow": false}',0,500,500);
INSERT INTO `intervention` (name,max_repeat,function,arguments,delivery_delay,transition_in,transition_out) VALUES ('18_bar_7_intervention',NULL,'highlightVisOnly','{"type": "reference", "id": 8, "bold": true, "bold_thickness": 1, "desat": true, "color": "green", "arrow": false}',0,500,500);
INSERT INTO `intervention` (name,max_repeat,function,arguments,delivery_delay,transition_in,transition_out) VALUES ('18_bar_8_intervention',NULL,'highlightVisOnly','{"type": "reference", "id": 9, "bold": true, "bold_thickness": 1, "desat": true, "color": "green", "arrow": false}',0,500,500);
INSERT INTO `intervention` (name,max_repeat,function,arguments,delivery_delay,transition_in,transition_out) VALUES ('18_bar_9_intervention',NULL,'highlightVisOnly','{"type": "reference", "id": 2, "bold": true, "bold_thickness": 1, "desat": true, "color": "green", "arrow": false}',0,500,500);
INSERT INTO `intervention` (name,max_repeat,function,arguments,delivery_delay,transition_in,transition_out) VALUES ('11_bar_1_intervention',NULL,'highlightVisOnly','{"type": "reference", "id": 5, "bold": true, "bold_thickness": 1, "desat": true, "color": "green", "arrow": false}',0,500,500);
INSERT INTO `intervention` (name,max_repeat,function,arguments,delivery_delay,transition_in,transition_out) VALUES ('11_bar_2_intervention',NULL,'highlightVisOnly','{"type": "reference", "id": 16, "bold": true, "bold_thickness": 1, "desat": true, "color": "green", "arrow": false}',0,500,500);
INSERT INTO `intervention` (name,max_repeat,function,arguments,delivery_delay,transition_in,transition_out) VALUES ('9_bar_1_intervention',NULL,'highlightVisOnly','{"type": "reference", "id": 15, "bold": true, "bold_thickness": 1, "desat": true, "color": "green", "arrow": false}',0,500,500);
INSERT INTO `intervention` (name,max_repeat,function,arguments,delivery_delay,transition_in,transition_out) VALUES ('9_bar_2_intervention',NULL,'highlightVisOnly','{"type": "reference", "id": 9, "bold": true, "bold_thickness": 1, "desat": true, "color": "green", "arrow": false}',0,500,500);
INSERT INTO `intervention` (name,max_repeat,function,arguments,delivery_delay,transition_in,transition_out) VALUES ('9_bar_3_intervention',NULL,'highlightVisOnly','{"type": "reference", "id": 1, "bold": true, "bold_thickness": 1, "desat": true, "color": "green", "arrow": false}',0,500,500);
INSERT INTO `intervention` (name,max_repeat,function,arguments,delivery_delay,transition_in,transition_out) VALUES ('9_bar_4_intervention',NULL,'highlightVisOnly','{"type": "reference", "id": 5, "bold": true, "bold_thickness": 1, "desat": true, "color": "green", "arrow": false}',0,500,500);
INSERT INTO `intervention` (name,max_repeat,function,arguments,delivery_delay,transition_in,transition_out) VALUES ('5_bar_5_intervention',NULL,'highlightVisOnly','{"type": "reference", "id": 19, "bold": true, "bold_thickness": 1, "desat": true, "color": "green", "arrow": false}',0,500,500);
INSERT INTO `intervention` (name,max_repeat,function,arguments,delivery_delay,transition_in,transition_out) VALUES ('5_bar_4_intervention',NULL,'highlightVisOnly','{"type": "reference", "id": 16, "bold": true, "bold_thickness": 1, "desat": true, "color": "green", "arrow": false}',0,500,500);
INSERT INTO `intervention` (name,max_repeat,function,arguments,delivery_delay,transition_in,transition_out) VALUES ('5_bar_3_intervention',NULL,'highlightVisOnly','{"type": "reference", "id": 6, "bold": true, "bold_thickness": 1, "desat": true, "color": "green", "arrow": false}',0,500,500);
INSERT INTO `intervention` (name,max_repeat,function,arguments,delivery_delay,transition_in,transition_out) VALUES ('5_bar_2_intervention',NULL,'highlightVisOnly','{"type": "reference", "id": 10, "bold": true, "bold_thickness": 1, "desat": true, "color": "green", "arrow": false}',0,500,500);
INSERT INTO `intervention` (name,max_repeat,function,arguments,delivery_delay,transition_in,transition_out) VALUES ('5_bar_1_intervention',NULL,'highlightVisOnly','{"type": "reference", "id": 1, "bold": true, "bold_thickness": 1, "desat": true, "color": "green", "arrow": false}',0,500,500);
INSERT INTO `intervention` (name,max_repeat,function,arguments,delivery_delay,transition_in,transition_out) VALUES ('5_bar_6_intervention',NULL,'highlightVisOnly','{"type": "reference", "id": 24, "bold": true, "bold_thickness": 1, "desat": true, "color": "green", "arrow": false}',0,500,500);
INSERT INTO `intervention` (name,max_repeat,function,arguments,delivery_delay,transition_in,transition_out) VALUES ('5_bar_7_intervention',NULL,'highlightVisOnly','{"type": "reference", "id": 28, "bold": true, "bold_thickness": 1, "desat": true, "color": "green", "arrow": false}',0,500,500);
INSERT INTO `intervention` (name,max_repeat,function,arguments,delivery_delay,transition_in,transition_out) VALUES ('5_bar_8_intervention',NULL,'highlightVisOnly','{"type": "reference", "id": 33, "bold": true, "bold_thickness": 1, "desat": true, "color": "green", "arrow": false}',0,500,500);
INSERT INTO `intervention` (name,max_repeat,function,arguments,delivery_delay,transition_in,transition_out) VALUES ('5_bar_9_intervention',NULL,'highlightVisOnly','{"type": "reference", "id": 37, "bold": true, "bold_thickness": 1, "desat": true, "color": "green", "arrow": false}',0,500,500);
INSERT INTO `intervention` (name,max_repeat,function,arguments,delivery_delay,transition_in,transition_out) VALUES ('5_bar_10_intervention',NULL,'highlightVisOnly','{"type": "reference", "id": 41, "bold": true, "bold_thickness": 1, "desat": true, "color": "green", "arrow": false}',0,500,500);
INSERT INTO `intervention` (name,max_repeat,function,arguments,delivery_delay,transition_in,transition_out) VALUES ('5_bar_11_intervention',NULL,'highlightVisOnly','{"type": "reference", "id": 44, "bold": true, "bold_thickness": 1, "desat": true, "color": "green", "arrow": false}',0,500,500);
INSERT INTO `intervention` (name,max_repeat,function,arguments,delivery_delay,transition_in,transition_out) VALUES ('5_bar_12_intervention',NULL,'highlightVisOnly','{"type": "reference", "id": 49, "bold": true, "bold_thickness": 1, "desat": true, "color": "green", "arrow": false}',0,500,500);
INSERT INTO `intervention` (name,max_repeat,function,arguments,delivery_delay,transition_in,transition_out) VALUES ('5_bar_13_intervention',NULL,'highlightVisOnly','{"type": "reference", "id": 23, "bold": true, "bold_thickness": 1, "desat": true, "color": "green", "arrow": false}',0,500,500);
INSERT INTO `intervention` (name,max_repeat,function,arguments,delivery_delay,transition_in,transition_out) VALUES ('5_bar_14_intervention',NULL,'highlightVisOnly','{"type": "reference", "id": 26, "bold": true, "bold_thickness": 1, "desat": true, "color": "green", "arrow": false}',0,500,500);
INSERT INTO `intervention` (name,max_repeat,function,arguments,delivery_delay,transition_in,transition_out) VALUES ('5_bar_15_intervention',NULL,'highlightVisOnly','{"type": "reference", "id": 27, "bold": true, "bold_thickness": 1, "desat": true, "color": "green", "arrow": false}',0,500,500);
INSERT INTO `intervention` (name,max_repeat,function,arguments,delivery_delay,transition_in,transition_out) VALUES ('5_bar_16_intervention',NULL,'highlightVisOnly','{"type": "reference", "id": 30, "bold": true, "bold_thickness": 1, "desat": true, "color": "green", "arrow": false}',0,500,500);
INSERT INTO `intervention` (name,max_repeat,function,arguments,delivery_delay,transition_in,transition_out) VALUES ('5_bar_17_intervention',NULL,'highlightVisOnly','{"type": "reference", "id": 40, "bold": true, "bold_thickness": 1, "desat": true, "color": "green", "arrow": false}',0,500,500);
INSERT INTO `intervention` (name,max_repeat,function,arguments,delivery_delay,transition_in,transition_out) VALUES ('5_bar_18_intervention',NULL,'highlightVisOnly','{"type": "reference", "id": 42, "bold": true, "bold_thickness": 1, "desat": true, "color": "green", "arrow": false}',0,500,500);
INSERT INTO `intervention` (name,max_repeat,function,arguments,delivery_delay,transition_in,transition_out) VALUES ('5_bar_19_intervention',NULL,'highlightVisOnly','{"type": "reference", "id": 43, "bold": true, "bold_thickness": 1, "desat": true, "color": "green", "arrow": false}',0,500,500);
INSERT INTO `intervention` (name,max_repeat,function,arguments,delivery_delay,transition_in,transition_out) VALUES ('5_bar_20_intervention',NULL,'highlightVisOnly','{"type": "reference", "id": 46, "bold": true, "bold_thickness": 1, "desat": true, "color": "green", "arrow": false}',0,500,500);
INSERT INTO `intervention` (name,max_repeat,function,arguments,delivery_delay,transition_in,transition_out) VALUES ('5_bar_21_intervention',NULL,'highlightVisOnly','{"type": "reference", "id": 47, "bold": true, "bold_thickness": 1, "desat": true, "color": "green", "arrow": false}',0,500,500);
INSERT INTO `intervention` (name,max_repeat,function,arguments,delivery_delay,transition_in,transition_out) VALUES ('5_bar_22_intervention',NULL,'highlightVisOnly','{"type": "reference", "id": 51, "bold": true, "bold_thickness": 1, "desat": true, "color": "green", "arrow": false}',0,500,500);
INSERT INTO `intervention` (name,max_repeat,function,arguments,delivery_delay,transition_in,transition_out) VALUES ('3_bar_1_intervention',NULL,'highlightVisOnly','{"type": "reference", "id": 9, "bold": true, "bold_thickness": 1, "desat": true, "color": "green", "arrow": false}',0,500,500);
INSERT INTO `intervention` (name,max_repeat,function,arguments,delivery_delay,transition_in,transition_out) VALUES ('3_bar_2_intervention',NULL,'highlightVisOnly','{"type": "reference", "id": 8, "bold": true, "bold_thickness": 1, "desat": true, "color": "green", "arrow": false}',0,500,500);
INSERT INTO `intervention` (name,max_repeat,function,arguments,delivery_delay,transition_in,transition_out) VALUES ('3_bar_3_intervention',NULL,'highlightVisOnly','{"type": "reference", "id": 15, "bold": true, "bold_thickness": 1, "desat": true, "color": "green", "arrow": false}',0,500,500);
INSERT INTO `intervention` (name,max_repeat,function,arguments,delivery_delay,transition_in,transition_out) VALUES ('3_bar_4_intervention',NULL,'highlightVisOnly','{"type": "reference", "id": 18, "bold": true, "bold_thickness": 1, "desat": true, "color": "green", "arrow": false}',0,500,500);
INSERT INTO `intervention` (name,max_repeat,function,arguments,delivery_delay,transition_in,transition_out) VALUES ('3_bar_5_intervention',NULL,'highlightVisOnly','{"type": "reference", "id": 20, "bold": true, "bold_thickness": 1, "desat": true, "color": "green", "arrow": false}',0,500,500);
INSERT INTO `intervention` (name,max_repeat,function,arguments,delivery_delay,transition_in,transition_out) VALUES ('3_bar_6_intervention',NULL,'highlightVisOnly','{"type": "reference", "id": 22, "bold": true, "bold_thickness": 1, "desat": true, "color": "green", "arrow": false}',0,500,500);
INSERT INTO `intervention` (name,max_repeat,function,arguments,delivery_delay,transition_in,transition_out) VALUES ('3_bar_7_intervention',NULL,'highlightVisOnly','{"type": "reference", "id": 24, "bold": true, "bold_thickness": 1, "desat": true, "color": "green", "arrow": false}',0,500,500);
INSERT INTO `intervention` (name,max_repeat,function,arguments,delivery_delay,transition_in,transition_out) VALUES ('3_bar_8_intervention',NULL,'highlightVisOnly','{"type": "reference", "id": 26, "bold": true, "bold_thickness": 1, "desat": true, "color": "green", "arrow": false}',0,500,500);
INSERT INTO `intervention` (name,max_repeat,function,arguments,delivery_delay,transition_in,transition_out) VALUES ('3_bar_9_intervention',NULL,'highlightVisOnly','{"type": "reference", "id": 28, "bold": true, "bold_thickness": 1, "desat": true, "color": "green", "arrow": false}',0,500,500);
INSERT INTO `intervention` (name,max_repeat,function,arguments,delivery_delay,transition_in,transition_out) VALUES ('3_bar_10_intervention',NULL,'highlightVisOnly','{"type": "reference", "id": 13, "bold": true, "bold_thickness": 1, "desat": true, "color": "green", "arrow": false}',0,500,500);
INSERT INTO `intervention` (name,max_repeat,function,arguments,delivery_delay,transition_in,transition_out) VALUES ('3_bar_11_intervention',NULL,'highlightVisOnly','{"type": "reference", "id": 10, "bold": true, "bold_thickness": 1, "desat": true, "color": "green", "arrow": false}',0,500,500);
COMMIT;
